Type,Month,Year,Area,Sales,Dollar Volume,Average Price,Median Price,New Listings,SNLR Trend,Active Listings,Mos Inv (Trend),Avg. SP/LP,Avg. LDOM,Avg. PDOM
All Home Types,1,2025,All TRREB Areas,"3,847","$4,004,704,491 ","$1,040,994 ","$910,000 ","12,392",39.50%,"17,157",3.5,99%,37,55
All Home Types,1,2025,Halton Region,440,"$510,950,143 ","$1,161,250 ","$1,050,000 ","1,368",41.80%,"1,754",3.2,97%,38,54
All Home Types,1,2025,Burlington,139,"$154,068,900 ","$1,108,409 ","$990,000 ",359,48.50%,474,2.8,97%,43,61
All Home Types,1,2025,Halton Hills,47,"$49,752,100 ","$1,058,555 ","$1,000,000 ",81,47.30%,102,2.7,98%,43,54
All Home Types,1,2025,Milton,116,"$120,479,859 ","$1,038,619 ","$964,250 ",322,42.50%,374,2.7,97%,33,44
All Home Types,1,2025,Oakville,138,"$186,649,284 ","$1,352,531 ","$1,244,250 ",606,35.50%,804,4,97%,35,55
All Home Types,1,2025,Peel Region,749,"$774,555,887 ","$1,034,120 ","$930,000 ","2,409",37.40%,"3,212",3.6,98%,37,54
All Home Types,1,2025,Brampton,355,"$349,788,990 ","$985,321 ","$926,000 ","1,138",36.00%,"1,393",3.5,99%,31,48
All Home Types,1,2025,Caledon,48,"$62,496,180 ","$1,302,004 ","$1,097,500 ",181,34.30%,285,4.8,94%,47,61
All Home Types,1,2025,Mississauga,346,"$362,270,717 ","$1,047,025 ","$912,850 ","1,090",39.40%,"1,534",3.5,97%,41,59
All Home Types,1,2025,City of Toronto,"1,386","$1,366,114,537 ","$985,653 ","$800,000 ","4,737",38.00%,"6,920",3.9,99%,39,57
All Home Types,1,2025,Toronto West,378,"$356,187,822 ","$942,296 ","$852,500 ","1,087",41.70%,"1,618",3.4,99%,40,54
All Home Types,1,2025,Toronto Central,645,"$672,437,508 ","$1,042,539 ","$725,000 ","2,725",33.20%,"4,143",5,98%,41,63
All Home Types,1,2025,Toronto East,363,"$337,489,207 ","$929,722 ","$895,000 ",925,45.80%,"1,159",2.6,102%,35,50
All Home Types,1,2025,York Region,620,"$754,033,682 ","$1,216,183 ","$1,150,000 ","2,168",39.40%,"3,094",3.6,99%,37,54
All Home Types,1,2025,Aurora,26,"$39,030,500 ","$1,501,173 ","$1,235,000 ",95,42.40%,146,3,99%,29,36
All Home Types,1,2025,East Gwillimbury,23,"$31,116,210 ","$1,352,879 ","$1,290,000 ",98,38.10%,129,3.7,97%,40,68
All Home Types,1,2025,Georgina,42,"$39,454,008 ","$939,381 ","$818,554 ",151,35.70%,223,4.5,98%,43,63
All Home Types,1,2025,King,10,"$18,631,500 ","$1,863,150 ","$2,105,000 ",55,29.40%,132,7.1,94%,59,102
All Home Types,1,2025,Markham,173,"$211,033,065 ","$1,219,844 ","$1,200,000 ",512,43.00%,666,3.1,100%,34,51
All Home Types,1,2025,Newmarket,35,"$37,093,500 ","$1,059,814 ","$1,032,500 ",143,44.60%,195,2.8,100%,33,47
All Home Types,1,2025,Richmond Hill,114,"$150,482,088 ","$1,320,018 ","$1,282,500 ",435,36.00%,614,4.2,100%,38,51
All Home Types,1,2025,Vaughan,161,"$178,770,858 ","$1,110,378 ","$1,075,000 ",591,38.60%,825,3.7,98%,38,54
All Home Types,1,2025,Stouffville,36,"$48,421,953 ","$1,345,054 ","$1,118,500 ",88,41.00%,164,3.9,96%,45,65
All Home Types,1,2025,Durham Region,489,"$438,442,855 ","$896,611 ","$835,000 ","1,213",46.70%,"1,419",2.3,100%,30,45
All Home Types,1,2025,Ajax,68,"$62,222,399 ","$915,035 ","$859,500 ",155,48.60%,164,2.1,101%,28,35
All Home Types,1,2025,Brock,9,"$5,854,000 ","$650,444 ","$659,000 ",24,38.90%,41,5,99%,25,38
All Home Types,1,2025,Clarington,62,"$52,871,426 ","$852,765 ","$820,000 ",186,49.80%,216,2.1,100%,27,44
All Home Types,1,2025,Oshawa,158,"$123,219,200 ","$779,868 ","$760,000 ",364,45.80%,406,2.3,101%,27,42
All Home Types,1,2025,Pickering,80,"$76,026,150 ","$950,327 ","$885,000 ",198,44.10%,234,2.6,100%,29,47
All Home Types,1,2025,Scugog,13,"$12,947,000 ","$995,923 ","$800,000 ",43,45.80%,59,3.1,98%,58,77
All Home Types,1,2025,Uxbridge,11,"$15,017,900 ","$1,365,264 ","$1,355,000 ",42,42.40%,64,3.9,94%,40,56
All Home Types,1,2025,Whitby,88,"$90,284,780 ","$1,025,963 ","$940,000 ",201,48.10%,235,2,100%,33,53
All Home Types,1,2025,Dufferin County,36,"$32,751,800 ","$909,772 ","$842,650 ",65,45.60%,86,3,97%,44,66
All Home Types,1,2025,Orangeville,36,"$32,751,800 ","$909,772 ","$842,650 ",65,45.60%,86,3,97%,44,66
All Home Types,1,2025,Simcoe County,127,"$127,855,588 ","$1,006,737 ","$890,000 ",432,35.40%,672,4.5,97%,45,71
All Home Types,1,2025,Adjala-Tosorontio,10,"$12,347,500 ","$1,234,750 ","$1,320,000 ",28,30.00%,61,6.4,98%,59,76
All Home Types,1,2025,Bradford,23,"$31,772,778 ","$1,381,425 ","$1,120,000 ",77,39.00%,96,3.5,96%,34,64
All Home Types,1,2025,Essa,14,"$10,610,500 ","$757,893 ","$735,750 ",48,37.20%,71,4,97%,38,66
All Home Types,1,2025,Innisfil,38,"$34,517,485 ","$908,355 ","$846,500 ",176,29.70%,293,5.7,97%,52,86
All Home Types,1,2025,New Tecumseth,42,"$38,607,325 ","$919,222 ","$852,500 ",103,42.60%,151,3.7,98%,43,61
All Home Types,1,2025,All TRREB Areas,"3,847","$4,004,704,491 ","$1,040,994 ","$910,000 ","12,392",39.50%,"17,157",3.5,99%,37,55
All Home Types,1,2025,City of Toronto,"1,386","$1,366,114,537 ","$985,653 ","$800,000 ","4,737",38.00%,"6,920",3.9,99%,39,57
All Home Types,1,2025,Toronto West,378,"$356,187,822 ","$942,296 ","$852,500 ","1,087",41.70%,"1,618",3.4,99%,40,54
All Home Types,1,2025,Toronto W01,28,"$33,412,000 ","$1,193,286 ","$1,011,000 ",76,40.60%,107,3.3,100%,30,47
All Home Types,1,2025,Toronto W02,34,"$41,067,225 ","$1,207,860 ","$1,050,000 ",90,48.50%,123,2.2,104%,30,40
All Home Types,1,2025,Toronto W03,24,"$22,885,022 ","$953,543 ","$969,500 ",65,47.10%,99,2.7,101%,33,39
All Home Types,1,2025,Toronto W04,42,"$37,301,234 ","$888,125 ","$897,000 ",133,38.80%,194,4,99%,43,59
All Home Types,1,2025,Toronto W05,55,"$44,296,000 ","$805,382 ","$815,000 ",134,40.70%,230,4,97%,53,65
All Home Types,1,2025,Toronto W06,62,"$53,096,999 ","$856,403 ","$787,500 ",191,36.70%,284,4.1,98%,42,62
All Home Types,1,2025,Toronto W07,10,"$9,959,990 ","$995,999 ","$822,500 ",35,38.90%,64,3.4,97%,44,50
All Home Types,1,2025,Toronto W08,74,"$70,799,502 ","$956,750 ","$697,500 ",241,42.30%,334,3.3,98%,38,50
All Home Types,1,2025,Toronto W09,23,"$23,588,850 ","$1,025,602 ","$1,010,000 ",41,49.40%,67,2.8,99%,42,56
All Home Types,1,2025,Toronto W10,26,"$19,781,000 ","$760,808 ","$718,750 ",81,42.20%,116,3.2,98%,30,49
All Home Types,1,2025,Toronto Central,645,"$672,437,508 ","$1,042,539 ","$725,000 ","2,725",33.20%,"4,143",5,98%,41,63
All Home Types,1,2025,Toronto C01,190,"$162,601,406 ","$855,797 ","$680,000 ",845,30.80%,"1,282",5.6,98%,42,64
All Home Types,1,2025,Toronto C02,37,"$62,568,327 ","$1,691,036 ","$1,318,889 ",163,32.30%,252,5.3,99%,43,63
All Home Types,1,2025,Toronto C03,30,"$46,360,629 ","$1,545,354 ","$1,215,000 ",95,40.80%,124,3.6,100%,29,54
All Home Types,1,2025,Toronto C04,25,"$42,021,026 ","$1,680,841 ","$1,680,000 ",96,43.00%,137,3.3,98%,40,59
All Home Types,1,2025,Toronto C06,26,"$28,004,000 ","$1,077,077 ","$660,500 ",56,34.80%,84,4.5,100%,33,54
All Home Types,1,2025,Toronto C07,40,"$42,501,388 ","$1,062,535 ","$747,500 ",155,36.20%,237,4.4,97%,45,74
All Home Types,1,2025,Toronto C08,79,"$57,355,504 ","$726,019 ","$651,000 ",509,26.90%,778,6.5,98%,44,74
All Home Types,1,2025,Toronto C09,13,"$36,161,500 ","$2,781,654 ","$1,630,000 ",41,42.00%,61,3.5,100%,27,45
All Home Types,1,2025,Toronto C10,33,"$28,341,275 ","$858,827 ","$640,000 ",105,37.60%,151,3.9,98%,42,66
All Home Types,1,2025,Toronto C11,12,"$11,994,500 ","$999,542 ","$551,000 ",66,41.70%,92,3.4,98%,47,60
All Home Types,1,2025,Toronto C12,9,"$20,462,800 ","$2,273,644 ","$2,457,000 ",64,26.70%,127,8.4,90%,60,79
All Home Types,1,2025,Toronto C13,27,"$33,652,500 ","$1,246,389 ","$1,078,000 ",104,37.20%,172,4.1,99%,32,45
All Home Types,1,2025,Toronto C14,59,"$49,026,903 ","$830,964 ","$676,000 ",194,34.30%,312,4.9,98%,42,61
All Home Types,1,2025,Toronto C15,65,"$51,385,750 ","$790,550 ","$648,000 ",232,36.60%,334,4.1,98%,40,61
All Home Types,1,2025,Toronto East,363,"$337,489,207 ","$929,722 ","$895,000 ",925,45.80%,"1,159",2.6,102%,35,50
All Home Types,1,2025,Toronto E01,32,"$35,693,287 ","$1,115,415 ","$1,088,750 ",102,46.90%,102,2,105%,18,29
All Home Types,1,2025,Toronto E02,22,"$30,094,279 ","$1,367,922 ","$1,162,645 ",64,50.90%,61,1.9,105%,29,49
All Home Types,1,2025,Toronto E03,42,"$48,051,800 ","$1,144,090 ","$1,142,000 ",83,52.80%,83,1.8,104%,27,40
All Home Types,1,2025,Toronto E04,42,"$33,322,750 ","$793,399 ","$885,000 ",101,45.20%,140,2.6,100%,32,49
All Home Types,1,2025,Toronto E05,38,"$32,730,076 ","$861,318 ","$677,500 ",93,47.30%,139,2.8,103%,38,50
All Home Types,1,2025,Toronto E06,15,"$14,071,000 ","$938,067 ","$850,000 ",62,41.50%,73,3,106%,23,37
All Home Types,1,2025,Toronto E07,33,"$26,321,400 ","$797,618 ","$629,000 ",86,45.40%,112,3,99%,39,61
All Home Types,1,2025,Toronto E08,30,"$29,852,225 ","$995,074 ","$915,000 ",74,40.60%,112,3.4,95%,50,65
All Home Types,1,2025,Toronto E09,46,"$35,043,890 ","$761,824 ","$715,000 ",122,41.70%,147,3,102%,43,59
All Home Types,1,2025,Toronto E10,21,"$20,170,000 ","$960,476 ","$975,000 ",73,46.40%,86,2.6,104%,23,30
All Home Types,1,2025,Toronto E11,42,"$32,138,500 ","$765,202 ","$740,000 ",65,43.40%,104,3,99%,46,66
All Home Types,2,2025,All TRREB Areas,"4,037","$4,378,315,545 ","$1,084,547 ","$923,000 ","12,066",38.40%,"19,536",3.8,99%,28,43
All Home Types,2,2025,Halton Region,397,"$473,040,919 ","$1,191,539 ","$1,030,000 ","1,272",40.20%,"2,060",3.4,98%,24,37
All Home Types,2,2025,Burlington,122,"$126,611,305 ","$1,037,798 ","$970,000 ",341,46.90%,559,3,98%,24,37
All Home Types,2,2025,Halton Hills,35,"$36,644,400 ","$1,046,983 ","$935,000 ",102,45.60%,119,2.8,98%,15,30
All Home Types,2,2025,Milton,97,"$94,666,070 ","$975,939 ","$930,000 ",291,40.90%,434,3,100%,23,33
All Home Types,2,2025,Oakville,143,"$215,119,144 ","$1,504,330 ","$1,260,000 ",535,34.30%,945,4.3,97%,27,41
All Home Types,2,2025,Peel Region,649,"$672,223,536 ","$1,035,784 ","$917,000 ","2,209",36.10%,"3,610",3.9,98%,28,45
All Home Types,2,2025,Brampton,266,"$258,601,192 ","$972,185 ","$901,000 ",987,34.40%,"1,598",3.8,98%,28,47
All Home Types,2,2025,Caledon,50,"$67,318,651 ","$1,346,373 ","$1,131,515 ",173,33.20%,317,5.1,95%,27,40
All Home Types,2,2025,Mississauga,333,"$346,303,693 ","$1,039,951 ","$895,000 ","1,049",38.20%,"1,695",3.8,98%,28,44
All Home Types,2,2025,City of Toronto,"1,540","$1,674,098,816 ","$1,087,077 ","$842,500 ","4,641",37.10%,"7,809",4.1,100%,30,45
All Home Types,2,2025,Toronto West,406,"$406,620,177 ","$1,001,528 ","$843,950 ","1,113",40.70%,"1,803",3.6,101%,33,48
All Home Types,2,2025,Toronto Central,775,"$895,489,078 ","$1,155,470 ","$760,000 ","2,574",32.60%,"4,668",5.2,98%,32,49
All Home Types,2,2025,Toronto East,359,"$371,989,561 ","$1,036,183 ","$999,000 ",954,44.50%,"1,338",2.8,104%,22,34
All Home Types,2,2025,York Region,737,"$917,628,721 ","$1,245,086 ","$1,183,000 ","2,274",38.20%,"3,647",3.9,100%,28,42
All Home Types,2,2025,Aurora,31,"$35,582,019 ","$1,147,807 ","$1,070,000 ",110,40.60%,186,3.3,101%,26,39
All Home Types,2,2025,East Gwillimbury,43,"$54,922,987 ","$1,277,279 ","$1,188,000 ",103,38.40%,139,3.7,98%,24,36
All Home Types,2,2025,Georgina,54,"$42,639,730 ","$789,625 ","$720,000 ",125,35.30%,216,4.6,97%,34,49
All Home Types,2,2025,King,18,"$49,362,000 ","$2,742,333 ","$1,817,500 ",58,29.10%,139,7.4,92%,61,80
All Home Types,2,2025,Markham,175,"$211,996,529 ","$1,211,409 ","$1,215,000 ",551,41.40%,827,3.3,102%,27,39
All Home Types,2,2025,Newmarket,63,"$74,681,884 ","$1,185,427 ","$1,154,500 ",146,43.80%,218,3,100%,28,40
All Home Types,2,2025,Richmond Hill,126,"$167,526,303 ","$1,329,574 ","$1,210,600 ",437,34.70%,742,4.5,100%,31,48
All Home Types,2,2025,Vaughan,201,"$246,630,279 ","$1,227,016 ","$1,241,000 ",649,37.30%,992,3.9,100%,25,40
All Home Types,2,2025,Stouffville,26,"$34,286,990 ","$1,318,730 ","$1,176,500 ",95,39.40%,188,4.2,100%,22,33
All Home Types,2,2025,Durham Region,555,"$498,256,502 ","$897,759 ","$850,000 ","1,229",45.70%,"1,580",2.5,101%,22,34
All Home Types,2,2025,Ajax,71,"$69,316,288 ","$976,286 ","$945,000 ",155,47.80%,191,2.2,102%,20,36
All Home Types,2,2025,Brock,8,"$6,302,888 ","$787,861 ","$720,000 ",19,37.60%,39,5.2,95%,45,50
All Home Types,2,2025,Clarington,96,"$86,385,136 ","$899,845 ","$845,000 ",217,47.90%,247,2.2,102%,19,33
All Home Types,2,2025,Oshawa,167,"$128,579,652 ","$769,938 ","$753,000 ",336,45.20%,438,2.4,102%,24,37
All Home Types,2,2025,Pickering,86,"$81,082,100 ","$942,815 ","$892,500 ",224,42.80%,272,2.8,101%,23,33
All Home Types,2,2025,Scugog,13,"$12,487,000 ","$960,538 ","$821,000 ",36,45.00%,62,3.2,96%,31,52
All Home Types,2,2025,Uxbridge,11,"$12,356,500 ","$1,123,318 ","$1,144,000 ",35,41.60%,72,4.1,99%,21,21
All Home Types,2,2025,Whitby,103,"$101,746,938 ","$987,834 ","$925,000 ",207,47.40%,259,2.2,101%,19,29
All Home Types,2,2025,Dufferin County,18,"$14,764,999 ","$820,278 ","$836,500 ",44,44.60%,92,3.2,99%,23,37
All Home Types,2,2025,Orangeville,18,"$14,764,999 ","$820,278 ","$836,500 ",44,44.60%,92,3.2,99%,23,37
All Home Types,2,2025,Simcoe County,141,"$128,302,052 ","$909,944 ","$860,000 ",397,34.90%,738,4.8,98%,33,51
All Home Types,2,2025,Adjala-Tosorontio,6,"$9,030,000 ","$1,505,000 ","$1,547,500 ",26,28.90%,69,6.9,95%,66,107
All Home Types,2,2025,Bradford,29,"$29,757,176 ","$1,026,110 ","$980,000 ",79,38.00%,115,3.7,99%,27,41
All Home Types,2,2025,Essa,15,"$11,249,900 ","$749,993 ","$750,000 ",37,37.30%,76,4.3,98%,45,50
All Home Types,2,2025,Innisfil,47,"$39,178,800 ","$833,591 ","$849,900 ",157,29.50%,309,5.9,98%,31,53
All Home Types,2,2025,New Tecumseth,44,"$39,086,176 ","$888,322 ","$857,500 ",98,42.30%,169,3.9,100%,30,48
All Home Types,2,2025,All TRREB Areas,"4,037","$4,378,315,545 ","$1,084,547 ","$923,000 ","12,066",38.40%,"19,536",3.8,99%,28,43
All Home Types,2,2025,City of Toronto,"1,540","$1,674,098,816 ","$1,087,077 ","$842,500 ","4,641",37.10%,"7,809",4.1,100%,30,45
All Home Types,2,2025,Toronto West,406,"$406,620,177 ","$1,001,528 ","$843,950 ","1,113",40.70%,"1,803",3.6,101%,33,48
All Home Types,2,2025,Toronto W01,31,"$34,287,777 ","$1,106,057 ","$760,000 ",82,40.20%,120,3.4,103%,31,45
All Home Types,2,2025,Toronto W02,55,"$66,867,850 ","$1,215,779 ","$1,140,000 ",110,49.00%,137,2.3,106%,15,18
All Home Types,2,2025,Toronto W03,31,"$32,630,500 ","$1,052,597 ","$1,040,000 ",75,45.00%,108,2.9,104%,28,35
All Home Types,2,2025,Toronto W04,46,"$39,076,697 ","$849,493 ","$831,250 ",116,38.00%,204,4.2,98%,35,57
All Home Types,2,2025,Toronto W05,55,"$42,994,750 ","$781,723 ","$783,000 ",138,40.10%,255,4.2,99%,52,72
All Home Types,2,2025,Toronto W06,53,"$48,467,911 ","$914,489 ","$790,000 ",188,35.60%,322,4.4,100%,34,61
All Home Types,2,2025,Toronto W07,14,"$23,406,000 ","$1,671,857 ","$1,675,000 ",44,37.50%,75,3.8,99%,14,25
All Home Types,2,2025,Toronto W08,70,"$80,182,390 ","$1,145,463 ","$672,500 ",239,40.90%,377,3.5,97%,33,45
All Home Types,2,2025,Toronto W09,18,"$15,233,002 ","$846,278 ","$860,001 ",43,48.50%,76,2.9,103%,44,61
All Home Types,2,2025,Toronto W10,33,"$23,473,300 ","$711,312 ","$619,000 ",78,40.10%,129,3.5,98%,35,50
All Home Types,2,2025,Toronto Central,775,"$895,489,078 ","$1,155,470 ","$760,000 ","2,574",32.60%,"4,668",5.2,98%,32,49
All Home Types,2,2025,Toronto C01,198,"$178,339,429 ","$900,704 ","$710,709 ",736,30.00%,"1,433",5.9,98%,33,53
All Home Types,2,2025,Toronto C02,62,"$105,662,382 ","$1,704,232 ","$1,299,000 ",152,33.00%,263,5.3,100%,34,54
All Home Types,2,2025,Toronto C03,45,"$59,950,361 ","$1,332,230 ","$1,150,000 ",90,41.80%,131,3.5,104%,14,28
All Home Types,2,2025,Toronto C04,25,"$36,027,738 ","$1,441,110 ","$1,480,000 ",115,40.80%,186,3.6,98%,33,37
All Home Types,2,2025,Toronto C06,26,"$22,238,387 ","$855,323 ","$606,000 ",64,34.80%,90,4.6,98%,42,62
All Home Types,2,2025,Toronto C07,42,"$44,524,000 ","$1,060,095 ","$796,450 ",156,35.70%,285,4.6,100%,27,36
All Home Types,2,2025,Toronto C08,122,"$89,167,638 ","$730,882 ","$621,000 ",461,26.40%,854,6.7,97%,36,57
All Home Types,2,2025,Toronto C09,13,"$32,904,000 ","$2,531,077 ","$1,471,000 ",31,43.70%,70,3.5,99%,28,41
All Home Types,2,2025,Toronto C10,38,"$36,123,737 ","$950,625 ","$686,400 ",112,37.10%,185,4,102%,24,38
All Home Types,2,2025,Toronto C11,26,"$27,351,500 ","$1,051,981 ","$617,500 ",61,40.80%,100,3.5,98%,24,46
All Home Types,2,2025,Toronto C12,20,"$108,540,167 ","$5,427,008 ","$2,445,000 ",61,27.10%,145,8.5,91%,24,36
All Home Types,2,2025,Toronto C13,37,"$41,662,000 ","$1,126,000 ","$833,000 ",126,36.50%,200,4.3,99%,33,50
All Home Types,2,2025,Toronto C14,58,"$51,158,339 ","$882,040 ","$695,000 ",193,33.50%,347,5.1,97%,36,57
All Home Types,2,2025,Toronto C15,63,"$61,839,400 ","$981,578 ","$760,000 ",216,35.20%,379,4.4,100%,33,52
All Home Types,2,2025,Toronto East,359,"$371,989,561 ","$1,036,183 ","$999,000 ",954,44.50%,"1,338",2.8,104%,22,34
All Home Types,2,2025,Toronto E01,49,"$60,252,033 ","$1,229,633 ","$1,205,000 ",110,46.80%,118,2.1,109%,13,22
All Home Types,2,2025,Toronto E02,36,"$45,771,531 ","$1,271,431 ","$1,365,000 ",64,50.90%,65,1.9,106%,21,29
All Home Types,2,2025,Toronto E03,37,"$42,809,537 ","$1,157,015 ","$1,190,000 ",88,51.70%,106,1.9,106%,25,32
All Home Types,2,2025,Toronto E04,34,"$29,510,599 ","$867,959 ","$895,500 ",104,43.30%,161,2.9,101%,20,31
All Home Types,2,2025,Toronto E05,36,"$36,248,416 ","$1,006,900 ","$1,030,500 ",76,46.50%,136,3,107%,21,27
All Home Types,2,2025,Toronto E06,18,"$18,275,877 ","$1,015,327 ","$923,000 ",58,39.50%,84,3.2,101%,23,48
All Home Types,2,2025,Toronto E07,35,"$32,520,788 ","$929,165 ","$930,000 ",81,44.10%,123,3.1,104%,23,36
All Home Types,2,2025,Toronto E08,25,"$25,687,188 ","$1,027,488 ","$897,900 ",80,39.00%,127,3.7,98%,26,48
All Home Types,2,2025,Toronto E09,40,"$32,295,876 ","$807,397 ","$867,500 ",133,39.80%,182,3.2,103%,20,40
All Home Types,2,2025,Toronto E10,30,"$30,555,716 ","$1,018,524 ","$982,500 ",66,44.60%,90,2.8,102%,30,32
All Home Types,2,2025,Toronto E11,19,"$18,062,000 ","$950,632 ","$940,000 ",94,41.20%,146,3.3,102%,36,44
All Home Types,3,2025,All TRREB Areas,"5,011","$5,478,296,042 ","$1,093,254 ","$945,000 ","17,263",36.60%,"23,462",3.9,100%,24,36
All Home Types,3,2025,Halton Region,546,"$662,856,891 ","$1,214,024 ","$1,079,000 ","1,893",37.90%,"2,532",3.7,98%,28,34
All Home Types,3,2025,Burlington,208,"$244,852,581 ","$1,177,176 ","$1,045,000 ",514,44.70%,678,3.1,98%,27,35
All Home Types,3,2025,Halton Hills,40,"$37,895,445 ","$947,386 ","$920,000 ",143,43.80%,180,3,98%,29,37
All Home Types,3,2025,Milton,112,"$110,842,133 ","$989,662 ","$955,352 ",396,38.80%,472,3.1,100%,25,29
All Home Types,3,2025,Oakville,179,"$260,504,981 ","$1,455,335 ","$1,300,000 ",815,31.70%,"1,174",4.6,97%,30,35
All Home Types,3,2025,Peel Region,834,"$861,748,987 ","$1,033,272 ","$931,250 ","3,086",34.30%,"4,305",4.1,98%,24,40
All Home Types,3,2025,Brampton,310,"$295,784,571 ","$954,144 ","$895,500 ","1,364",32.40%,"1,898",4.1,99%,24,37
All Home Types,3,2025,Caledon,67,"$87,876,300 ","$1,311,587 ","$1,205,000 ",237,32.60%,367,5.3,96%,25,46
All Home Types,3,2025,Mississauga,457,"$478,088,116 ","$1,046,145 ","$930,000 ","1,485",36.40%,"2,040",3.9,98%,24,41
All Home Types,3,2025,City of Toronto,"1,908","$2,119,643,432 ","$1,110,924 ","$895,000 ","6,421",35.60%,"9,122",4.3,100%,26,39
All Home Types,3,2025,Toronto West,541,"$591,393,725 ","$1,093,149 ","$952,500 ","1,599",39.30%,"2,164",3.7,101%,25,36
All Home Types,3,2025,Toronto Central,900,"$1,052,584,654 ","$1,169,539 ","$800,500 ","3,456",31.30%,"5,336",5.3,98%,29,45
All Home Types,3,2025,Toronto East,467,"$475,665,053 ","$1,018,555 ","$962,000 ","1,366",42.60%,"1,622",2.9,103%,21,32
All Home Types,3,2025,York Region,859,"$1,048,086,792 ","$1,220,124 ","$1,165,000 ","3,201",36.00%,"4,467",4.1,100%,23,35
All Home Types,3,2025,Aurora,40,"$52,453,436 ","$1,311,336 ","$1,124,500 ",212,36.60%,250,3.7,101%,23,31
All Home Types,3,2025,East Gwillimbury,32,"$38,088,600 ","$1,190,269 ","$1,170,000 ",129,36.10%,178,4,101%,19,32
All Home Types,3,2025,Georgina,53,"$44,277,588 ","$835,426 ","$800,000 ",169,34.30%,245,4.8,100%,28,46
All Home Types,3,2025,King,17,"$34,826,000 ","$2,048,588 ","$1,440,000 ",89,26.90%,168,8,95%,41,60
All Home Types,3,2025,Markham,220,"$267,023,593 ","$1,213,744 ","$1,205,000 ",719,39.10%,992,3.5,102%,21,29
All Home Types,3,2025,Newmarket,58,"$62,850,400 ","$1,083,628 ","$1,032,900 ",221,40.30%,277,3.3,99%,17,29
All Home Types,3,2025,Richmond Hill,146,"$177,326,774 ","$1,214,567 ","$1,187,000 ",617,32.80%,927,4.7,101%,22,33
All Home Types,3,2025,Vaughan,252,"$317,391,403 ","$1,259,490 ","$1,206,000 ",920,35.60%,"1,224",4.1,98%,24,37
All Home Types,3,2025,Stouffville,41,"$53,848,998 ","$1,313,390 ","$1,125,000 ",125,37.50%,206,4.6,98%,36,57
All Home Types,3,2025,Durham Region,671,"$611,546,880 ","$911,396 ","$850,000 ","1,937",43.70%,"2,017",2.6,101%,17,25
All Home Types,3,2025,Ajax,99,"$90,687,628 ","$916,037 ","$867,000 ",258,46.00%,248,2.2,103%,15,21
All Home Types,3,2025,Brock,7,"$6,287,500 ","$898,214 ","$701,000 ",34,36.10%,52,5.4,98%,18,24
All Home Types,3,2025,Clarington,122,"$109,035,176 ","$893,731 ","$830,000 ",290,46.40%,283,2.4,101%,17,29
All Home Types,3,2025,Oshawa,184,"$141,633,686 ","$769,748 ","$738,000 ",534,42.80%,551,2.6,102%,18,24
All Home Types,3,2025,Pickering,108,"$104,216,881 ","$964,971 ","$885,000 ",341,41.10%,356,2.9,101%,17,25
All Home Types,3,2025,Scugog,13,"$16,730,000 ","$1,286,923 ","$1,138,500 ",48,43.90%,76,3.4,97%,25,33
All Home Types,3,2025,Uxbridge,26,"$29,972,000 ","$1,152,769 ","$973,500 ",63,40.60%,82,4.2,98%,20,22
All Home Types,3,2025,Whitby,112,"$112,984,009 ","$1,008,786 ","$939,000 ",369,44.60%,369,2.3,101%,16,23
All Home Types,3,2025,Dufferin County,33,"$25,338,500 ","$767,833 ","$736,000 ",70,44.80%,102,3.3,98%,38,52
All Home Types,3,2025,Orangeville,33,"$25,338,500 ","$767,833 ","$736,000 ",70,44.80%,102,3.3,98%,38,52
All Home Types,3,2025,Simcoe County,160,"$149,074,560 ","$931,716 ","$870,000 ",655,33.20%,917,5,98%,30,42
All Home Types,3,2025,Adjala-Tosorontio,5,"$5,249,500 ","$1,049,900 ","$1,149,500 ",40,28.20%,78,7.3,96%,29,40
All Home Types,3,2025,Bradford,46,"$48,412,900 ","$1,052,454 ","$1,032,500 ",146,36.80%,148,3.8,99%,20,32
All Home Types,3,2025,Essa,21,"$19,558,960 ","$931,379 ","$760,000 ",85,34.70%,117,4.6,98%,39,50
All Home Types,3,2025,Innisfil,43,"$39,524,200 ","$919,167 ","$850,000 ",233,27.90%,362,6.3,98%,30,45
All Home Types,3,2025,New Tecumseth,45,"$36,329,000 ","$807,311 ","$760,000 ",151,39.70%,212,4.1,99%,35,45
All Home Types,3,2025,All TRREB Areas,"5,011","$5,478,296,042 ","$1,093,254 ","$945,000 ","17,263",36.60%,"23,462",3.9,100%,24,36
All Home Types,3,2025,City of Toronto,"1,908","$2,119,643,432 ","$1,110,924 ","$895,000 ","6,421",35.60%,"9,122",4.3,100%,26,39
All Home Types,3,2025,Toronto West,541,"$591,393,725 ","$1,093,149 ","$952,500 ","1,599",39.30%,"2,164",3.7,101%,25,36
All Home Types,3,2025,Toronto W01,45,"$57,873,113 ","$1,286,069 ","$952,500 ",125,38.10%,144,3.5,102%,17,22
All Home Types,3,2025,Toronto W02,57,"$76,182,983 ","$1,336,544 ","$1,300,000 ",141,47.40%,153,2.3,106%,16,19
All Home Types,3,2025,Toronto W03,42,"$44,582,067 ","$1,061,478 ","$1,000,000 ",115,43.30%,138,3.1,105%,18,24
All Home Types,3,2025,Toronto W04,52,"$46,798,306 ","$899,967 ","$817,500 ",197,36.60%,260,4.3,102%,26,32
All Home Types,3,2025,Toronto W05,55,"$47,023,300 ","$854,969 ","$910,000 ",200,38.30%,315,4.4,99%,24,44
All Home Types,3,2025,Toronto W06,75,"$71,747,500 ","$956,633 ","$800,000 ",250,34.30%,380,4.5,98%,34,49
All Home Types,3,2025,Toronto W07,22,"$33,469,094 ","$1,521,322 ","$1,475,000 ",57,36.70%,84,3.8,101%,29,36
All Home Types,3,2025,Toronto W08,129,"$155,874,263 ","$1,208,328 ","$980,000 ",336,39.90%,446,3.5,99%,27,41
All Home Types,3,2025,Toronto W09,34,"$33,091,599 ","$973,282 ","$1,047,500 ",79,47.20%,94,3,101%,29,41
All Home Types,3,2025,Toronto W10,30,"$24,751,500 ","$825,050 ","$808,000 ",99,37.60%,150,3.8,99%,31,42
All Home Types,3,2025,Toronto Central,900,"$1,052,584,654 ","$1,169,539 ","$800,500 ","3,456",31.30%,"5,336",5.3,98%,29,45
All Home Types,3,2025,Toronto C01,244,"$232,874,900 ","$954,405 ","$747,500 ","1,068",28.70%,"1,668",6,100%,29,45
All Home Types,3,2025,Toronto C02,53,"$96,686,168 ","$1,824,267 ","$1,502,500 ",205,32.60%,297,5.2,98%,30,39
All Home Types,3,2025,Toronto C03,40,"$64,379,919 ","$1,609,498 ","$1,335,000 ",117,41.10%,147,3.5,100%,21,42
All Home Types,3,2025,Toronto C04,64,"$141,333,517 ","$2,208,336 ","$1,952,500 ",145,39.90%,204,3.7,96%,25,36
All Home Types,3,2025,Toronto C06,20,"$20,177,000 ","$1,008,850 ","$685,000 ",76,33.80%,113,4.6,103%,21,26
All Home Types,3,2025,Toronto C07,67,"$68,620,587 ","$1,024,188 ","$730,000 ",169,34.30%,295,4.8,98%,36,53
All Home Types,3,2025,Toronto C08,110,"$78,317,909 ","$711,981 ","$628,500 ",601,25.20%,978,6.9,99%,32,52
All Home Types,3,2025,Toronto C09,14,"$23,014,777 ","$1,643,913 ","$1,172,000 ",44,41.30%,79,3.7,96%,23,34
All Home Types,3,2025,Toronto C10,46,"$47,440,843 ","$1,031,323 ","$742,500 ",151,35.50%,206,4.1,98%,31,45
All Home Types,3,2025,Toronto C11,26,"$38,892,816 ","$1,495,878 ","$720,500 ",69,39.60%,110,3.6,98%,26,37
All Home Types,3,2025,Toronto C12,10,"$24,008,000 ","$2,400,800 ","$2,317,500 ",64,26.30%,165,8.9,93%,41,76
All Home Types,3,2025,Toronto C13,44,"$53,068,500 ","$1,206,102 ","$930,500 ",174,33.50%,247,4.6,98%,27,51
All Home Types,3,2025,Toronto C14,71,"$75,326,454 ","$1,060,936 ","$727,000 ",260,32.00%,380,5.2,98%,29,47
All Home Types,3,2025,Toronto C15,91,"$88,443,264 ","$971,904 ","$762,000 ",313,33.60%,447,4.6,99%,30,42
All Home Types,3,2025,Toronto East,467,"$475,665,053 ","$1,018,555 ","$962,000 ","1,366",42.60%,"1,622",2.9,103%,21,32
All Home Types,3,2025,Toronto E01,58,"$70,030,984 ","$1,207,431 ","$1,152,085 ",132,45.10%,128,2.2,106%,15,31
All Home Types,3,2025,Toronto E02,43,"$69,793,900 ","$1,623,114 ","$1,380,000 ",84,51.70%,79,1.9,103%,12,18
All Home Types,3,2025,Toronto E03,54,"$64,169,900 ","$1,188,331 ","$1,181,000 ",133,49.40%,133,2.1,109%,16,19
All Home Types,3,2025,Toronto E04,39,"$33,336,300 ","$854,777 ","$852,300 ",144,41.30%,190,3.1,101%,23,41
All Home Types,3,2025,Toronto E05,47,"$41,006,393 ","$872,476 ","$700,000 ",146,44.90%,174,3.1,103%,26,41
All Home Types,3,2025,Toronto E06,31,"$33,755,000 ","$1,088,871 ","$950,000 ",76,38.80%,85,3.2,103%,23,31
All Home Types,3,2025,Toronto E07,47,"$36,398,866 ","$774,444 ","$610,000 ",123,42.80%,147,3.2,105%,29,40
All Home Types,3,2025,Toronto E08,32,"$27,272,619 ","$852,269 ","$760,000 ",117,36.40%,161,3.9,99%,22,27
All Home Types,3,2025,Toronto E09,48,"$37,862,134 ","$788,794 ","$818,500 ",178,37.40%,225,3.4,102%,22,31
All Home Types,3,2025,Toronto E10,33,"$37,261,657 ","$1,129,141 ","$1,090,000 ",112,42.20%,131,3,98%,19,28
All Home Types,3,2025,Toronto E11,35,"$24,777,300 ","$707,923 ","$625,000 ",121,38.10%,169,3.6,99%,31,47
All Home Types,4,2025,All TRREB Areas,"5,601","$6,202,900,159 ","$1,107,463 ","$950,000 ","18,836",36.00%,"27,386",4.1,99%,25,33
All Home Types,4,2025,Halton Region,642,"$792,822,893 ","$1,234,927 ","$1,067,500 ","2,073",38.60%,"2,999",3.7,98%,25,30
All Home Types,4,2025,Burlington,210,"$234,110,182 ","$1,114,810 ","$1,001,500 ",577,44.30%,825,3.3,97%,26,32
All Home Types,4,2025,Halton Hills,53,"$57,486,399 ","$1,084,649 ","$960,000 ",178,44.10%,250,3.3,98%,20,27
All Home Types,4,2025,Milton,156,"$163,664,157 ","$1,049,129 ","$1,009,000 ",472,40.40%,578,3.1,100%,22,24
All Home Types,4,2025,Oakville,223,"$337,562,155 ","$1,513,732 ","$1,290,000 ",846,32.70%,"1,346",4.7,97%,27,32
All Home Types,4,2025,Peel Region,969,"$967,262,650 ","$998,207 ","$920,000 ","3,464",33.70%,"5,024",4.3,98%,25,37
All Home Types,4,2025,Brampton,414,"$390,938,865 ","$944,297 ","$895,000 ","1,537",31.80%,"2,210",4.3,99%,26,37
All Home Types,4,2025,Caledon,65,"$89,283,675 ","$1,373,595 ","$1,225,000 ",271,32.00%,423,5.3,95%,26,40
All Home Types,4,2025,Mississauga,490,"$487,040,110 ","$993,959 ","$912,500 ","1,656",35.80%,"2,391",4.1,98%,25,36
All Home Types,4,2025,City of Toronto,"2,129","$2,437,655,505 ","$1,144,977 ","$930,000 ","7,105",35.10%,"10,563",4.4,100%,24,33
All Home Types,4,2025,Toronto West,573,"$655,277,141 ","$1,143,590 ","$988,000 ","1,823",38.60%,"2,533",3.8,100%,23,30
All Home Types,4,2025,Toronto Central,"1,012","$1,203,713,826 ","$1,189,441 ","$800,000 ","3,692",31.00%,"6,064",5.4,98%,27,38
All Home Types,4,2025,Toronto East,544,"$578,664,539 ","$1,063,722 ","$977,500 ","1,590",41.40%,"1,966",3,104%,20,26
All Home Types,4,2025,York Region,894,"$1,123,413,734 ","$1,256,615 ","$1,160,000 ","3,349",35.00%,"5,157",4.3,99%,26,36
All Home Types,4,2025,Aurora,59,"$78,630,000 ","$1,332,712 ","$1,200,000 ",189,36.20%,273,3.8,98%,23,29
All Home Types,4,2025,East Gwillimbury,32,"$35,936,188 ","$1,123,006 ","$1,057,500 ",155,33.40%,212,4.4,101%,23,31
All Home Types,4,2025,Georgina,46,"$37,885,100 ","$823,589 ","$799,500 ",191,33.90%,302,4.9,99%,28,36
All Home Types,4,2025,King,11,"$20,037,000 ","$1,821,545 ","$1,700,000 ",82,26.50%,194,8.3,95%,25,45
All Home Types,4,2025,Markham,238,"$295,112,204 ","$1,239,967 ","$1,200,000 ",779,38.00%,"1,121",3.7,100%,25,35
All Home Types,4,2025,Newmarket,66,"$74,408,388 ","$1,127,400 ","$1,019,000 ",248,39.20%,340,3.5,97%,36,49
All Home Types,4,2025,Richmond Hill,159,"$207,053,990 ","$1,302,226 ","$1,220,000 ",632,32.10%,"1,045",4.9,100%,26,34
All Home Types,4,2025,Vaughan,244,"$323,980,789 ","$1,327,790 ","$1,190,500 ",918,34.30%,"1,419",4.4,98%,25,37
All Home Types,4,2025,Stouffville,39,"$50,370,075 ","$1,291,540 ","$1,162,500 ",155,36.00%,251,4.8,97%,33,48
All Home Types,4,2025,Durham Region,769,"$702,481,131 ","$913,500 ","$855,000 ","2,135",42.70%,"2,445",2.7,101%,19,25
All Home Types,4,2025,Ajax,120,"$113,472,407 ","$945,603 ","$880,000 ",289,45.80%,303,2.3,101%,16,21
All Home Types,4,2025,Brock,15,"$9,978,494 ","$665,233 ","$656,494 ",54,33.70%,71,5.6,98%,28,35
All Home Types,4,2025,Clarington,114,"$97,567,829 ","$855,858 ","$827,500 ",353,43.60%,367,2.5,102%,16,21
All Home Types,4,2025,Oshawa,204,"$162,501,023 ","$796,574 ","$780,500 ",550,42.00%,641,2.7,102%,18,25
All Home Types,4,2025,Pickering,116,"$117,954,700 ","$1,016,851 ","$950,000 ",353,40.40%,442,3,100%,19,24
All Home Types,4,2025,Scugog,27,"$28,646,788 ","$1,060,992 ","$988,000 ",56,44.70%,85,3.4,98%,39,54
All Home Types,4,2025,Uxbridge,25,"$33,026,500 ","$1,321,060 ","$1,205,000 ",77,40.30%,103,4.1,97%,37,48
All Home Types,4,2025,Whitby,148,"$139,333,390 ","$941,442 ","$891,000 ",403,43.90%,433,2.4,102%,18,24
All Home Types,4,2025,Dufferin County,28,"$20,329,042 ","$726,037 ","$752,500 ",84,44.80%,126,3.3,98%,34,39
All Home Types,4,2025,Orangeville,28,"$20,329,042 ","$726,037 ","$752,500 ",84,44.80%,126,3.3,98%,34,39
All Home Types,4,2025,Simcoe County,170,"$158,935,203 ","$934,913 ","$823,650 ",626,32.40%,"1,072",5.2,97%,33,42
All Home Types,4,2025,Adjala-Tosorontio,6,"$5,823,500 ","$970,583 ","$1,013,000 ",33,28.40%,82,7.6,95%,40,60
All Home Types,4,2025,Bradford,26,"$25,414,500 ","$977,481 ","$940,000 ",140,34.40%,202,4.1,97%,21,30
All Home Types,4,2025,Essa,29,"$24,623,598 ","$849,090 ","$750,000 ",75,34.10%,127,4.8,97%,36,42
All Home Types,4,2025,Innisfil,50,"$51,176,673 ","$1,023,533 ","$806,250 ",240,27.30%,422,6.5,95%,39,50
All Home Types,4,2025,New Tecumseth,59,"$51,896,932 ","$879,609 ","$865,000 ",138,39.50%,239,4.3,98%,31,38
All Home Types,4,2025,All TRREB Areas,"5,601","$6,202,900,159 ","$1,107,463 ","$950,000 ","18,836",36.00%,"27,386",4.1,99%,25,33
All Home Types,4,2025,City of Toronto,"2,129","$2,437,655,505 ","$1,144,977 ","$930,000 ","7,105",35.10%,"10,563",4.4,100%,24,33
All Home Types,4,2025,Toronto West,573,"$655,277,141 ","$1,143,590 ","$988,000 ","1,823",38.60%,"2,533",3.8,100%,23,30
All Home Types,4,2025,Toronto W01,38,"$57,371,160 ","$1,509,767 ","$1,430,000 ",128,38.60%,172,3.7,103%,14,19
All Home Types,4,2025,Toronto W02,76,"$106,888,619 ","$1,406,429 ","$1,338,250 ",233,46.00%,211,2.4,103%,17,20
All Home Types,4,2025,Toronto W03,54,"$58,951,974 ","$1,091,703 ","$1,027,500 ",137,43.90%,159,3,103%,19,20
All Home Types,4,2025,Toronto W04,46,"$40,798,487 ","$886,924 ","$860,000 ",174,35.30%,284,4.6,99%,23,31
All Home Types,4,2025,Toronto W05,71,"$64,527,563 ","$908,839 ","$930,500 ",225,38.00%,359,4.4,98%,29,35
All Home Types,4,2025,Toronto W06,73,"$73,445,900 ","$1,006,108 ","$904,900 ",290,33.30%,445,4.7,98%,27,38
All Home Types,4,2025,Toronto W07,19,"$26,946,600 ","$1,418,242 ","$1,353,000 ",66,37.50%,94,3.9,100%,24,33
All Home Types,4,2025,Toronto W08,128,"$166,295,028 ","$1,299,180 ","$1,022,500 ",367,39.00%,518,3.7,99%,25,32
All Home Types,4,2025,Toronto W09,34,"$32,172,700 ","$946,256 ","$950,000 ",91,45.90%,121,3.1,98%,21,28
All Home Types,4,2025,Toronto W10,34,"$27,879,110 ","$819,974 ","$833,000 ",112,37.00%,170,4,98%,32,51
All Home Types,4,2025,Toronto Central,"1,012","$1,203,713,826 ","$1,189,441 ","$800,000 ","3,692",31.00%,"6,064",5.4,98%,27,38
All Home Types,4,2025,Toronto C01,288,"$258,153,444 ","$896,366 ","$714,400 ","1,033",28.60%,"1,801",6.1,99%,30,39
All Home Types,4,2025,Toronto C02,60,"$109,120,880 ","$1,818,681 ","$1,662,500 ",221,32.60%,367,5.2,97%,30,36
All Home Types,4,2025,Toronto C03,54,"$94,141,988 ","$1,743,370 ","$1,395,000 ",160,40.50%,190,3.5,99%,18,27
All Home Types,4,2025,Toronto C04,65,"$152,848,141 ","$2,351,510 ","$2,050,000 ",186,38.40%,255,3.9,98%,18,21
All Home Types,4,2025,Toronto C06,30,"$26,358,162 ","$878,605 ","$653,047 ",83,35.50%,124,4.4,99%,25,40
All Home Types,4,2025,Toronto C07,57,"$53,340,852 ","$935,804 ","$700,000 ",196,33.50%,328,5.1,98%,32,44
All Home Types,4,2025,Toronto C08,129,"$90,089,168 ","$698,366 ","$640,000 ",622,24.90%,"1,105",7.1,98%,29,44
All Home Types,4,2025,Toronto C09,15,"$35,705,196 ","$2,380,346 ","$2,500,000 ",60,42.20%,97,3.8,98%,19,22
All Home Types,4,2025,Toronto C10,55,"$60,253,447 ","$1,095,517 ","$785,000 ",197,35.10%,251,4.2,102%,27,39
All Home Types,4,2025,Toronto C11,32,"$53,551,000 ","$1,673,469 ","$1,557,500 ",116,37.20%,151,3.9,98%,22,28
All Home Types,4,2025,Toronto C12,18,"$45,178,000 ","$2,509,889 ","$1,777,500 ",86,25.20%,185,9.4,94%,31,40
All Home Types,4,2025,Toronto C13,52,"$54,770,359 ","$1,053,276 ","$882,500 ",156,34.00%,274,4.7,95%,31,50
All Home Types,4,2025,Toronto C14,73,"$84,241,200 ","$1,153,989 ","$758,000 ",260,31.10%,429,5.4,97%,29,42
All Home Types,4,2025,Toronto C15,84,"$85,961,988 ","$1,023,357 ","$840,000 ",316,33.40%,507,4.7,100%,24,38
All Home Types,4,2025,Toronto East,544,"$578,664,539 ","$1,063,722 ","$977,500 ","1,590",41.40%,"1,966",3,104%,20,26
All Home Types,4,2025,Toronto E01,61,"$83,191,692 ","$1,363,798 ","$1,348,000 ",165,45.60%,154,2.2,110%,12,13
All Home Types,4,2025,Toronto E02,55,"$85,937,005 ","$1,562,491 ","$1,360,000 ",159,48.90%,135,2,106%,15,17
All Home Types,4,2025,Toronto E03,76,"$90,792,786 ","$1,194,642 ","$1,129,000 ",201,47.60%,187,2.2,107%,15,17
All Home Types,4,2025,Toronto E04,54,"$46,886,000 ","$868,259 ","$869,500 ",178,40.00%,238,3.2,100%,24,37
All Home Types,4,2025,Toronto E05,44,"$38,525,601 ","$875,582 ","$788,000 ",125,42.80%,201,3.3,102%,27,43
All Home Types,4,2025,Toronto E06,31,"$32,638,980 ","$1,052,870 ","$999,000 ",96,37.60%,100,3.2,104%,17,23
All Home Types,4,2025,Toronto E07,47,"$40,832,722 ","$868,781 ","$955,000 ",141,41.90%,193,3.3,103%,24,29
All Home Types,4,2025,Toronto E08,35,"$36,982,990 ","$1,056,657 ","$960,000 ",116,36.60%,177,4,99%,29,37
All Home Types,4,2025,Toronto E09,61,"$48,501,663 ","$795,109 ","$830,000 ",166,36.50%,249,3.5,101%,25,31
All Home Types,4,2025,Toronto E10,45,"$47,739,600 ","$1,060,880 ","$1,063,400 ",118,40.30%,151,3.1,102%,20,24
All Home Types,4,2025,Toronto E11,35,"$26,635,500 ","$761,014 ","$735,000 ",125,36.60%,181,3.8,101%,24,27
All Home Types,5,2025,All TRREB Areas,"6,244","$6,998,767,792 ","$1,120,879 ","$955,000 ","21,819",34.90%,"30,964",4.3,99%,25,39
All Home Types,5,2025,Halton Region,799,"$988,761,427 ","$1,237,499 ","$1,100,000 ","2,427",37.60%,"3,370",3.9,97%,27,41
All Home Types,5,2025,Burlington,256,"$286,738,484 ","$1,120,072 ","$1,005,000 ",701,43.20%,965,3.4,98%,28,40
All Home Types,5,2025,Halton Hills,73,"$84,859,200 ","$1,162,455 ","$1,055,000 ",243,42.20%,298,3.4,95%,27,45
All Home Types,5,2025,Milton,162,"$171,455,098 ","$1,058,365 ","$1,000,000 ",554,38.90%,692,3.3,99%,21,36
All Home Types,5,2025,Oakville,308,"$445,708,645 ","$1,447,106 ","$1,274,000 ",929,32.30%,"1,415",4.9,96%,29,45
All Home Types,5,2025,Peel Region,"1,035","$1,058,423,123 ","$1,022,631 ","$935,000 ","4,077",32.40%,"5,803",4.5,98%,26,42
All Home Types,5,2025,Brampton,454,"$431,906,780 ","$951,337 ","$885,000 ","1,784",30.70%,"2,528",4.6,98%,26,44
All Home Types,5,2025,Caledon,73,"$97,698,827 ","$1,338,340 ","$1,235,000 ",299,31.20%,475,5.5,97%,23,39
All Home Types,5,2025,Mississauga,508,"$528,817,516 ","$1,040,979 ","$950,000 ","1,994",34.20%,"2,800",4.4,98%,26,41
All Home Types,5,2025,City of Toronto,"2,315","$2,675,250,605 ","$1,155,616 ","$927,500 ","7,888",34.30%,"11,705",4.6,100%,26,39
All Home Types,5,2025,Toronto West,612,"$672,069,753 ","$1,098,153 ","$940,000 ","1,976",37.50%,"2,901",4,100%,27,40
All Home Types,5,2025,Toronto Central,"1,085","$1,347,737,134 ","$1,242,154 ","$845,000 ","4,126",30.30%,"6,580",5.6,98%,29,43
All Home Types,5,2025,Toronto East,618,"$655,443,718 ","$1,060,589 ","$978,500 ","1,786",40.20%,"2,224",3.2,103%,21,32
All Home Types,5,2025,York Region,"1,005","$1,288,450,447 ","$1,282,040 ","$1,199,000 ","4,027",33.50%,"5,880",4.6,98%,27,40
All Home Types,5,2025,Aurora,62,"$78,154,500 ","$1,260,556 ","$1,135,000 ",236,35.10%,317,4,97%,27,45
All Home Types,5,2025,East Gwillimbury,43,"$53,901,388 ","$1,253,521 ","$1,229,000 ",171,32.20%,238,4.7,99%,28,48
All Home Types,5,2025,Georgina,68,"$56,638,650 ","$832,921 ","$777,500 ",237,32.80%,360,5.1,98%,28,36
All Home Types,5,2025,King,16,"$28,735,000 ","$1,795,938 ","$1,542,500 ",108,25.30%,217,8.7,93%,48,54
All Home Types,5,2025,Markham,256,"$327,488,670 ","$1,279,253 ","$1,230,000 ",948,36.10%,"1,311",4,100%,25,36
All Home Types,5,2025,Newmarket,85,"$92,076,900 ","$1,083,258 ","$1,005,000 ",324,37.30%,397,3.7,100%,20,34
All Home Types,5,2025,Richmond Hill,152,"$224,700,622 ","$1,478,294 ","$1,268,750 ",757,30.40%,"1,191",5.3,97%,31,46
All Home Types,5,2025,Vaughan,275,"$364,066,217 ","$1,323,877 ","$1,264,000 ","1,056",32.80%,"1,560",4.6,98%,25,39
All Home Types,5,2025,Stouffville,48,"$62,688,500 ","$1,306,010 ","$1,145,000 ",190,35.20%,289,5,99%,35,44
All Home Types,5,2025,Durham Region,850,"$769,846,744 ","$905,702 ","$850,000 ","2,461",41.60%,"2,798",2.8,100%,18,29
All Home Types,5,2025,Ajax,123,"$110,183,952 ","$895,804 ","$853,000 ",300,44.60%,326,2.4,102%,16,25
All Home Types,5,2025,Brock,18,"$15,114,500 ","$839,694 ","$729,750 ",61,33.20%,87,5.5,97%,22,22
All Home Types,5,2025,Clarington,145,"$121,474,899 ","$837,758 ","$795,000 ",432,42.50%,429,2.6,101%,17,28
All Home Types,5,2025,Oshawa,216,"$168,857,537 ","$781,748 ","$750,000 ",612,41.00%,710,2.8,101%,19,30
All Home Types,5,2025,Pickering,125,"$123,969,933 ","$991,759 ","$900,000 ",371,39.60%,482,3.1,100%,22,33
All Home Types,5,2025,Scugog,25,"$31,198,300 ","$1,247,932 ","$1,150,000 ",90,43.70%,119,3.4,97%,27,40
All Home Types,5,2025,Uxbridge,26,"$33,574,500 ","$1,291,327 ","$1,088,750 ",89,38.80%,125,4.2,97%,19,27
All Home Types,5,2025,Whitby,172,"$165,473,124 ","$962,053 ","$892,500 ",506,42.50%,520,2.5,100%,16,27
All Home Types,5,2025,Dufferin County,42,"$32,208,211 ","$766,862 ","$721,100 ",111,44.00%,148,3.4,99%,24,32
All Home Types,5,2025,Orangeville,42,"$32,208,211 ","$766,862 ","$721,100 ",111,44.00%,148,3.4,99%,24,32
All Home Types,5,2025,Simcoe County,198,"$185,827,235 ","$938,521 ","$854,000 ",828,31.80%,"1,260",5.4,97%,33,48
All Home Types,5,2025,Adjala-Tosorontio,12,"$14,603,900 ","$1,216,992 ","$1,214,950 ",59,26.50%,106,8.2,97%,48,66
All Home Types,5,2025,Bradford,38,"$39,983,125 ","$1,052,188 ","$950,500 ",150,34.20%,231,4.3,98%,25,37
All Home Types,5,2025,Essa,36,"$31,841,990 ","$884,500 ","$830,000 ",110,33.80%,149,4.8,97%,37,56
All Home Types,5,2025,Innisfil,62,"$56,631,720 ","$913,415 ","$809,444 ",327,26.50%,494,6.7,97%,34,53
All Home Types,5,2025,New Tecumseth,50,"$42,766,500 ","$855,330 ","$837,500 ",182,38.90%,280,4.4,98%,31,39
All Home Types,5,2025,All TRREB Areas,"6,244","$6,998,767,792 ","$1,120,879 ","$955,000 ","21,819",34.90%,"30,964",4.3,99%,25,39
All Home Types,5,2025,City of Toronto,"2,315","$2,675,250,605 ","$1,155,616 ","$927,500 ","7,888",34.30%,"11,705",4.6,100%,26,39
All Home Types,5,2025,Toronto West,612,"$672,069,753 ","$1,098,153 ","$940,000 ","1,976",37.50%,"2,901",4,100%,27,40
All Home Types,5,2025,Toronto W01,53,"$71,444,388 ","$1,348,007 ","$1,324,000 ",153,37.40%,184,3.8,105%,17,22
All Home Types,5,2025,Toronto W02,84,"$116,314,925 ","$1,384,701 ","$1,300,000 ",206,45.80%,227,2.4,105%,17,20
All Home Types,5,2025,Toronto W03,38,"$37,175,818 ","$978,311 ","$950,000 ",150,40.90%,189,3.3,103%,26,32
All Home Types,5,2025,Toronto W04,58,"$50,135,085 ","$864,398 ","$837,500 ",213,34.00%,324,4.8,97%,34,54
All Home Types,5,2025,Toronto W05,74,"$58,979,790 ","$797,024 ","$852,500 ",187,38.40%,388,4.6,99%,37,54
All Home Types,5,2025,Toronto W06,88,"$83,800,227 ","$952,275 ","$822,500 ",355,32.20%,526,4.9,99%,32,52
All Home Types,5,2025,Toronto W07,23,"$29,334,000 ","$1,275,391 ","$1,255,000 ",75,37.00%,98,4,99%,24,33
All Home Types,5,2025,Toronto W08,125,"$160,651,920 ","$1,285,215 ","$985,000 ",387,37.70%,597,3.9,97%,27,41
All Home Types,5,2025,Toronto W09,34,"$36,866,500 ","$1,084,309 ","$1,155,000 ",121,43.00%,160,3.3,100%,25,38
All Home Types,5,2025,Toronto W10,35,"$27,367,100 ","$781,917 ","$835,000 ",129,35.70%,208,4.3,97%,24,47
All Home Types,5,2025,Toronto Central,"1,085","$1,347,737,134 ","$1,242,154 ","$845,000 ","4,126",30.30%,"6,580",5.6,98%,29,43
All Home Types,5,2025,Toronto C01,288,"$264,180,209 ","$917,292 ","$699,400 ","1,158",28.20%,"1,924",6.3,99%,29,43
All Home Types,5,2025,Toronto C02,71,"$114,436,077 ","$1,611,776 ","$1,300,014 ",244,31.40%,400,5.5,97%,30,40
All Home Types,5,2025,Toronto C03,50,"$79,351,080 ","$1,587,022 ","$1,227,500 ",163,38.60%,216,3.7,99%,15,26
All Home Types,5,2025,Toronto C04,80,"$166,576,300 ","$2,082,204 ","$1,817,750 ",205,37.80%,262,4,97%,29,36
All Home Types,5,2025,Toronto C06,24,"$26,954,518 ","$1,123,105 ","$1,225,000 ",88,35.50%,141,4.5,100%,29,46
All Home Types,5,2025,Toronto C07,58,"$62,395,500 ","$1,075,784 ","$890,000 ",242,32.40%,374,5.3,97%,32,54
All Home Types,5,2025,Toronto C08,140,"$111,428,704 ","$795,919 ","$657,500 ",682,24.40%,"1,169",7.3,97%,32,53
All Home Types,5,2025,Toronto C09,30,"$92,474,357 ","$3,082,479 ","$2,645,479 ",81,41.90%,105,3.9,94%,24,33
All Home Types,5,2025,Toronto C10,53,"$61,108,102 ","$1,152,983 ","$850,000 ",207,33.80%,287,4.4,102%,26,33
All Home Types,5,2025,Toronto C11,35,"$61,636,000 ","$1,761,029 ","$1,570,000 ",102,36.20%,159,4.1,98%,20,28
All Home Types,5,2025,Toronto C12,21,"$63,283,647 ","$3,013,507 ","$2,450,000 ",126,23.90%,215,9.9,94%,26,28
All Home Types,5,2025,Toronto C13,61,"$72,893,424 ","$1,194,974 ","$830,000 ",192,34.10%,300,4.7,97%,30,38
All Home Types,5,2025,Toronto C14,72,"$78,749,188 ","$1,093,739 ","$777,500 ",305,30.30%,488,5.7,99%,33,52
All Home Types,5,2025,Toronto C15,102,"$92,270,027 ","$904,608 ","$660,500 ",331,32.60%,540,4.9,98%,32,48
All Home Types,5,2025,Toronto East,618,"$655,443,718 ","$1,060,589 ","$978,500 ","1,786",40.20%,"2,224",3.2,103%,21,32
All Home Types,5,2025,Toronto E01,76,"$97,653,569 ","$1,284,915 ","$1,245,000 ",207,43.70%,180,2.3,109%,15,23
All Home Types,5,2025,Toronto E02,61,"$89,846,592 ","$1,472,895 ","$1,265,000 ",172,46.30%,160,2.1,105%,11,17
All Home Types,5,2025,Toronto E03,82,"$103,383,175 ","$1,260,770 ","$1,184,000 ",223,46.10%,226,2.3,106%,17,27
All Home Types,5,2025,Toronto E04,63,"$56,132,500 ","$890,992 ","$880,000 ",181,39.30%,261,3.4,98%,22,36
All Home Types,5,2025,Toronto E05,53,"$43,381,198 ","$818,513 ","$738,000 ",151,40.70%,219,3.5,101%,32,47
All Home Types,5,2025,Toronto E06,42,"$53,726,388 ","$1,279,200 ","$960,000 ",88,37.80%,101,3.2,102%,19,30
All Home Types,5,2025,Toronto E07,42,"$34,598,300 ","$823,769 ","$894,000 ",149,40.10%,217,3.5,101%,27,34
All Home Types,5,2025,Toronto E08,50,"$48,678,299 ","$973,566 ","$980,000 ",122,37.10%,181,4,99%,26,38
All Home Types,5,2025,Toronto E09,58,"$47,338,380 ","$816,179 ","$881,250 ",218,35.60%,290,3.7,102%,22,35
All Home Types,5,2025,Toronto E10,41,"$41,591,715 ","$1,014,432 ","$992,000 ",138,38.00%,187,3.5,101%,21,33
All Home Types,5,2025,Toronto E11,50,"$39,113,602 ","$782,272 ","$741,000 ",137,37.20%,202,3.9,101%,25,40
All Home Types,6,2025,All TRREB Areas,"6,243","$6,877,858,542 ","$1,101,691 ","$950,000 ","19,839",34.60%,"31,603",4.4,98%,26,42
All Home Types,6,2025,Halton Region,753,"$911,532,350 ","$1,210,534 ","$1,047,000 ","2,232",37.00%,"3,424",4.1,97%,27,42
All Home Types,6,2025,Burlington,239,"$270,094,197 ","$1,130,101 ","$970,000 ",629,42.30%,"1,000",3.6,97%,27,40
All Home Types,6,2025,Halton Hills,90,"$91,063,500 ","$1,011,817 ","$950,500 ",202,41.70%,298,3.5,98%,25,42
All Home Types,6,2025,Milton,167,"$178,039,052 ","$1,066,102 ","$982,000 ",483,38.10%,683,3.4,98%,25,41
All Home Types,6,2025,Oakville,257,"$372,335,601 ","$1,448,777 ","$1,242,500 ",918,31.80%,"1,443",5.1,97%,29,44
All Home Types,6,2025,Peel Region,"1,079","$1,095,737,571 ","$1,015,512 ","$936,000 ","3,894",31.70%,"6,056",4.7,98%,27,45
All Home Types,6,2025,Brampton,476,"$454,352,883 ","$954,523 ","$908,750 ","1,767",30.00%,"2,650",4.8,98%,25,45
All Home Types,6,2025,Caledon,75,"$103,047,499 ","$1,373,967 ","$1,150,000 ",290,30.60%,501,5.7,97%,22,47
All Home Types,6,2025,Mississauga,528,"$538,337,189 ","$1,019,578 ","$955,000 ","1,837",33.50%,"2,905",4.5,97%,29,45
All Home Types,6,2025,City of Toronto,"2,319","$2,626,751,638 ","$1,132,709 ","$910,000 ","7,053",34.30%,"11,736",4.6,99%,26,42
All Home Types,6,2025,Toronto West,619,"$692,713,701 ","$1,119,085 ","$972,000 ","1,740",37.60%,"2,856",4.1,99%,25,40
All Home Types,6,2025,Toronto Central,"1,065","$1,264,758,076 ","$1,187,566 ","$800,000 ","3,660",30.30%,"6,635",5.7,98%,29,47
All Home Types,6,2025,Toronto East,635,"$669,279,861 ","$1,053,984 ","$965,000 ","1,653",40.20%,"2,245",3.2,103%,23,35
All Home Types,6,2025,York Region,"1,061","$1,317,504,737 ","$1,241,758 ","$1,157,000 ","3,536",33.00%,"5,958",4.8,98%,28,45
All Home Types,6,2025,Aurora,59,"$78,443,888 ","$1,329,557 ","$1,155,000 ",206,33.60%,331,4.3,98%,29,47
All Home Types,6,2025,East Gwillimbury,49,"$59,010,018 ","$1,204,286 ","$1,100,000 ",157,31.10%,249,4.9,96%,30,49
All Home Types,6,2025,Georgina,66,"$56,496,999 ","$856,015 ","$790,000 ",227,33.20%,361,5.1,97%,28,41
All Home Types,6,2025,King,30,"$57,640,250 ","$1,921,342 ","$1,774,500 ",93,25.60%,216,8.8,94%,32,40
All Home Types,6,2025,Markham,274,"$352,379,512 ","$1,286,057 ","$1,260,000 ",833,35.80%,"1,322",4.1,99%,28,42
All Home Types,6,2025,Newmarket,84,"$89,209,988 ","$1,062,024 ","$1,049,000 ",267,36.40%,397,3.8,99%,22,37
All Home Types,6,2025,Richmond Hill,174,"$225,313,482 ","$1,294,905 ","$1,215,500 ",645,30.40%,"1,194",5.4,98%,29,49
All Home Types,6,2025,Vaughan,277,"$338,048,000 ","$1,220,390 ","$1,152,000 ",899,32.30%,"1,554",4.8,97%,29,48
All Home Types,6,2025,Stouffville,48,"$60,962,600 ","$1,270,054 ","$1,225,000 ",209,34.20%,334,5.1,98%,25,39
All Home Types,6,2025,Durham Region,817,"$728,487,946 ","$891,662 ","$840,000 ","2,282",41.20%,"2,925",2.9,100%,21,34
All Home Types,6,2025,Ajax,107,"$101,177,176 ","$945,581 ","$895,000 ",260,44.90%,339,2.5,99%,27,40
All Home Types,6,2025,Brock,15,"$9,720,700 ","$648,047 ","$650,000 ",62,32.60%,97,5.6,97%,22,32
All Home Types,6,2025,Clarington,144,"$116,346,198 ","$807,960 ","$772,500 ",388,41.80%,447,2.7,100%,15,27
All Home Types,6,2025,Oshawa,182,"$139,139,120 ","$764,501 ","$740,000 ",586,40.50%,778,3,100%,21,36
All Home Types,6,2025,Pickering,130,"$131,833,865 ","$1,014,107 ","$927,000 ",364,39.70%,493,3.2,99%,22,36
All Home Types,6,2025,Scugog,29,"$26,202,200 ","$903,524 ","$905,000 ",88,40.50%,132,3.7,97%,24,32
All Home Types,6,2025,Uxbridge,21,"$22,384,499 ","$1,065,929 ","$1,000,000 ",82,38.10%,135,4.3,96%,31,41
All Home Types,6,2025,Whitby,189,"$181,684,188 ","$961,292 ","$915,000 ",452,42.40%,504,2.6,100%,19,33
All Home Types,6,2025,Dufferin County,27,"$20,501,500 ","$759,315 ","$750,000 ",111,41.10%,186,3.7,97%,27,35
All Home Types,6,2025,Orangeville,27,"$20,501,500 ","$759,315 ","$750,000 ",111,41.10%,186,3.7,97%,27,35
All Home Types,6,2025,Simcoe County,187,"$177,342,800 ","$948,357 ","$830,000 ",731,31.20%,"1,318",5.5,96%,36,57
All Home Types,6,2025,Adjala-Tosorontio,7,"$10,998,000 ","$1,571,143 ","$1,500,000 ",41,26.30%,111,8.7,95%,17,55
All Home Types,6,2025,Bradford,38,"$38,246,900 ","$1,006,497 ","$901,000 ",176,31.50%,254,4.6,97%,40,57
All Home Types,6,2025,Essa,27,"$21,723,000 ","$804,556 ","$760,000 ",84,33.80%,151,5,98%,38,60
All Home Types,6,2025,Innisfil,63,"$58,997,700 ","$936,471 ","$810,000 ",263,26.20%,508,6.9,96%,40,64
All Home Types,6,2025,New Tecumseth,52,"$47,377,200 ","$911,100 ","$807,500 ",167,39.00%,294,4.4,97%,30,47
All Home Types,6,2025,All TRREB Areas,"6,243","$6,877,858,542 ","$1,101,691 ","$950,000 ","19,839",34.60%,"31,603",4.4,98%,26,42
All Home Types,6,2025,City of Toronto,"2,319","$2,626,751,638 ","$1,132,709 ","$910,000 ","7,053",34.30%,"11,736",4.6,99%,26,42
All Home Types,6,2025,Toronto West,619,"$692,713,701 ","$1,119,085 ","$972,000 ","1,740",37.60%,"2,856",4.1,99%,25,40
All Home Types,6,2025,Toronto W01,55,"$69,908,200 ","$1,271,058 ","$1,155,000 ",131,38.40%,180,3.7,102%,21,37
All Home Types,6,2025,Toronto W02,81,"$105,180,752 ","$1,298,528 ","$1,310,000 ",164,46.10%,201,2.5,101%,19,29
All Home Types,6,2025,Toronto W03,56,"$55,369,241 ","$988,736 ","$913,500 ",135,41.10%,177,3.3,100%,24,39
All Home Types,6,2025,Toronto W04,52,"$49,031,500 ","$942,913 ","$917,500 ",175,34.10%,334,4.9,98%,29,43
All Home Types,6,2025,Toronto W05,66,"$55,134,239 ","$835,367 ","$847,500 ",236,36.90%,414,4.9,99%,31,47
All Home Types,6,2025,Toronto W06,82,"$81,240,651 ","$990,740 ","$889,632 ",299,32.40%,520,5,98%,26,48
All Home Types,6,2025,Toronto W07,31,"$45,644,500 ","$1,472,403 ","$1,260,000 ",71,36.90%,98,4.1,99%,17,28
All Home Types,6,2025,Toronto W08,120,"$162,674,831 ","$1,355,624 ","$1,109,750 ",319,38.30%,569,4,97%,24,39
All Home Types,6,2025,Toronto W09,46,"$44,647,887 ","$970,606 ","$984,500 ",86,43.70%,146,3.4,99%,27,38
All Home Types,6,2025,Toronto W10,30,"$23,881,900 ","$796,063 ","$837,500 ",124,34.50%,217,4.5,98%,37,44
All Home Types,6,2025,Toronto Central,"1,065","$1,264,758,076 ","$1,187,566 ","$800,000 ","3,660",30.30%,"6,635",5.7,98%,29,47
All Home Types,6,2025,Toronto C01,295,"$254,799,531 ","$863,727 ","$685,000 ","1,036",28.60%,"1,911",6.3,98%,28,47
All Home Types,6,2025,Toronto C02,70,"$153,921,814 ","$2,198,883 ","$1,635,000 ",210,31.60%,396,5.5,97%,32,51
All Home Types,6,2025,Toronto C03,47,"$74,273,388 ","$1,580,285 ","$1,225,000 ",146,37.20%,233,3.9,98%,31,48
All Home Types,6,2025,Toronto C04,67,"$146,733,354 ","$2,190,050 ","$2,075,000 ",171,37.30%,258,4.1,98%,21,35
All Home Types,6,2025,Toronto C06,31,"$31,739,400 ","$1,023,852 ","$717,000 ",89,36.10%,134,4.4,97%,23,38
All Home Types,6,2025,Toronto C07,46,"$50,240,988 ","$1,092,195 ","$812,500 ",193,32.00%,392,5.5,96%,28,47
All Home Types,6,2025,Toronto C08,141,"$107,415,981 ","$761,815 ","$642,000 ",588,24.80%,"1,140",7.3,98%,36,55
All Home Types,6,2025,Toronto C09,25,"$66,130,000 ","$2,645,200 ","$2,050,000 ",65,40.00%,116,4.2,96%,40,55
All Home Types,6,2025,Toronto C10,72,"$76,662,892 ","$1,064,762 ","$832,500 ",190,34.10%,273,4.4,101%,23,35
All Home Types,6,2025,Toronto C11,34,"$49,307,001 ","$1,450,206 ","$1,199,500 ",106,35.50%,168,4.3,98%,16,36
All Home Types,6,2025,Toronto C12,20,"$52,042,050 ","$2,602,103 ","$2,414,000 ",91,24.80%,228,9.6,95%,23,45
All Home Types,6,2025,Toronto C13,51,"$48,630,889 ","$953,547 ","$890,000 ",161,33.00%,292,5,99%,28,50
All Home Types,6,2025,Toronto C14,70,"$66,825,528 ","$954,650 ","$738,500 ",275,29.60%,523,6,98%,33,54
All Home Types,6,2025,Toronto C15,96,"$86,035,260 ","$896,201 ","$728,850 ",339,31.90%,571,5.1,99%,32,54
All Home Types,6,2025,Toronto East,635,"$669,279,861 ","$1,053,984 ","$965,000 ","1,653",40.20%,"2,245",3.2,103%,23,35
All Home Types,6,2025,Toronto E01,78,"$96,976,114 ","$1,243,284 ","$1,296,500 ",176,43.60%,183,2.3,109%,19,25
All Home Types,6,2025,Toronto E02,76,"$110,952,449 ","$1,459,901 ","$1,324,500 ",152,46.70%,143,2.1,105%,13,22
All Home Types,6,2025,Toronto E03,80,"$106,813,604 ","$1,335,170 ","$1,230,000 ",173,46.30%,204,2.3,104%,16,26
All Home Types,6,2025,Toronto E04,71,"$56,281,377 ","$792,695 ","$805,000 ",167,39.70%,256,3.5,100%,26,34
All Home Types,6,2025,Toronto E05,68,"$57,990,178 ","$852,797 ","$765,000 ",168,40.70%,225,3.6,99%,25,39
All Home Types,6,2025,Toronto E06,21,"$21,137,250 ","$1,006,536 ","$865,000 ",82,36.90%,115,3.5,101%,31,41
All Home Types,6,2025,Toronto E07,44,"$37,569,300 ","$853,848 ","$897,500 ",132,40.60%,225,3.6,103%,27,43
All Home Types,6,2025,Toronto E08,30,"$30,628,000 ","$1,020,933 ","$931,250 ",138,35.50%,211,4.3,95%,36,61
All Home Types,6,2025,Toronto E09,57,"$45,960,689 ","$806,328 ","$870,000 ",194,35.20%,295,3.8,100%,25,40
All Home Types,6,2025,Toronto E10,74,"$75,687,600 ","$1,022,805 ","$983,500 ",130,41.40%,167,3.2,100%,22,38
All Home Types,6,2025,Toronto E11,36,"$29,283,300 ","$813,425 ","$787,000 ",141,35.50%,221,4.2,101%,30,42
All Home Types,7,2025,All TRREB Areas,"6,100","$6,415,486,956 ","$1,051,719 ","$910,000 ","17,613",34.70%,"30,215",4.5,98%,30,41
All Home Types,7,2025,Halton Region,715,"$825,224,700 ","$1,154,160 ","$1,050,000 ","1,810",37.30%,"3,207",4.1,97%,31,47
All Home Types,7,2025,Burlington,246,"$273,129,465 ","$1,110,282 ","$978,350 ",488,43.10%,901,3.6,96%,34,48
All Home Types,7,2025,Halton Hills,62,"$64,424,400 ","$1,039,103 ","$987,500 ",187,41.00%,307,3.6,96%,22,47
All Home Types,7,2025,Milton,181,"$185,223,404 ","$1,023,334 ","$975,000 ",480,38.30%,669,3.5,98%,29,46
All Home Types,7,2025,Oakville,226,"$302,447,431 ","$1,338,263 ","$1,225,000 ",655,32.00%,"1,330",5.1,96%,33,47
All Home Types,7,2025,Peel Region,"1,052","$1,023,247,576 ","$972,669 ","$900,000 ","3,535",31.70%,"5,923",4.8,97%,30,44
All Home Types,7,2025,Brampton,438,"$398,338,434 ","$909,448 ","$865,000 ","1,659",29.80%,"2,617",4.9,98%,28,46
All Home Types,7,2025,Caledon,66,"$79,320,939 ","$1,201,832 ","$1,132,500 ",247,30.10%,497,5.9,96%,28,47
All Home Types,7,2025,Mississauga,548,"$545,588,203 ","$995,599 ","$914,500 ","1,629",33.70%,"2,809",4.6,97%,31,42
All Home Types,7,2025,City of Toronto,"2,205","$2,303,290,508 ","$1,044,576 ","$850,000 ","6,008",34.60%,"10,933",4.7,98%,31,35
All Home Types,7,2025,Toronto West,596,"$588,200,956 ","$986,914 ","$870,000 ","1,523",37.70%,"2,649",4.1,97%,32,36
All Home Types,7,2025,Toronto Central,"1,039","$1,151,816,025 ","$1,108,581 ","$745,000 ","3,140",30.70%,"6,170",5.7,97%,33,38
All Home Types,7,2025,Toronto East,570,"$563,273,527 ","$988,199 ","$937,500 ","1,345",40.50%,"2,114",3.3,101%,26,30
All Home Types,7,2025,York Region,"1,049","$1,295,057,525 ","$1,234,564 ","$1,110,000 ","3,400",32.80%,"5,874",4.9,98%,31,47
All Home Types,7,2025,Aurora,47,"$69,612,100 ","$1,481,109 ","$1,165,000 ",201,32.30%,346,4.7,95%,41,59
All Home Types,7,2025,East Gwillimbury,40,"$44,184,000 ","$1,104,600 ","$1,100,000 ",134,31.00%,246,5,98%,28,45
All Home Types,7,2025,Georgina,59,"$51,324,346 ","$869,904 ","$791,900 ",232,32.30%,391,5.3,97%,33,46
All Home Types,7,2025,King,16,"$34,657,000 ","$2,166,063 ","$2,030,000 ",86,24.60%,221,9.3,96%,35,52
All Home Types,7,2025,Markham,266,"$331,459,187 ","$1,246,087 ","$1,155,000 ",771,35.80%,"1,310",4.2,98%,30,43
All Home Types,7,2025,Newmarket,91,"$89,493,468 ","$983,445 ","$920,000 ",228,36.70%,373,3.8,98%,32,48
All Home Types,7,2025,Richmond Hill,204,"$270,467,219 ","$1,325,820 ","$1,227,500 ",686,30.40%,"1,175",5.5,98%,31,47
All Home Types,7,2025,Vaughan,267,"$335,668,305 ","$1,257,185 ","$1,160,000 ",889,32.20%,"1,489",4.9,98%,30,48
All Home Types,7,2025,Stouffville,59,"$68,191,900 ","$1,155,795 ","$1,053,000 ",173,33.40%,323,5.3,97%,32,49
All Home Types,7,2025,Durham Region,852,"$754,240,376 ","$885,259 ","$820,000 ","2,058",41.50%,"2,813",3,99%,25,39
All Home Types,7,2025,Ajax,105,"$94,617,250 ","$901,117 ","$850,000 ",265,44.80%,333,2.6,99%,25,35
All Home Types,7,2025,Brock,16,"$11,339,800 ","$708,738 ","$701,250 ",58,31.80%,98,5.6,96%,31,47
All Home Types,7,2025,Clarington,175,"$147,069,971 ","$840,400 ","$790,000 ",318,43.70%,405,2.6,99%,24,38
All Home Types,7,2025,Oshawa,213,"$156,849,622 ","$736,383 ","$700,000 ",575,40.10%,749,3.1,101%,22,35
All Home Types,7,2025,Pickering,131,"$127,383,285 ","$972,391 ","$870,000 ",323,40.00%,482,3.2,98%,28,41
All Home Types,7,2025,Scugog,21,"$16,901,500 ","$804,833 ","$770,000 ",65,40.10%,134,3.9,97%,36,54
All Home Types,7,2025,Uxbridge,21,"$30,705,600 ","$1,462,171 ","$1,330,000 ",82,35.20%,140,4.7,98%,32,65
All Home Types,7,2025,Whitby,170,"$169,373,348 ","$996,314 ","$925,000 ",372,43.20%,472,2.6,99%,24,40
All Home Types,7,2025,Dufferin County,49,"$39,714,900 ","$810,508 ","$765,000 ",100,41.30%,170,3.8,97%,39,48
All Home Types,7,2025,Orangeville,49,"$39,714,900 ","$810,508 ","$765,000 ",100,41.30%,170,3.8,97%,39,48
All Home Types,7,2025,Simcoe County,178,"$174,711,372 ","$981,525 ","$872,500 ",702,30.70%,"1,295",5.7,96%,35,55
All Home Types,7,2025,Adjala-Tosorontio,7,"$9,033,000 ","$1,290,429 ","$910,000 ",49,23.90%,115,9.4,90%,68,89
All Home Types,7,2025,Bradford,48,"$47,478,875 ","$989,143 ","$953,000 ",151,32.00%,241,4.6,98%,22,46
All Home Types,7,2025,Essa,24,"$19,799,250 ","$824,969 ","$796,875 ",77,33.90%,141,5.1,96%,32,43
All Home Types,7,2025,Innisfil,55,"$59,011,797 ","$1,072,942 ","$754,000 ",273,25.60%,511,7.1,95%,38,60
All Home Types,7,2025,New Tecumseth,44,"$39,388,450 ","$895,192 ","$866,500 ",152,38.10%,287,4.5,97%,43,60
All Home Types,7,2025,All TRREB Areas,"6,100","$6,415,486,956 ","$1,051,719 ","$910,000 ","17,613",34.70%,"30,215",4.5,98%,30,41
All Home Types,7,2025,City of Toronto,"2,205","$2,303,290,508 ","$1,044,576 ","$850,000 ","6,008",34.60%,"10,933",4.7,98%,31,35
All Home Types,7,2025,Toronto West,596,"$588,200,956 ","$986,914 ","$870,000 ","1,523",37.70%,"2,649",4.1,97%,32,36
All Home Types,7,2025,Toronto W01,47,"$54,134,575 ","$1,151,799 ","$935,000 ",93,39.00%,156,3.7,98%,26,28
All Home Types,7,2025,Toronto W02,53,"$67,619,543 ","$1,275,840 ","$1,090,000 ",134,45.20%,187,2.5,98%,27,27
All Home Types,7,2025,Toronto W03,46,"$41,685,582 ","$906,208 ","$887,500 ",104,41.40%,161,3.3,97%,26,35
All Home Types,7,2025,Toronto W04,53,"$43,287,888 ","$816,753 ","$757,500 ",157,33.70%,311,5,97%,31,36
All Home Types,7,2025,Toronto W05,83,"$67,167,380 ","$809,246 ","$840,000 ",214,37.10%,408,4.9,98%,37,40
All Home Types,7,2025,Toronto W06,100,"$88,827,599 ","$888,276 ","$801,250 ",272,32.90%,473,4.9,97%,35,39
All Home Types,7,2025,Toronto W07,23,"$25,815,425 ","$1,122,410 ","$1,090,000 ",67,36.40%,107,4.2,97%,23,29
All Home Types,7,2025,Toronto W08,116,"$132,603,400 ","$1,143,133 ","$761,250 ",315,38.20%,532,4.1,97%,35,39
All Home Types,7,2025,Toronto W09,31,"$29,816,888 ","$961,835 ","$910,000 ",63,45.40%,119,3.3,98%,29,33
All Home Types,7,2025,Toronto W10,44,"$37,242,676 ","$846,424 ","$872,500 ",104,35.90%,195,4.5,97%,36,44
All Home Types,7,2025,Toronto Central,"1,039","$1,151,816,025 ","$1,108,581 ","$745,000 ","3,140",30.70%,"6,170",5.7,97%,33,38
All Home Types,7,2025,Toronto C01,291,"$237,378,464 ","$815,734 ","$685,931 ",866,29.20%,"1,747",6.2,98%,34,39
All Home Types,7,2025,Toronto C02,64,"$115,212,980 ","$1,800,203 ","$1,254,995 ",174,31.90%,366,5.5,95%,34,39
All Home Types,7,2025,Toronto C03,41,"$78,065,655 ","$1,904,040 ","$1,525,000 ",107,37.90%,203,3.9,97%,25,27
All Home Types,7,2025,Toronto C04,57,"$119,666,674 ","$2,099,415 ","$1,750,000 ",133,38.00%,236,4,96%,35,37
All Home Types,7,2025,Toronto C06,32,"$32,421,411 ","$1,013,169 ","$710,000 ",71,36.20%,127,4.5,95%,34,40
All Home Types,7,2025,Toronto C07,55,"$53,072,588 ","$964,956 ","$730,000 ",204,31.70%,385,5.6,97%,35,40
All Home Types,7,2025,Toronto C08,143,"$102,223,704 ","$714,851 ","$620,000 ",515,25.20%,"1,057",7.3,97%,38,47
All Home Types,7,2025,Toronto C09,15,"$35,237,476 ","$2,349,165 ","$1,860,000 ",35,39.50%,93,4.3,97%,25,28
All Home Types,7,2025,Toronto C10,62,"$61,009,300 ","$984,021 ","$692,500 ",177,34.50%,257,4.4,98%,27,30
All Home Types,7,2025,Toronto C11,32,"$49,625,300 ","$1,550,791 ","$1,397,500 ",84,35.20%,154,4.4,97%,23,27
All Home Types,7,2025,Toronto C12,20,"$51,729,300 ","$2,586,465 ","$2,100,000 ",75,24.10%,218,10,92%,42,45
All Home Types,7,2025,Toronto C13,43,"$56,626,500 ","$1,316,895 ","$890,000 ",175,32.20%,316,5.2,95%,37,40
All Home Types,7,2025,Toronto C14,66,"$64,805,587 ","$981,903 ","$703,000 ",237,29.80%,490,6,99%,36,36
All Home Types,7,2025,Toronto C15,118,"$94,741,086 ","$802,891 ","$649,000 ",287,33.20%,521,5,98%,30,35
All Home Types,7,2025,Toronto East,570,"$563,273,527 ","$988,199 ","$937,500 ","1,345",40.50%,"2,114",3.3,101%,26,30
All Home Types,7,2025,Toronto E01,65,"$74,559,100 ","$1,147,063 ","$1,168,000 ",133,44.40%,155,2.3,106%,17,22
All Home Types,7,2025,Toronto E02,49,"$63,736,080 ","$1,300,736 ","$1,150,000 ",93,47.30%,119,2.2,103%,20,22
All Home Types,7,2025,Toronto E03,74,"$87,915,118 ","$1,188,042 ","$1,073,750 ",125,46.90%,164,2.3,103%,18,22
All Home Types,7,2025,Toronto E04,62,"$52,864,186 ","$852,648 ","$860,000 ",145,39.50%,236,3.7,100%,27,32
All Home Types,7,2025,Toronto E05,55,"$47,855,080 ","$870,092 ","$770,000 ",145,40.70%,241,3.7,100%,29,33
All Home Types,7,2025,Toronto E06,31,"$34,013,860 ","$1,097,221 ","$920,000 ",79,37.50%,111,3.5,100%,28,30
All Home Types,7,2025,Toronto E07,46,"$37,435,700 ","$813,820 ","$867,500 ",134,40.60%,230,3.7,100%,30,37
All Home Types,7,2025,Toronto E08,33,"$33,339,000 ","$1,010,273 ","$1,035,000 ",118,34.50%,215,4.5,103%,29,30
All Home Types,7,2025,Toronto E09,60,"$47,476,366 ","$791,273 ","$847,500 ",148,35.40%,263,3.9,98%,35,42
All Home Types,7,2025,Toronto E10,38,"$39,648,688 ","$1,043,387 ","$996,000 ",97,41.50%,173,3.3,100%,25,30
All Home Types,7,2025,Toronto E11,57,"$44,430,349 ","$779,480 ","$750,000 ",128,36.20%,207,4.2,98%,31,32
All Home Types,8,2025,All TRREB Areas,"5,211","$5,326,384,609 ","$1,022,143 ","$887,000 ","14,038",34.50%,"27,495",4.5,97%,33,49
All Home Types,8,2025,Halton Region,640,"$742,266,339 ","$1,159,791 ","$1,019,000 ","1,593",37.20%,"2,903",4.1,97%,35,51
All Home Types,8,2025,Burlington,218,"$234,521,927 ","$1,075,789 ","$966,500 ",410,43.80%,803,3.6,97%,38,52
All Home Types,8,2025,Halton Hills,79,"$81,844,785 ","$1,036,010 ","$965,000 ",127,41.80%,248,3.5,96%,31,51
All Home Types,8,2025,Milton,132,"$127,259,335 ","$964,086 ","$912,500 ",371,37.60%,612,3.6,98%,28,47
All Home Types,8,2025,Oakville,211,"$298,640,292 ","$1,415,357 ","$1,170,000 ",685,31.50%,"1,240",5.2,96%,38,55
All Home Types,8,2025,Peel Region,915,"$878,720,987 ","$960,351 ","$890,000 ","2,969",31.20%,"5,498",5,97%,33,54
All Home Types,8,2025,Brampton,424,"$392,191,497 ","$924,980 ","$860,000 ","1,392",29.60%,"2,441",5,97%,32,57
All Home Types,8,2025,Caledon,65,"$74,055,189 ","$1,139,311 ","$1,058,000 ",249,29.60%,489,5.9,96%,34,68
All Home Types,8,2025,Mississauga,426,"$412,474,301 ","$968,250 ","$908,500 ","1,328",33.10%,"2,568",4.8,97%,34,50
All Home Types,8,2025,City of Toronto,"1,779","$1,764,920,055 ","$992,085 ","$800,000 ","4,538",34.50%,"9,644",4.7,97%,34,43
All Home Types,8,2025,Toronto West,493,"$472,034,724 ","$957,474 ","$850,000 ","1,086",37.80%,"2,335",4.2,97%,35,45
All Home Types,8,2025,Toronto Central,851,"$881,583,408 ","$1,035,938 ","$700,000 ","2,438",30.60%,"5,465",5.7,97%,35,46
All Home Types,8,2025,Toronto East,435,"$411,301,923 ","$945,522 ","$900,000 ","1,014",40.10%,"1,844",3.4,99%,29,37
All Home Types,8,2025,York Region,994,"$1,177,090,559 ","$1,184,196 ","$1,107,500 ","2,611",32.90%,"5,382",4.9,97%,36,54
All Home Types,8,2025,Aurora,55,"$74,743,564 ","$1,358,974 ","$1,200,000 ",130,32.20%,311,4.8,96%,39,58
All Home Types,8,2025,East Gwillimbury,35,"$42,673,400 ","$1,219,240 ","$1,085,000 ",96,31.20%,211,5.1,96%,40,62
All Home Types,8,2025,Georgina,63,"$54,010,774 ","$857,314 ","$850,000 ",185,32.20%,361,5.3,98%,36,57
All Home Types,8,2025,King,16,"$35,179,750 ","$2,198,734 ","$1,978,000 ",68,23.90%,213,9.8,93%,43,70
All Home Types,8,2025,Markham,240,"$272,717,613 ","$1,136,323 ","$1,094,000 ",635,35.60%,"1,222",4.3,98%,33,49
All Home Types,8,2025,Newmarket,83,"$82,619,847 ","$995,420 ","$940,000 ",184,37.20%,330,3.8,97%,37,61
All Home Types,8,2025,Richmond Hill,176,"$219,565,430 ","$1,247,531 ","$1,165,000 ",499,30.30%,"1,103",5.6,98%,37,54
All Home Types,8,2025,Vaughan,262,"$317,269,396 ","$1,210,952 ","$1,180,000 ",674,32.30%,"1,338",4.9,97%,33,53
All Home Types,8,2025,Stouffville,64,"$78,310,785 ","$1,223,606 ","$1,071,500 ",140,34.70%,293,5.2,96%,44,57
All Home Types,8,2025,Durham Region,676,"$582,002,662 ","$860,951 ","$805,000 ","1,675",41.20%,"2,694",3.1,98%,27,43
All Home Types,8,2025,Ajax,94,"$84,033,321 ","$893,972 ","$837,500 ",220,44.30%,326,2.6,98%,27,43
All Home Types,8,2025,Brock,13,"$11,032,100 ","$848,623 ","$730,000 ",34,32.20%,95,5.6,98%,32,50
All Home Types,8,2025,Clarington,124,"$98,420,661 ","$793,715 ","$755,000 ",311,43.50%,415,2.7,98%,22,36
All Home Types,8,2025,Oshawa,184,"$137,499,799 ","$747,282 ","$695,000 ",446,40.60%,705,3.1,100%,27,40
All Home Types,8,2025,Pickering,99,"$90,451,176 ","$913,648 ","$851,000 ",264,39.20%,477,3.4,98%,27,41
All Home Types,8,2025,Scugog,20,"$17,897,900 ","$894,895 ","$899,950 ",50,39.40%,128,4.1,97%,45,64
All Home Types,8,2025,Uxbridge,20,"$24,046,500 ","$1,202,325 ","$1,040,000 ",50,34.40%,123,4.9,96%,49,67
All Home Types,8,2025,Whitby,122,"$118,621,205 ","$972,305 ","$889,000 ",300,42.20%,425,2.7,98%,26,45
All Home Types,8,2025,Dufferin County,26,"$19,746,900 ","$759,496 ","$730,000 ",78,41.00%,162,3.9,98%,42,55
All Home Types,8,2025,Orangeville,26,"$19,746,900 ","$759,496 ","$730,000 ",78,41.00%,162,3.9,98%,42,55
All Home Types,8,2025,Simcoe County,181,"$161,637,107 ","$893,023 ","$829,500 ",574,30.40%,"1,212",5.8,97%,36,58
All Home Types,8,2025,Adjala-Tosorontio,7,"$8,572,989 ","$1,224,713 ","$1,080,000 ",44,22.30%,114,10.2,94%,17,52
All Home Types,8,2025,Bradford,46,"$43,915,500 ","$954,685 ","$917,500 ",124,32.50%,220,4.5,97%,28,54
All Home Types,8,2025,Essa,24,"$17,765,900 ","$740,246 ","$705,000 ",65,33.30%,133,5.2,98%,31,54
All Home Types,8,2025,Innisfil,58,"$51,706,918 ","$891,499 ","$820,500 ",207,25.10%,476,7.3,97%,47,68
All Home Types,8,2025,New Tecumseth,46,"$39,675,800 ","$862,517 ","$770,000 ",134,38.10%,269,4.5,96%,36,53
All Home Types,8,2025,All TRREB Areas,"5,211","$5,326,384,609 ","$1,022,143 ","$887,000 ","14,038",34.50%,"27,495",4.5,97%,33,49
All Home Types,8,2025,City of Toronto,"1,779","$1,764,920,055 ","$992,085 ","$800,000 ","4,538",34.50%,"9,644",4.7,97%,34,43
All Home Types,8,2025,Toronto West,493,"$472,034,724 ","$957,474 ","$850,000 ","1,086",37.80%,"2,335",4.2,97%,35,45
All Home Types,8,2025,Toronto W01,30,"$28,152,800 ","$938,427 ","$714,400 ",53,39.30%,138,3.7,98%,34,41
All Home Types,8,2025,Toronto W02,35,"$42,484,249 ","$1,213,836 ","$1,150,000 ",77,44.50%,163,2.7,99%,31,41
All Home Types,8,2025,Toronto W03,33,"$30,341,503 ","$919,439 ","$800,000 ",76,41.20%,147,3.4,97%,34,39
All Home Types,8,2025,Toronto W04,60,"$51,130,099 ","$852,168 ","$818,500 ",124,34.60%,274,5,97%,39,52
All Home Types,8,2025,Toronto W05,71,"$58,817,500 ","$828,415 ","$865,000 ",166,37.40%,380,4.9,99%,36,45
All Home Types,8,2025,Toronto W06,82,"$70,852,355 ","$864,053 ","$822,500 ",191,32.90%,418,5,96%,34,48
All Home Types,8,2025,Toronto W07,22,"$27,518,518 ","$1,250,842 ","$1,241,250 ",32,36.90%,78,4.2,96%,39,46
All Home Types,8,2025,Toronto W08,102,"$116,769,700 ","$1,144,801 ","$641,500 ",235,37.90%,454,4.1,97%,34,43
All Home Types,8,2025,Toronto W09,20,"$17,278,000 ","$863,900 ","$1,012,500 ",48,44.10%,108,3.5,97%,28,34
All Home Types,8,2025,Toronto W10,38,"$28,690,000 ","$755,000 ","$732,000 ",84,36.80%,175,4.4,97%,34,49
All Home Types,8,2025,Toronto Central,851,"$881,583,408 ","$1,035,938 ","$700,000 ","2,438",30.60%,"5,465",5.7,97%,35,46
All Home Types,8,2025,Toronto C01,266,"$216,347,120 ","$813,335 ","$661,000 ",665,29.70%,"1,520",6.1,97%,38,47
All Home Types,8,2025,Toronto C02,39,"$64,605,378 ","$1,656,548 ","$1,175,000 ",131,31.50%,312,5.6,94%,36,50
All Home Types,8,2025,Toronto C03,32,"$60,818,554 ","$1,900,580 ","$1,230,000 ",73,37.90%,166,3.9,97%,25,38
All Home Types,8,2025,Toronto C04,37,"$78,499,000 ","$2,121,595 ","$1,865,000 ",82,37.90%,194,4.1,97%,33,40
All Home Types,8,2025,Toronto C06,20,"$21,587,018 ","$1,079,351 ","$915,000 ",65,35.30%,135,4.6,97%,22,34
All Home Types,8,2025,Toronto C07,48,"$40,306,776 ","$839,725 ","$681,500 ",145,31.60%,334,5.7,98%,37,48
All Home Types,8,2025,Toronto C08,131,"$82,483,432 ","$629,645 ","$600,000 ",405,24.80%,922,7.4,97%,40,52
All Home Types,8,2025,Toronto C09,11,"$23,082,500 ","$2,098,409 ","$1,350,000 ",32,38.60%,82,4.5,95%,35,36
All Home Types,8,2025,Toronto C10,42,"$35,930,318 ","$855,484 ","$575,500 ",115,33.90%,224,4.4,99%,30,38
All Home Types,8,2025,Toronto C11,19,"$16,047,000 ","$844,579 ","$555,000 ",50,34.90%,132,4.5,95%,43,51
All Home Types,8,2025,Toronto C12,17,"$39,891,000 ","$2,346,529 ","$2,050,000 ",53,23.40%,203,10.4,94%,32,37
All Home Types,8,2025,Toronto C13,53,"$67,227,287 ","$1,268,439 ","$890,000 ",141,32.30%,286,5.3,97%,27,46
All Home Types,8,2025,Toronto C14,66,"$71,706,976 ","$1,086,469 ","$760,000 ",220,30.00%,452,6,96%,37,49
All Home Types,8,2025,Toronto C15,70,"$63,051,049 ","$900,729 ","$640,000 ",261,32.70%,503,5.1,97%,35,39
All Home Types,8,2025,Toronto East,435,"$411,301,923 ","$945,522 ","$900,000 ","1,014",40.10%,"1,844",3.4,99%,29,37
All Home Types,8,2025,Toronto E01,44,"$48,839,138 ","$1,109,980 ","$1,056,000 ",61,45.40%,105,2.3,100%,29,42
All Home Types,8,2025,Toronto E02,23,"$37,914,988 ","$1,648,478 ","$1,215,000 ",48,46.60%,97,2.2,99%,26,40
All Home Types,8,2025,Toronto E03,40,"$41,177,674 ","$1,029,442 ","$934,000 ",86,46.60%,137,2.3,100%,29,35
All Home Types,8,2025,Toronto E04,54,"$48,341,850 ","$895,219 ","$897,500 ",134,38.40%,219,3.8,101%,24,28
All Home Types,8,2025,Toronto E05,55,"$47,014,350 ","$854,806 ","$840,000 ",113,40.10%,222,3.8,98%,33,37
All Home Types,8,2025,Toronto E06,23,"$22,865,000 ","$994,130 ","$870,000 ",49,38.00%,92,3.4,99%,29,38
All Home Types,8,2025,Toronto E07,47,"$36,679,176 ","$780,408 ","$748,000 ",120,39.70%,218,3.8,101%,27,35
All Home Types,8,2025,Toronto E08,36,"$35,007,676 ","$972,435 ","$942,000 ",90,34.00%,190,4.7,96%,27,40
All Home Types,8,2025,Toronto E09,43,"$34,297,283 ","$797,611 ","$860,000 ",146,34.70%,236,4.1,99%,27,37
All Home Types,8,2025,Toronto E10,39,"$35,038,500 ","$898,423 ","$890,000 ",76,41.90%,141,3.3,98%,28,34
All Home Types,8,2025,Toronto E11,31,"$24,126,288 ","$778,267 ","$755,000 ",91,35.70%,187,4.4,96%,39,47
All Home Types,9,2025,All TRREB Areas,"5,592","$5,924,033,931 ","$1,059,377 ","$909,500 ","19,260",34.60%,"29,394",4.6,98%,33,51
All Home Types,9,2025,Halton Region,585,"$693,738,797 ","$1,185,878 ","$1,039,000 ","2,098",36.80%,"3,130",4.2,97%,36,54
All Home Types,9,2025,Burlington,197,"$209,602,118 ","$1,063,970 ","$979,000 ",615,43.10%,877,3.6,97%,37,54
All Home Types,9,2025,Halton Hills,60,"$72,973,500 ","$1,216,225 ","$1,049,500 ",198,40.70%,282,3.6,101%,38,55
All Home Types,9,2025,Milton,132,"$136,773,320 ","$1,036,162 ","$955,000 ",431,37.20%,640,3.7,98%,33,51
All Home Types,9,2025,Oakville,196,"$274,389,859 ","$1,399,948 ","$1,250,000 ",854,31.30%,"1,331",5.3,96%,37,56
All Home Types,9,2025,Peel Region,996,"$955,476,157 ","$959,313 ","$881,250 ","3,574",31.10%,"5,691",5.1,97%,32,53
All Home Types,9,2025,Brampton,442,"$410,415,497 ","$928,542 ","$876,250 ","1,588",29.50%,"2,455",5.1,98%,29,53
All Home Types,9,2025,Caledon,54,"$60,310,046 ","$1,116,853 ","$1,078,000 ",275,28.60%,509,6.2,96%,35,59
All Home Types,9,2025,Mississauga,500,"$484,750,614 ","$969,501 ","$878,750 ","1,711",32.90%,"2,727",4.8,97%,33,52
All Home Types,9,2025,City of Toronto,"2,063","$2,248,500,410 ","$1,089,918 ","$850,000 ","7,182",34.80%,"10,653",4.7,99%,32,47
All Home Types,9,2025,Toronto West,559,"$582,884,433 ","$1,042,727 ","$912,000 ","1,820",37.90%,"2,601",4.2,99%,32,45
All Home Types,9,2025,Toronto Central,973,"$1,141,949,183 ","$1,173,637 ","$757,900 ","3,706",31.10%,"5,889",5.7,97%,34,52
All Home Types,9,2025,Toronto East,531,"$523,666,794 ","$986,190 ","$925,000 ","1,656",40.20%,"2,163",3.4,102%,27,39
All Home Types,9,2025,York Region,"1,032","$1,218,549,484 ","$1,180,765 ","$1,088,000 ","3,515",33.20%,"5,676",4.9,98%,35,56
All Home Types,9,2025,Aurora,69,"$81,635,000 ","$1,183,116 ","$1,025,000 ",222,32.70%,332,4.8,97%,32,57
All Home Types,9,2025,East Gwillimbury,37,"$41,093,500 ","$1,110,635 ","$1,040,000 ",153,31.90%,231,5,100%,35,64
All Home Types,9,2025,Georgina,58,"$47,896,300 ","$825,798 ","$800,000 ",192,32.20%,362,5.4,98%,30,56
All Home Types,9,2025,King,21,"$37,095,983 ","$1,766,475 ","$1,645,000 ",138,23.60%,241,9.9,96%,72,89
All Home Types,9,2025,Markham,259,"$304,918,137 ","$1,177,290 ","$1,142,000 ",794,35.90%,"1,249",4.3,98%,36,56
All Home Types,9,2025,Newmarket,83,"$83,172,800 ","$1,002,082 ","$920,000 ",234,37.10%,338,3.9,98%,37,48
All Home Types,9,2025,Richmond Hill,188,"$249,051,297 ","$1,324,741 ","$1,200,000 ",655,30.80%,"1,118",5.6,99%,33,55
All Home Types,9,2025,Vaughan,260,"$302,509,379 ","$1,163,498 ","$1,131,900 ",964,32.60%,"1,508",4.9,97%,32,55
All Home Types,9,2025,Stouffville,57,"$71,177,088 ","$1,248,721 ","$1,145,000 ",163,35.50%,297,5.1,97%,39,59
All Home Types,9,2025,Durham Region,707,"$620,720,121 ","$877,963 ","$824,000 ","2,082",41.00%,"2,810",3.1,98%,29,46
All Home Types,9,2025,Ajax,101,"$91,333,600 ","$904,293 ","$863,500 ",243,44.60%,325,2.7,99%,28,46
All Home Types,9,2025,Brock,19,"$12,625,299 ","$664,489 ","$650,000 ",49,34.70%,93,5.3,93%,44,61
All Home Types,9,2025,Clarington,128,"$105,387,835 ","$823,342 ","$790,000 ",326,43.20%,434,2.7,98%,27,43
All Home Types,9,2025,Oshawa,173,"$128,169,193 ","$740,862 ","$715,000 ",522,40.40%,735,3.1,99%,28,43
All Home Types,9,2025,Pickering,111,"$103,874,136 ","$935,803 ","$860,000 ",351,39.50%,487,3.4,98%,31,44
All Home Types,9,2025,Scugog,29,"$31,560,096 ","$1,088,279 ","$960,000 ",96,37.50%,132,4.3,96%,43,57
All Home Types,9,2025,Uxbridge,23,"$31,857,500 ","$1,385,109 ","$1,355,000 ",87,34.30%,133,5,96%,44,73
All Home Types,9,2025,Whitby,123,"$115,912,462 ","$942,378 ","$885,000 ",408,41.70%,471,2.8,98%,26,44
All Home Types,9,2025,Dufferin County,43,"$33,913,600 ","$788,688 ","$755,000 ",95,41.60%,155,3.9,97%,31,47
All Home Types,9,2025,Orangeville,43,"$33,913,600 ","$788,688 ","$755,000 ",95,41.60%,155,3.9,97%,31,47
All Home Types,9,2025,Simcoe County,166,"$153,135,362 ","$922,502 ","$802,500 ",714,30.00%,"1,279",5.9,95%,46,66
All Home Types,9,2025,Adjala-Tosorontio,16,"$20,320,000 ","$1,270,000 ","$1,131,000 ",51,24.40%,105,9.6,94%,59,83
All Home Types,9,2025,Bradford,30,"$30,539,401 ","$1,017,980 ","$927,500 ",163,31.90%,252,4.7,98%,30,55
All Home Types,9,2025,Essa,21,"$21,596,011 ","$1,028,381 ","$785,000 ",70,33.00%,128,5.4,89%,58,76
All Home Types,9,2025,Innisfil,60,"$47,157,150 ","$785,953 ","$792,500 ",269,25.10%,496,7.4,96%,39,58
All Home Types,9,2025,New Tecumseth,39,"$33,522,800 ","$859,559 ","$770,000 ",161,36.70%,298,4.8,95%,58,75
All Home Types,9,2025,All TRREB Areas,"5,592","$5,924,033,931 ","$1,059,377 ","$909,500 ","19,260",34.60%,"29,394",4.6,98%,33,51
All Home Types,9,2025,City of Toronto,"2,063","$2,248,500,410 ","$1,089,918 ","$850,000 ","7,182",34.80%,"10,653",4.7,99%,32,47
All Home Types,9,2025,Toronto West,559,"$582,884,433 ","$1,042,727 ","$912,000 ","1,820",37.90%,"2,601",4.2,99%,32,45
All Home Types,9,2025,Toronto W01,39,"$47,335,011 ","$1,213,718 ","$1,180,000 ",139,39.40%,168,3.7,103%,36,41
All Home Types,9,2025,Toronto W02,72,"$91,249,644 ","$1,267,356 ","$1,192,500 ",219,44.20%,210,2.7,106%,14,23
All Home Types,9,2025,Toronto W03,44,"$43,005,250 ","$977,392 ","$989,900 ",124,42.20%,153,3.3,96%,19,28
All Home Types,9,2025,Toronto W04,41,"$32,901,000 ","$802,463 ","$833,000 ",171,34.30%,289,5,98%,40,50
All Home Types,9,2025,Toronto W05,78,"$61,621,800 ","$790,023 ","$842,500 ",223,37.80%,394,4.9,99%,40,50
All Home Types,9,2025,Toronto W06,91,"$79,867,520 ","$877,665 ","$751,000 ",272,33.60%,445,5,97%,41,59
All Home Types,9,2025,Toronto W07,19,"$23,674,580 ","$1,246,031 ","$1,290,000 ",67,36.40%,86,4.3,99%,18,32
All Home Types,9,2025,Toronto W08,122,"$155,787,021 ","$1,276,943 ","$1,083,000 ",403,38.00%,536,4.1,97%,32,47
All Home Types,9,2025,Toronto W09,22,"$23,142,458 ","$1,051,930 ","$1,060,000 ",89,43.00%,126,3.6,96%,38,47
All Home Types,9,2025,Toronto W10,31,"$24,300,149 ","$783,876 ","$835,000 ",113,35.50%,194,4.7,97%,41,60
All Home Types,9,2025,Toronto Central,973,"$1,141,949,183 ","$1,173,637 ","$757,900 ","3,706",31.10%,"5,889",5.7,97%,34,52
All Home Types,9,2025,Toronto C01,254,"$216,787,236 ","$853,493 ","$666,000 ",989,30.00%,"1,579",6.1,98%,38,57
All Home Types,9,2025,Toronto C02,44,"$71,286,700 ","$1,620,152 ","$1,170,000 ",266,31.10%,395,5.7,98%,35,54
All Home Types,9,2025,Toronto C03,42,"$69,884,884 ","$1,663,926 ","$1,137,500 ",164,38.00%,209,4,96%,24,42
All Home Types,9,2025,Toronto C04,60,"$152,546,922 ","$2,542,449 ","$2,125,000 ",213,38.50%,250,4,96%,29,38
All Home Types,9,2025,Toronto C06,24,"$20,669,072 ","$861,211 ","$645,000 ",100,34.60%,149,4.7,99%,31,45
All Home Types,9,2025,Toronto C07,71,"$77,589,000 ","$1,092,803 ","$850,000 ",236,32.80%,380,5.5,97%,34,56
All Home Types,9,2025,Toronto C08,139,"$112,719,520 ","$810,932 ","$625,000 ",498,25.70%,935,7.3,97%,37,57
All Home Types,9,2025,Toronto C09,23,"$65,330,000 ","$2,840,435 ","$2,275,000 ",78,40.40%,100,4.3,96%,31,54
All Home Types,9,2025,Toronto C10,45,"$41,501,318 ","$922,252 ","$730,000 ",159,34.60%,227,4.4,99%,29,38
All Home Types,9,2025,Toronto C11,20,"$26,913,765 ","$1,345,688 ","$820,393 ",97,33.90%,145,4.8,98%,30,39
All Home Types,9,2025,Toronto C12,22,"$65,113,500 ","$2,959,705 ","$3,264,000 ",134,22.80%,236,10.6,94%,41,52
All Home Types,9,2025,Toronto C13,59,"$64,077,540 ","$1,086,060 ","$870,000 ",197,32.80%,304,5.2,100%,31,48
All Home Types,9,2025,Toronto C14,88,"$85,398,888 ","$970,442 ","$709,500 ",259,31.10%,453,5.9,96%,36,54
All Home Types,9,2025,Toronto C15,82,"$72,130,838 ","$879,644 ","$729,000 ",316,33.00%,527,5.1,98%,35,48
All Home Types,9,2025,Toronto East,531,"$523,666,794 ","$986,190 ","$925,000 ","1,656",40.20%,"2,163",3.4,102%,27,39
All Home Types,9,2025,Toronto E01,57,"$68,588,421 ","$1,203,306 ","$1,110,000 ",177,45.20%,160,2.3,108%,15,23
All Home Types,9,2025,Toronto E02,50,"$69,517,249 ","$1,390,345 ","$1,327,500 ",148,46.80%,143,2.2,107%,15,26
All Home Types,9,2025,Toronto E03,59,"$72,547,654 ","$1,229,621 ","$1,090,000 ",200,46.20%,201,2.4,105%,18,28
All Home Types,9,2025,Toronto E04,55,"$44,174,665 ","$803,176 ","$815,000 ",191,38.10%,268,3.9,99%,33,41
All Home Types,9,2025,Toronto E05,60,"$49,209,533 ","$820,159 ","$790,000 ",166,40.30%,237,3.8,98%,30,45
All Home Types,9,2025,Toronto E06,32,"$37,598,888 ","$1,174,965 ","$1,013,000 ",79,39.80%,103,3.3,100%,19,35
All Home Types,9,2025,Toronto E07,41,"$32,261,064 ","$786,855 ","$775,000 ",132,39.60%,221,3.9,97%,29,47
All Home Types,9,2025,Toronto E08,49,"$42,401,000 ","$865,327 ","$935,000 ",141,34.60%,200,4.7,98%,37,53
All Home Types,9,2025,Toronto E09,50,"$36,669,570 ","$733,391 ","$776,500 ",179,34.40%,270,4.2,100%,32,41
All Home Types,9,2025,Toronto E10,43,"$42,944,900 ","$998,719 ","$925,000 ",117,42.60%,163,3.3,98%,33,47
All Home Types,9,2025,Toronto E11,35,"$27,753,850 ","$792,967 ","$760,000 ",126,35.80%,197,4.5,98%,36,49
All Home Types,10,2025,All TRREB Areas,"6,138","$6,471,735,819 ","$1,054,372 ","$900,000 ","16,069",34.10%,"27,808",4.7,98%,31,50
All Home Types,10,2025,Halton Region,694,"$789,107,340 ","$1,137,042 ","$999,450 ","1,654",36.30%,"2,860",4.3,96%,34,52
All Home Types,10,2025,Burlington,214,"$212,087,218 ","$991,062 ","$923,750 ",475,42.90%,815,3.7,97%,39,52
All Home Types,10,2025,Halton Hills,62,"$64,597,693 ","$1,041,898 ","$962,500 ",161,39.50%,252,3.8,97%,24,42
All Home Types,10,2025,Milton,169,"$173,469,267 ","$1,026,445 ","$958,000 ",349,36.90%,546,3.7,98%,32,52
All Home Types,10,2025,Oakville,249,"$338,953,162 ","$1,361,258 ","$1,210,000 ",669,30.80%,"1,247",5.4,95%,33,54
All Home Types,10,2025,Peel Region,"1,097","$1,058,998,928 ","$965,359 ","$888,888 ","2,911",30.70%,"5,174",5.2,97%,31,54
All Home Types,10,2025,Brampton,470,"$439,095,321 ","$934,245 ","$869,058 ","1,272",29.20%,"2,193",5.2,97%,31,55
All Home Types,10,2025,Caledon,71,"$81,675,500 ","$1,150,359 ","$1,064,000 ",229,27.90%,476,6.5,96%,30,69
All Home Types,10,2025,Mississauga,556,"$538,228,107 ","$968,036 ","$890,000 ","1,410",32.50%,"2,505",5,97%,31,52
All Home Types,10,2025,City of Toronto,"2,351","$2,515,115,610 ","$1,069,807 ","$845,000 ","5,988",34.50%,"10,357",4.8,98%,31,47
All Home Types,10,2025,Toronto West,624,"$665,791,965 ","$1,066,974 ","$900,000 ","1,535",37.40%,"2,595",4.3,99%,30,46
All Home Types,10,2025,Toronto Central,"1,075","$1,220,950,226 ","$1,135,768 ","$760,000 ","2,998",30.90%,"5,723",5.8,97%,34,52
All Home Types,10,2025,Toronto East,652,"$628,373,419 ","$963,763 ","$883,750 ","1,455",39.90%,"2,039",3.5,100%,26,39
All Home Types,10,2025,York Region,"1,050","$1,296,591,474 ","$1,234,849 ","$1,120,000 ","3,027",32.60%,"5,486",5.1,97%,32,54
All Home Types,10,2025,Aurora,62,"$81,682,880 ","$1,317,466 ","$1,150,000 ",210,31.50%,332,5,97%,24,43
All Home Types,10,2025,East Gwillimbury,29,"$34,966,000 ","$1,205,724 ","$1,185,000 ",137,30.00%,238,5.3,98%,30,53
All Home Types,10,2025,Georgina,57,"$47,314,387 ","$830,077 ","$780,000 ",171,32.10%,328,5.4,96%,35,68
All Home Types,10,2025,King,23,"$50,026,000 ","$2,175,043 ","$1,985,000 ",91,22.90%,242,10.5,94%,25,56
All Home Types,10,2025,Markham,281,"$345,864,183 ","$1,230,833 ","$1,138,000 ",680,35.50%,"1,170",4.4,99%,33,54
All Home Types,10,2025,Newmarket,75,"$76,586,700 ","$1,021,156 ","$925,000 ",211,36.60%,340,4,97%,31,52
All Home Types,10,2025,Richmond Hill,175,"$233,484,868 ","$1,334,199 ","$1,220,000 ",574,29.90%,"1,100",5.8,98%,32,54
All Home Types,10,2025,Vaughan,293,"$355,811,957 ","$1,214,375 ","$1,164,500 ",805,32.40%,"1,461",5,97%,33,56
All Home Types,10,2025,Stouffville,55,"$70,854,499 ","$1,288,264 ","$1,220,000 ",148,35.10%,275,5.1,97%,34,48
All Home Types,10,2025,Durham Region,715,"$609,011,222 ","$851,764 ","$801,000 ","1,792",40.10%,"2,571",3.2,99%,29,47
All Home Types,10,2025,Ajax,102,"$92,314,002 ","$905,039 ","$846,500 ",196,44.80%,277,2.7,98%,28,47
All Home Types,10,2025,Brock,18,"$12,618,000 ","$701,000 ","$629,000 ",41,35.00%,82,5.2,95%,42,65
All Home Types,10,2025,Clarington,107,"$84,866,399 ","$793,144 ","$750,000 ",330,40.90%,423,2.9,99%,29,45
All Home Types,10,2025,Oshawa,177,"$128,764,123 ","$727,481 ","$695,000 ",466,39.40%,681,3.3,100%,27,43
All Home Types,10,2025,Pickering,121,"$107,315,868 ","$886,908 ","$855,000 ",296,38.80%,436,3.5,99%,30,51
All Home Types,10,2025,Scugog,32,"$29,984,899 ","$937,028 ","$872,500 ",55,36.30%,118,4.6,97%,48,68
All Home Types,10,2025,Uxbridge,19,"$22,715,882 ","$1,195,573 ","$1,240,000 ",63,33.30%,125,5.1,96%,38,64
All Home Types,10,2025,Whitby,139,"$130,432,050 ","$938,360 ","$860,000 ",345,41.00%,429,2.9,98%,25,42
All Home Types,10,2025,Dufferin County,33,"$24,372,700 ","$738,567 ","$710,000 ",80,41.40%,138,3.9,98%,38,58
All Home Types,10,2025,Orangeville,33,"$24,372,700 ","$738,567 ","$710,000 ",80,41.40%,138,3.9,98%,38,58
All Home Types,10,2025,Simcoe County,198,"$178,538,545 ","$901,710 ","$800,000 ",617,29.40%,"1,222",6.1,96%,39,61
All Home Types,10,2025,Adjala-Tosorontio,9,"$11,898,500 ","$1,322,056 ","$960,000 ",32,23.80%,99,10,95%,49,96
All Home Types,10,2025,Bradford,55,"$53,738,325 ","$977,060 ","$905,000 ",125,31.10%,226,4.9,97%,36,65
All Home Types,10,2025,Essa,22,"$16,404,388 ","$745,654 ","$655,000 ",77,32.80%,129,5.3,97%,38,47
All Home Types,10,2025,Innisfil,61,"$57,063,388 ","$935,465 ","$800,000 ",229,24.70%,468,7.5,96%,43,66
All Home Types,10,2025,New Tecumseth,51,"$39,433,944 ","$773,215 ","$740,000 ",154,35.80%,300,4.9,95%,37,51
All Home Types,10,2025,All TRREB Areas,"6,138","$6,471,735,819 ","$1,054,372 ","$900,000 ","16,069",34.10%,"27,808",4.7,98%,31,50
All Home Types,10,2025,City of Toronto,"2,351","$2,515,115,610 ","$1,069,807 ","$845,000 ","5,988",34.50%,"10,357",4.8,98%,31,47
All Home Types,10,2025,Toronto West,624,"$665,791,965 ","$1,066,974 ","$900,000 ","1,535",37.40%,"2,595",4.3,99%,30,46
All Home Types,10,2025,Toronto W01,37,"$41,486,989 ","$1,121,270 ","$845,000 ",107,38.40%,181,3.9,102%,24,33
All Home Types,10,2025,Toronto W02,80,"$103,807,342 ","$1,297,592 ","$1,237,750 ",155,43.20%,200,2.8,102%,21,32
All Home Types,10,2025,Toronto W03,41,"$38,968,875 ","$950,460 ","$910,000 ",113,40.30%,169,3.5,100%,29,42
All Home Types,10,2025,Toronto W04,60,"$51,972,540 ","$866,209 ","$811,250 ",144,34.50%,289,5.1,98%,33,48
All Home Types,10,2025,Toronto W05,90,"$75,885,750 ","$843,175 ","$873,500 ",200,37.60%,380,5,99%,38,54
All Home Types,10,2025,Toronto W06,93,"$81,578,200 ","$877,185 ","$750,000 ",258,33.70%,431,5,97%,36,57
All Home Types,10,2025,Toronto W07,21,"$25,832,716 ","$1,230,129 ","$1,175,000 ",48,37.50%,83,4.2,100%,31,45
All Home Types,10,2025,Toronto W08,145,"$197,810,034 ","$1,364,207 ","$990,000 ",304,38.00%,521,4.2,98%,28,47
All Home Types,10,2025,Toronto W09,20,"$20,625,219 ","$1,031,261 ","$1,064,000 ",89,40.40%,142,3.8,97%,26,52
All Home Types,10,2025,Toronto W10,37,"$27,824,300 ","$752,008 ","$810,000 ",117,34.80%,199,4.9,97%,33,44
All Home Types,10,2025,Toronto Central,"1,075","$1,220,950,226 ","$1,135,768 ","$760,000 ","2,998",30.90%,"5,723",5.8,97%,34,52
All Home Types,10,2025,Toronto C01,286,"$242,012,421 ","$846,197 ","$716,500 ",753,29.90%,"1,494",6.1,98%,34,50
All Home Types,10,2025,Toronto C02,63,"$117,261,590 ","$1,861,295 ","$1,275,000 ",199,30.80%,409,5.9,95%,38,54
All Home Types,10,2025,Toronto C03,56,"$73,032,906 ","$1,304,159 ","$1,137,500 ",115,37.60%,189,4.1,96%,31,52
All Home Types,10,2025,Toronto C04,62,"$120,731,995 ","$1,947,290 ","$1,737,000 ",148,37.80%,239,4.1,97%,23,33
All Home Types,10,2025,Toronto C06,28,"$30,943,165 ","$1,105,113 ","$911,380 ",105,33.20%,162,4.8,100%,25,39
All Home Types,10,2025,Toronto C07,46,"$48,211,288 ","$1,048,071 ","$812,500 ",174,31.80%,382,5.8,98%,32,50
All Home Types,10,2025,Toronto C08,149,"$108,185,685 ","$726,078 ","$626,000 ",462,25.70%,901,7.3,97%,40,60
All Home Types,10,2025,Toronto C09,26,"$93,295,500 ","$3,588,288 ","$2,010,000 ",60,38.60%,108,4.6,93%,43,55
All Home Types,10,2025,Toronto C10,66,"$63,962,131 ","$969,123 ","$737,000 ",133,34.80%,214,4.4,97%,37,56
All Home Types,10,2025,Toronto C11,37,"$49,086,600 ","$1,326,665 ","$1,180,000 ",93,33.80%,143,4.8,98%,34,52
All Home Types,10,2025,Toronto C12,27,"$70,846,586 ","$2,623,948 ","$2,150,000 ",98,22.90%,231,10.5,95%,40,62
All Home Types,10,2025,Toronto C13,57,"$57,118,738 ","$1,002,083 ","$840,000 ",165,32.90%,301,5.3,98%,29,51
All Home Types,10,2025,Toronto C14,75,"$68,083,821 ","$907,784 ","$657,600 ",223,31.10%,440,5.9,97%,33,59
All Home Types,10,2025,Toronto C15,97,"$78,177,800 ","$805,957 ","$669,500 ",270,32.90%,510,5.2,98%,29,46
All Home Types,10,2025,Toronto East,652,"$628,373,419 ","$963,763 ","$883,750 ","1,455",39.90%,"2,039",3.5,100%,26,39
All Home Types,10,2025,Toronto E01,69,"$86,427,453 ","$1,252,572 ","$1,265,000 ",147,44.50%,160,2.3,105%,15,22
All Home Types,10,2025,Toronto E02,67,"$85,914,510 ","$1,282,306 ","$1,120,000 ",103,47.30%,112,2.2,102%,18,29
All Home Types,10,2025,Toronto E03,87,"$97,237,400 ","$1,117,671 ","$995,000 ",196,44.80%,211,2.4,101%,21,27
All Home Types,10,2025,Toronto E04,74,"$57,285,200 ","$774,124 ","$792,500 ",156,38.50%,236,3.8,99%,34,45
All Home Types,10,2025,Toronto E05,70,"$58,377,910 ","$833,970 ","$742,500 ",155,41.20%,220,3.7,100%,29,44
All Home Types,10,2025,Toronto E06,31,"$35,749,500 ","$1,153,210 ","$830,500 ",93,37.70%,113,3.4,98%,27,47
All Home Types,10,2025,Toronto E07,61,"$50,655,866 ","$830,424 ","$863,000 ",127,39.70%,203,3.9,99%,27,48
All Home Types,10,2025,Toronto E08,41,"$38,749,600 ","$945,112 ","$906,000 ",108,33.50%,190,4.9,98%,29,46
All Home Types,10,2025,Toronto E09,64,"$44,115,076 ","$689,298 ","$649,444 ",161,34.20%,258,4.3,98%,32,48
All Home Types,10,2025,Toronto E10,44,"$41,483,104 ","$942,798 ","$907,500 ",92,42.70%,149,3.4,99%,29,38
All Home Types,10,2025,Toronto E11,44,"$32,377,800 ","$735,859 ","$702,500 ",117,35.30%,187,4.6,99%,28,49
All Home Types,11,2025,All TRREB Areas,"5,010","$5,207,684,925 ","$1,039,458 ","$875,000 ","11,134",33.70%,"24,549",4.8,97%,34,56
All Home Types,11,2025,Halton Region,545,"$635,719,020 ","$1,166,457 ","$981,000 ","1,047",35.90%,"2,433",4.4,96%,38,60
All Home Types,11,2025,Burlington,149,"$156,488,301 ","$1,050,257 ","$902,500 ",298,42.10%,718,3.8,97%,42,55
All Home Types,11,2025,Halton Hills,52,"$52,182,400 ","$1,003,508 ","$903,750 ",87,38.90%,210,3.9,95%,35,66
All Home Types,11,2025,Milton,120,"$115,749,938 ","$964,583 ","$900,000 ",238,36.40%,461,3.9,98%,33,54
All Home Types,11,2025,Oakville,224,"$311,298,381 ","$1,389,725 ","$1,191,088 ",424,30.80%,"1,044",5.5,95%,38,65
All Home Types,11,2025,Peel Region,841,"$809,250,090 ","$962,247 ","$865,000 ","2,173",30.30%,"4,631",5.3,96%,33,58
All Home Types,11,2025,Brampton,381,"$348,295,416 ","$914,161 ","$849,000 ","1,020",28.70%,"1,966",5.4,97%,31,54
All Home Types,11,2025,Caledon,61,"$75,272,800 ","$1,233,980 ","$1,130,000 ",149,27.30%,416,6.8,95%,37,71
All Home Types,11,2025,Mississauga,399,"$385,681,874 ","$966,621 ","$880,000 ","1,004",32.30%,"2,249",5.1,96%,35,60
All Home Types,11,2025,City of Toronto,"1,912","$1,981,523,317 ","$1,036,362 ","$820,000 ","4,171",34.10%,"9,365",4.9,98%,34,53
All Home Types,11,2025,Toronto West,518,"$525,969,953 ","$1,015,386 ","$875,000 ","1,044",37.00%,"2,306",4.4,98%,34,53
All Home Types,11,2025,Toronto Central,912,"$1,002,019,075 ","$1,098,705 ","$750,000 ","2,132",30.60%,"5,235",5.9,96%,38,58
All Home Types,11,2025,Toronto East,482,"$453,534,289 ","$940,943 ","$850,500 ",995,39.40%,"1,824",3.6,100%,27,45
All Home Types,11,2025,York Region,893,"$1,079,179,191 ","$1,208,487 ","$1,057,500 ","2,120",32.00%,"4,815",5.2,97%,35,58
All Home Types,11,2025,Aurora,50,"$64,294,688 ","$1,285,894 ","$1,132,500 ",131,30.30%,295,5.3,95%,35,74
All Home Types,11,2025,East Gwillimbury,40,"$47,833,800 ","$1,195,845 ","$1,145,000 ",81,29.50%,198,5.5,96%,32,54
All Home Types,11,2025,Georgina,51,"$40,023,050 ","$784,766 ","$777,000 ",102,32.20%,264,5.4,96%,41,68
All Home Types,11,2025,King,23,"$69,712,000 ","$3,030,957 ","$2,187,000 ",71,22.40%,214,10.8,95%,45,86
All Home Types,11,2025,Markham,219,"$251,826,618 ","$1,149,893 ","$1,100,000 ",514,34.90%,"1,036",4.6,98%,34,54
All Home Types,11,2025,Newmarket,60,"$57,224,588 ","$953,743 ","$899,000 ",159,34.90%,304,4.3,98%,29,48
All Home Types,11,2025,Richmond Hill,163,"$204,707,886 ","$1,255,877 ","$1,100,000 ",398,29.70%,978,6,97%,33,55
All Home Types,11,2025,Vaughan,231,"$275,997,249 ","$1,194,793 ","$1,053,000 ",571,31.70%,"1,299",5.2,96%,37,59
All Home Types,11,2025,Stouffville,56,"$67,559,312 ","$1,206,416 ","$1,101,000 ",93,34.80%,227,5.2,97%,42,62
All Home Types,11,2025,Durham Region,622,"$522,997,956 ","$840,833 ","$789,449 ","1,186",39.60%,"2,154",3.3,98%,30,51
All Home Types,11,2025,Ajax,67,"$60,845,297 ","$908,139 ","$825,500 ",150,43.70%,239,2.8,99%,31,52
All Home Types,11,2025,Brock,9,"$5,331,000 ","$592,333 ","$562,000 ",25,32.70%,69,5.6,98%,41,68
All Home Types,11,2025,Clarington,112,"$86,312,600 ","$770,648 ","$730,000 ",208,40.10%,347,3,99%,26,49
All Home Types,11,2025,Oshawa,170,"$124,267,900 ","$730,988 ","$690,000 ",324,39.10%,566,3.3,99%,27,44
All Home Types,11,2025,Pickering,107,"$98,368,567 ","$919,332 ","$850,000 ",186,38.20%,362,3.6,98%,37,56
All Home Types,11,2025,Scugog,24,"$20,173,602 ","$840,567 ","$748,801 ",50,37.30%,96,4.5,97%,29,53
All Home Types,11,2025,Uxbridge,20,"$22,373,000 ","$1,118,650 ","$887,500 ",38,33.70%,106,5.2,97%,36,68
All Home Types,11,2025,Whitby,113,"$105,325,990 ","$932,088 ","$895,000 ",205,40.40%,369,3,98%,27,50
All Home Types,11,2025,Dufferin County,21,"$16,598,900 ","$790,424 ","$750,000 ",45,40.80%,112,4.1,98%,46,77
All Home Types,11,2025,Orangeville,21,"$16,598,900 ","$790,424 ","$750,000 ",45,40.80%,112,4.1,98%,46,77
All Home Types,11,2025,Simcoe County,176,"$162,416,450 ","$922,821 ","$822,500 ",392,29.30%,"1,039",6.2,96%,45,71
All Home Types,11,2025,Adjala-Tosorontio,10,"$12,993,000 ","$1,299,300 ","$1,107,500 ",22,23.40%,79,10.3,95%,53,72
All Home Types,11,2025,Bradford,43,"$42,438,400 ","$986,940 ","$950,000 ",72,31.30%,185,5,97%,44,68
All Home Types,11,2025,Essa,18,"$13,607,500 ","$755,972 ","$670,000 ",45,32.60%,108,5.3,96%,44,74
All Home Types,11,2025,Innisfil,56,"$49,413,150 ","$882,378 ","$732,500 ",175,24.40%,425,7.7,97%,51,84
All Home Types,11,2025,New Tecumseth,49,"$43,964,400 ","$897,233 ","$840,000 ",78,35.50%,242,5.1,95%,36,58
All Home Types,11,2025,All TRREB Areas,"5,010","$5,207,684,925 ","$1,039,458 ","$875,000 ","11,134",33.70%,"24,549",4.8,97%,34,56
All Home Types,11,2025,City of Toronto,"1,912","$1,981,523,317 ","$1,036,362 ","$820,000 ","4,171",34.10%,"9,365",4.9,98%,34,53
All Home Types,11,2025,Toronto West,518,"$525,969,953 ","$1,015,386 ","$875,000 ","1,044",37.00%,"2,306",4.4,98%,34,53
All Home Types,11,2025,Toronto W01,41,"$51,917,788 ","$1,266,288 ","$1,025,000 ",63,39.20%,151,3.8,100%,36,53
All Home Types,11,2025,Toronto W02,63,"$71,725,878 ","$1,138,506 ","$1,040,000 ",89,43.90%,160,2.8,101%,25,38
All Home Types,11,2025,Toronto W03,37,"$34,628,700 ","$935,911 ","$867,500 ",74,39.90%,147,3.6,100%,26,41
All Home Types,11,2025,Toronto W04,53,"$47,878,018 ","$903,359 ","$830,000 ",110,33.40%,249,5.3,97%,44,67
All Home Types,11,2025,Toronto W05,69,"$53,388,500 ","$773,746 ","$810,000 ",137,38.20%,358,5,97%,37,53
All Home Types,11,2025,Toronto W06,71,"$61,479,144 ","$865,903 ","$746,000 ",179,32.60%,379,5.2,96%,44,62
All Home Types,11,2025,Toronto W07,14,"$16,882,001 ","$1,205,857 ","$971,000 ",35,37.00%,71,4.4,97%,28,38
All Home Types,11,2025,Toronto W08,100,"$122,944,425 ","$1,229,444 ","$974,250 ",213,37.30%,480,4.3,97%,32,57
All Home Types,11,2025,Toronto W09,35,"$36,425,000 ","$1,040,714 ","$1,025,000 ",59,39.70%,120,4,98%,27,39
All Home Types,11,2025,Toronto W10,35,"$28,700,499 ","$820,014 ","$830,000 ",85,33.80%,191,5.1,98%,28,57
All Home Types,11,2025,Toronto Central,912,"$1,002,019,075 ","$1,098,705 ","$750,000 ","2,132",30.60%,"5,235",5.9,96%,38,58
All Home Types,11,2025,Toronto C01,255,"$203,067,856 ","$796,345 ","$685,000 ",542,30.00%,"1,351",6.2,97%,41,62
All Home Types,11,2025,Toronto C02,61,"$123,513,682 ","$2,024,814 ","$1,510,000 ",147,30.60%,381,6.1,95%,38,64
All Home Types,11,2025,Toronto C03,40,"$60,744,516 ","$1,518,613 ","$1,129,500 ",89,36.90%,186,4.2,97%,33,52
All Home Types,11,2025,Toronto C04,48,"$98,280,906 ","$2,047,519 ","$1,884,000 ",116,37.10%,231,4.2,95%,26,43
All Home Types,11,2025,Toronto C06,24,"$22,813,500 ","$950,563 ","$880,000 ",70,33.30%,142,4.8,97%,27,44
All Home Types,11,2025,Toronto C07,62,"$61,229,171 ","$987,567 ","$787,500 ",137,30.70%,350,6.1,95%,38,56
All Home Types,11,2025,Toronto C08,134,"$102,168,483 ","$762,451 ","$640,000 ",321,26.00%,808,7.3,97%,37,56
All Home Types,11,2025,Toronto C09,16,"$36,452,000 ","$2,278,250 ","$1,947,500 ",34,37.00%,99,4.9,97%,35,49
All Home Types,11,2025,Toronto C10,45,"$46,415,073 ","$1,031,446 ","$750,000 ",83,34.60%,176,4.4,99%,37,50
All Home Types,11,2025,Toronto C11,27,"$34,792,300 ","$1,288,604 ","$629,000 ",61,33.60%,134,4.9,100%,20,24
All Home Types,11,2025,Toronto C12,19,"$48,129,500 ","$2,533,132 ","$2,448,000 ",61,22.50%,218,10.8,92%,52,84
All Home Types,11,2025,Toronto C13,63,"$66,348,688 ","$1,053,154 ","$780,000 ",113,33.10%,262,5.3,96%,40,55
All Home Types,11,2025,Toronto C14,45,"$42,239,000 ","$938,644 ","$689,000 ",178,29.70%,421,6.2,98%,37,71
All Home Types,11,2025,Toronto C15,73,"$55,824,400 ","$764,718 ","$625,000 ",180,31.50%,476,5.5,97%,44,63
All Home Types,11,2025,Toronto East,482,"$453,534,289 ","$940,943 ","$850,500 ",995,39.40%,"1,824",3.6,100%,27,45
All Home Types,11,2025,Toronto E01,65,"$74,710,005 ","$1,149,385 ","$1,180,000 ",97,44.30%,135,2.4,104%,20,30
All Home Types,11,2025,Toronto E02,41,"$54,420,079 ","$1,327,319 ","$1,195,000 ",77,46.00%,95,2.3,101%,19,36
All Home Types,11,2025,Toronto E03,51,"$58,722,743 ","$1,151,426 ","$1,100,000 ",110,43.40%,185,2.6,100%,23,36
All Home Types,11,2025,Toronto E04,56,"$40,958,800 ","$731,407 ","$799,000 ",105,39.10%,202,3.9,99%,30,53
All Home Types,11,2025,Toronto E05,39,"$35,482,888 ","$909,818 ","$866,000 ",109,39.80%,219,3.9,97%,30,44
All Home Types,11,2025,Toronto E06,28,"$29,649,000 ","$1,058,893 ","$817,500 ",52,38.20%,93,3.5,98%,27,57
All Home Types,11,2025,Toronto E07,42,"$30,400,388 ","$723,819 ","$569,500 ",86,38.80%,183,4.1,98%,41,61
All Home Types,11,2025,Toronto E08,30,"$27,279,200 ","$909,307 ","$873,500 ",66,33.70%,153,4.9,99%,28,43
All Home Types,11,2025,Toronto E09,55,"$41,396,586 ","$752,665 ","$770,000 ",130,33.40%,241,4.5,98%,32,53
All Home Types,11,2025,Toronto E10,39,"$33,277,200 ","$853,262 ","$865,000 ",74,42.20%,135,3.5,100%,29,47
All Home Types,11,2025,Toronto E11,36,"$27,237,400 ","$756,594 ","$720,000 ",89,34.70%,183,4.7,99%,25,43
All Home Types,12,2025,All TRREB Areas,"3,697","$3,721,899,612 ","$1,006,735 ","$850,000 ","5,299",33.40%,"17,005",4.9,97%,41,65
All Home Types,12,2025,Halton Region,380,"$425,908,278 ","$1,120,811 ","$970,000 ",446,35.50%,"1,621",4.5,96%,46,69
All Home Types,12,2025,Burlington,121,"$120,414,651 ","$995,162 ","$868,000 ",116,41.60%,485,3.9,96%,48,67
All Home Types,12,2025,Halton Hills,36,"$38,371,900 ","$1,065,886 ","$901,250 ",26,39.00%,130,3.9,95%,45,72
All Home Types,12,2025,Milton,88,"$85,663,976 ","$973,454 ","$931,750 ",112,36.00%,326,3.9,97%,39,63
All Home Types,12,2025,Oakville,135,"$181,457,751 ","$1,344,131 ","$1,150,000 ",192,30.40%,680,5.6,95%,49,74
All Home Types,12,2025,Peel Region,666,"$624,049,836 ","$937,012 ","$850,000 ","1,161",30.10%,"3,341",5.4,96%,38,63
All Home Types,12,2025,Brampton,290,"$255,971,559 ","$882,661 ","$828,500 ",567,28.60%,"1,499",5.5,97%,35,60
All Home Types,12,2025,Caledon,43,"$47,373,408 ","$1,101,707 ","$1,010,000 ",79,26.90%,287,6.9,95%,47,86
All Home Types,12,2025,Mississauga,333,"$320,704,869 ","$963,078 ","$845,000 ",515,32.10%,"1,555",5.1,96%,40,62
All Home Types,12,2025,City of Toronto,"1,363","$1,344,656,478 ","$986,542 ","$780,000 ","1,950",34.10%,"6,456",4.9,97%,41,64
All Home Types,12,2025,Toronto West,374,"$336,381,078 ","$899,415 ","$805,000 ",484,37.00%,"1,584",4.4,97%,43,65
All Home Types,12,2025,Toronto Central,671,"$726,096,502 ","$1,082,111 ","$730,000 ","1,052",30.50%,"3,652",5.9,96%,41,65
All Home Types,12,2025,Toronto East,318,"$282,178,898 ","$887,355 ","$836,000 ",414,39.10%,"1,220",3.6,99%,36,60
All Home Types,12,2025,York Region,683,"$822,363,593 ","$1,204,046 ","$1,050,000 ",981,31.60%,"3,346",5.4,96%,42,65
All Home Types,12,2025,Aurora,41,"$51,189,500 ","$1,248,524 ","$1,140,000 ",41,30.10%,188,5.5,98%,43,70
All Home Types,12,2025,East Gwillimbury,31,"$34,886,888 ","$1,125,383 ","$1,070,000 ",36,29.80%,124,5.5,97%,42,80
All Home Types,12,2025,Georgina,31,"$24,702,043 ","$796,840 ","$700,000 ",58,31.40%,194,5.6,96%,46,66
All Home Types,12,2025,King,14,"$30,075,000 ","$2,148,214 ","$1,715,000 ",32,22.10%,163,10.9,92%,56,104
All Home Types,12,2025,Markham,171,"$203,014,807 ","$1,187,221 ","$1,070,000 ",248,34.50%,725,4.7,97%,36,56
All Home Types,12,2025,Newmarket,44,"$44,104,676 ","$1,002,379 ","$870,000 ",66,33.90%,209,4.4,97%,42,59
All Home Types,12,2025,Richmond Hill,114,"$139,172,480 ","$1,220,811 ","$1,105,000 ",211,28.60%,685,6.3,97%,44,76
All Home Types,12,2025,Vaughan,194,"$226,991,199 ","$1,170,058 ","$1,008,500 ",247,31.50%,914,5.3,96%,43,63
All Home Types,12,2025,Stouffville,43,"$68,227,000 ","$1,586,674 ","$1,140,000 ",42,35.00%,144,5.2,94%,42,68
All Home Types,12,2025,Durham Region,455,"$384,235,377 ","$844,473 ","$795,000 ",529,39.30%,"1,424",3.4,98%,38,60
All Home Types,12,2025,Ajax,59,"$54,367,900 ","$921,490 ","$890,000 ",73,43.20%,173,2.9,97%,36,59
All Home Types,12,2025,Brock,10,"$6,161,500 ","$616,150 ","$607,250 ",14,32.80%,47,5.5,93%,61,97
All Home Types,12,2025,Clarington,97,"$75,643,214 ","$779,827 ","$751,000 ",86,41.10%,221,2.9,99%,37,57
All Home Types,12,2025,Oshawa,117,"$85,321,389 ","$729,243 ","$720,000 ",150,38.70%,383,3.4,99%,35,53
All Home Types,12,2025,Pickering,67,"$62,612,696 ","$934,518 ","$910,000 ",78,37.70%,254,3.7,98%,46,69
All Home Types,12,2025,Scugog,13,"$10,221,125 ","$786,240 ","$750,000 ",18,36.40%,56,4.7,95%,42,51
All Home Types,12,2025,Uxbridge,11,"$13,097,500 ","$1,190,682 ","$1,250,000 ",8,32.50%,63,5.4,93%,63,129
All Home Types,12,2025,Whitby,81,"$76,810,053 ","$948,272 ","$894,500 ",102,39.80%,227,3,98%,32,56
All Home Types,12,2025,Dufferin County,15,"$11,007,400 ","$733,827 ","$750,000 ",27,40.70%,89,4.2,97%,55,80
All Home Types,12,2025,Orangeville,15,"$11,007,400 ","$733,827 ","$750,000 ",27,40.70%,89,4.2,97%,55,80
All Home Types,12,2025,Simcoe County,135,"$109,678,650 ","$812,434 ","$790,000 ",205,29.10%,728,6.3,96%,47,76
All Home Types,12,2025,Adjala-Tosorontio,10,"$10,995,000 ","$1,099,500 ","$1,181,250 ",12,24.10%,61,10.1,92%,72,100
All Home Types,12,2025,Bradford,33,"$31,779,900 ","$963,027 ","$870,000 ",39,31.20%,117,5,96%,51,73
All Home Types,12,2025,Essa,13,"$9,116,000 ","$701,231 ","$599,000 ",24,32.70%,83,5.4,97%,45,79
All Home Types,12,2025,Innisfil,49,"$34,307,750 ","$700,158 ","$685,000 ",83,24.20%,293,7.8,96%,39,74
All Home Types,12,2025,New Tecumseth,30,"$23,480,000 ","$782,667 ","$762,500 ",47,34.90%,174,5.3,96%,49,71
All Home Types,12,2025,All TRREB Areas,"3,697","$3,721,899,612 ","$1,006,735 ","$850,000 ","5,299",33.40%,"17,005",4.9,97%,41,65
All Home Types,12,2025,City of Toronto,"1,363","$1,344,656,478 ","$986,542 ","$780,000 ","1,950",34.10%,"6,456",4.9,97%,41,64
All Home Types,12,2025,Toronto West,374,"$336,381,078 ","$899,415 ","$805,000 ",484,37.00%,"1,584",4.4,97%,43,65
All Home Types,12,2025,Toronto W01,25,"$28,264,000 ","$1,130,560 ","$815,000 ",35,39.40%,103,3.8,96%,49,70
All Home Types,12,2025,Toronto W02,35,"$32,522,666 ","$929,219 ","$845,000 ",35,43.60%,110,2.8,101%,29,52
All Home Types,12,2025,Toronto W03,37,"$32,265,800 ","$872,049 ","$825,000 ",37,39.50%,97,3.6,98%,35,47
All Home Types,12,2025,Toronto W04,31,"$24,647,500 ","$795,081 ","$830,000 ",57,33.40%,190,5.3,98%,52,70
All Home Types,12,2025,Toronto W05,54,"$43,458,500 ","$804,787 ","$850,000 ",71,38.20%,243,5,97%,55,70
All Home Types,12,2025,Toronto W06,57,"$45,327,000 ","$795,211 ","$690,000 ",80,32.40%,263,5.3,97%,38,60
All Home Types,12,2025,Toronto W07,9,"$8,635,111 ","$959,457 ","$1,010,000 ",17,37.20%,55,4.3,98%,40,71
All Home Types,12,2025,Toronto W08,78,"$82,758,500 ","$1,061,006 ","$647,500 ",84,37.60%,309,4.3,96%,43,72
All Home Types,12,2025,Toronto W09,25,"$22,327,500 ","$893,100 ","$975,000 ",28,40.10%,81,4,93%,53,81
All Home Types,12,2025,Toronto W10,23,"$16,174,501 ","$703,239 ","$780,000 ",40,33.40%,133,5.3,96%,40,63
All Home Types,12,2025,Toronto Central,671,"$726,096,502 ","$1,082,111 ","$730,000 ","1,052",30.50%,"3,652",5.9,96%,41,65
All Home Types,12,2025,Toronto C01,185,"$144,028,467 ","$778,532 ","$650,000 ",294,30.10%,951,6.1,96%,40,60
All Home Types,12,2025,Toronto C02,44,"$80,133,189 ","$1,821,209 ","$1,275,020 ",60,30.70%,254,6.1,97%,39,65
All Home Types,12,2025,Toronto C03,25,"$49,868,695 ","$1,994,748 ","$1,400,000 ",22,37.20%,111,4.2,90%,54,66
All Home Types,12,2025,Toronto C04,33,"$65,105,906 ","$1,972,906 ","$1,780,000 ",42,37.30%,149,4.2,96%,29,60
All Home Types,12,2025,Toronto C06,13,"$10,121,026 ","$778,540 ","$638,000 ",31,32.60%,123,5.1,97%,40,68
All Home Types,12,2025,Toronto C07,37,"$39,848,500 ","$1,076,986 ","$1,032,000 ",64,30.10%,246,6.3,97%,41,74
All Home Types,12,2025,Toronto C08,94,"$60,228,688 ","$640,731 ","$545,000 ",172,25.80%,584,7.4,96%,46,62
All Home Types,12,2025,Toronto C09,11,"$21,699,000 ","$1,972,636 ","$1,550,000 ",18,36.50%,57,4.9,97%,30,38
All Home Types,12,2025,Toronto C10,31,"$24,683,276 ","$796,235 ","$635,000 ",46,34.60%,125,4.4,98%,31,50
All Home Types,12,2025,Toronto C11,15,"$25,220,900 ","$1,681,393 ","$1,135,000 ",33,33.50%,96,5,98%,32,59
All Home Types,12,2025,Toronto C12,21,"$40,818,750 ","$1,943,750 ","$1,722,900 ",19,24.00%,141,10.2,92%,45,84
All Home Types,12,2025,Toronto C13,41,"$45,158,800 ","$1,101,434 ","$648,000 ",55,33.10%,177,5.3,94%,54,81
All Home Types,12,2025,Toronto C14,60,"$61,752,400 ","$1,029,207 ","$690,000 ",95,29.30%,302,6.3,97%,35,66
All Home Types,12,2025,Toronto C15,61,"$57,428,905 ","$941,457 ","$618,000 ",101,31.40%,336,5.6,96%,46,76
All Home Types,12,2025,Toronto East,318,"$282,178,898 ","$887,355 ","$836,000 ",414,39.10%,"1,220",3.6,99%,36,60
All Home Types,12,2025,Toronto E01,32,"$37,381,500 ","$1,168,172 ","$1,102,500 ",27,44.40%,78,2.4,99%,30,51
All Home Types,12,2025,Toronto E02,20,"$24,974,700 ","$1,248,735 ","$1,044,000 ",16,45.70%,49,2.3,103%,38,55
All Home Types,12,2025,Toronto E03,35,"$35,123,544 ","$1,003,530 ","$880,000 ",26,43.30%,105,2.7,96%,40,70
All Home Types,12,2025,Toronto E04,32,"$26,759,500 ","$836,234 ","$836,000 ",49,38.00%,139,4,100%,27,50
All Home Types,12,2025,Toronto E05,37,"$29,559,500 ","$798,905 ","$755,000 ",59,39.70%,149,3.9,100%,36,65
All Home Types,12,2025,Toronto E06,20,"$19,103,000 ","$955,150 ","$787,500 ",16,38.70%,55,3.5,98%,51,72
All Home Types,12,2025,Toronto E07,31,"$21,468,391 ","$692,529 ","$608,000 ",46,37.80%,124,4.2,99%,38,65
All Home Types,12,2025,Toronto E08,22,"$17,799,000 ","$809,045 ","$822,500 ",32,33.90%,100,4.9,97%,39,69
All Home Types,12,2025,Toronto E09,39,"$27,420,499 ","$703,090 ","$700,000 ",69,33.30%,179,4.6,99%,30,52
All Home Types,12,2025,Toronto E10,24,"$25,362,899 ","$1,056,787 ","$1,022,500 ",38,41.00%,101,3.6,96%,44,68
All Home Types,12,2025,Toronto E11,26,"$17,226,365 ","$662,553 ","$640,000 ",36,35.00%,141,4.7,97%,33,56
All Home Types,1,2026,All TRREB Areas,"3,082","$2,999,676,090 ","$973,289 ","$840,000 ","10,774",33.30%,"17,975",5,97%,45,67
All Home Types,1,2026,Halton Region,326,"$368,883,120 ","$1,131,543 ","$1,010,000 ","1,121",35.40%,"1,775",4.6,96%,45,67
All Home Types,1,2026,Burlington,109,"$112,442,222 ","$1,031,580 ","$910,000 ",321,41.20%,518,4,96%,53,69
All Home Types,1,2026,Halton Hills,30,"$30,968,000 ","$1,032,267 ","$1,015,000 ",89,38.20%,132,4.1,94%,44,67
All Home Types,1,2026,Milton,82,"$85,814,290 ","$1,046,516 ","$996,500 ",216,36.00%,334,4,97%,39,61
All Home Types,1,2026,Oakville,105,"$139,658,608 ","$1,330,082 ","$1,120,000 ",495,30.40%,791,5.7,95%,43,71
All Home Types,1,2026,Peel Region,609,"$565,796,297 ","$929,058 ","$838,900 ","2,067",30.00%,"3,456",5.5,96%,45,69
All Home Types,1,2026,Brampton,266,"$234,800,797 ","$882,710 ","$829,500 ",932,28.40%,"1,544",5.6,97%,44,70
All Home Types,1,2026,Caledon,43,"$47,913,480 ","$1,114,267 ","$1,002,000 ",158,26.80%,302,7,95%,57,78
All Home Types,1,2026,Mississauga,300,"$283,082,020 ","$943,607 ","$838,700 ",977,32.00%,"1,610",5.2,96%,44,68
All Home Types,1,2026,City of Toronto,"1,074","$1,018,901,215 ","$948,698 ","$749,500 ","4,077",33.90%,"6,968",5,97%,45,65
All Home Types,1,2026,Toronto West,290,"$268,121,548 ","$924,557 ","$800,000 ",974,36.80%,"1,651",4.5,98%,43,65
All Home Types,1,2026,Toronto Central,537,"$534,350,999 ","$995,067 ","$675,000 ","2,285",30.60%,"4,025",6,96%,49,69
All Home Types,1,2026,Toronto East,247,"$216,428,668 ","$876,229 ","$827,999 ",818,38.60%,"1,292",3.7,100%,39,57
All Home Types,1,2026,York Region,554,"$615,262,509 ","$1,110,582 ","$1,071,000 ","1,996",31.50%,"3,458",5.5,96%,47,71
All Home Types,1,2026,Aurora,31,"$38,394,000 ","$1,238,516 ","$1,178,000 ",112,30.10%,194,5.5,95%,53,78
All Home Types,1,2026,East Gwillimbury,19,"$18,462,788 ","$971,726 ","$912,000 ",76,30.00%,130,5.5,96%,49,69
All Home Types,1,2026,Georgina,19,"$16,020,600 ","$843,189 ","$800,000 ",116,30.70%,207,5.8,95%,42,69
All Home Types,1,2026,King,9,"$16,440,000 ","$1,826,667 ","$1,825,000 ",64,21.70%,170,11.2,93%,108,130
All Home Types,1,2026,Markham,163,"$179,453,992 ","$1,100,945 ","$1,095,000 ",491,34.50%,769,4.7,97%,40,60
All Home Types,1,2026,Newmarket,48,"$43,811,399 ","$912,737 ","$861,500 ",146,34.30%,228,4.4,97%,43,69
All Home Types,1,2026,Richmond Hill,98,"$126,008,332 ","$1,285,799 ","$1,165,000 ",391,28.60%,705,6.4,96%,51,80
All Home Types,1,2026,Vaughan,146,"$149,511,009 ","$1,024,048 ","$1,071,000 ",498,31.60%,886,5.4,96%,49,72
All Home Types,1,2026,Stouffville,21,"$27,160,389 ","$1,293,352 ","$1,015,000 ",102,33.80%,169,5.3,97%,40,67
All Home Types,1,2026,Durham Region,412,"$337,301,836 ","$818,694 ","$771,750 ","1,084",39.20%,"1,499",3.4,98%,39,59
All Home Types,1,2026,Ajax,54,"$47,527,192 ","$880,133 ","$850,000 ",123,43.30%,175,2.9,97%,33,54
All Home Types,1,2026,Brock,10,"$6,624,500 ","$662,450 ","$662,500 ",25,33.00%,45,5.5,98%,41,41
All Home Types,1,2026,Clarington,63,"$45,924,750 ","$728,964 ","$685,000 ",159,41.40%,221,2.9,97%,46,69
All Home Types,1,2026,Oshawa,127,"$90,119,790 ","$709,605 ","$690,000 ",306,38.50%,397,3.5,99%,37,54
All Home Types,1,2026,Pickering,60,"$56,133,870 ","$935,565 ","$880,000 ",186,37.30%,270,3.8,98%,43,65
All Home Types,1,2026,Scugog,14,"$13,169,444 ","$940,675 ","$912,472 ",38,36.80%,69,4.7,97%,54,85
All Home Types,1,2026,Uxbridge,6,"$5,980,000 ","$996,667 ","$995,000 ",40,31.70%,67,5.6,94%,46,91
All Home Types,1,2026,Whitby,78,"$71,822,290 ","$920,799 ","$865,000 ",207,39.50%,255,3.1,98%,33,55
All Home Types,1,2026,Dufferin County,15,"$12,229,500 ","$815,300 ","$715,000 ",45,39.30%,93,4.4,96%,50,63
All Home Types,1,2026,Orangeville,15,"$12,229,500 ","$815,300 ","$715,000 ",45,39.30%,93,4.4,96%,50,63
All Home Types,1,2026,Simcoe County,92,"$81,301,613 ","$883,713 ","$830,000 ",384,28.70%,726,6.5,95%,51,80
All Home Types,1,2026,Adjala-Tosorontio,3,"$4,120,000 ","$1,373,333 ","$1,465,000 ",23,22.80%,60,10.8,94%,39,39
All Home Types,1,2026,Bradford,19,"$17,301,900 ","$910,626 ","$868,000 ",67,31.00%,117,5.1,97%,47,77
All Home Types,1,2026,Essa,15,"$12,307,000 ","$820,467 ","$780,000 ",42,33.10%,80,5.4,95%,43,55
All Home Types,1,2026,Innisfil,34,"$29,247,313 ","$860,215 ","$795,000 ",157,24.20%,281,7.9,93%,52,87
All Home Types,1,2026,New Tecumseth,21,"$18,325,400 ","$872,638 ","$815,000 ",95,33.70%,188,5.6,96%,62,95
All Home Types,1,2026,All TRREB Areas,"3,082","$2,999,676,090 ","$973,289 ","$840,000 ","10,774",33.30%,"17,975",5,97%,45,67
All Home Types,1,2026,City of Toronto,"1,074","$1,018,901,215 ","$948,698 ","$749,500 ","4,077",33.90%,"6,968",5,97%,45,65
All Home Types,1,2026,Toronto West,290,"$268,121,548 ","$924,557 ","$800,000 ",974,36.80%,"1,651",4.5,98%,43,65
All Home Types,1,2026,Toronto W01,21,"$22,990,749 ","$1,094,798 ","$795,000 ",62,39.30%,107,3.9,102%,37,42
All Home Types,1,2026,Toronto W02,22,"$24,040,888 ","$1,092,768 ","$964,500 ",86,43.00%,114,2.9,101%,29,45
All Home Types,1,2026,Toronto W03,20,"$17,814,500 ","$890,725 ","$860,000 ",61,39.50%,99,3.6,96%,38,49
All Home Types,1,2026,Toronto W04,31,"$22,538,718 ","$727,055 ","$665,000 ",99,33.40%,198,5.5,96%,48,71
All Home Types,1,2026,Toronto W05,43,"$31,096,000 ","$723,163 ","$781,000 ",142,37.50%,255,5.1,97%,50,70
All Home Types,1,2026,Toronto W06,53,"$46,055,300 ","$868,968 ","$739,000 ",176,32.20%,288,5.3,96%,44,79
All Home Types,1,2026,Toronto W07,13,"$17,692,999 ","$1,361,000 ","$1,205,000 ",31,37.90%,54,4.2,98%,22,45
All Home Types,1,2026,Toronto W08,50,"$53,773,501 ","$1,075,470 ","$685,000 ",204,37.30%,324,4.4,97%,48,70
All Home Types,1,2026,Toronto W09,17,"$16,787,893 ","$987,523 ","$950,000 ",43,39.40%,85,4.1,101%,47,61
All Home Types,1,2026,Toronto W10,20,"$15,331,000 ","$766,550 ","$835,000 ",70,33.20%,127,5.4,98%,44,72
All Home Types,1,2026,Toronto Central,537,"$534,350,999 ","$995,067 ","$675,000 ","2,285",30.60%,"4,025",6,96%,49,69
All Home Types,1,2026,Toronto C01,151,"$114,345,598 ","$757,256 ","$630,000 ",635,30.40%,"1,051",6.1,97%,51,75
All Home Types,1,2026,Toronto C02,31,"$61,678,001 ","$1,989,613 ","$1,095,000 ",135,30.80%,273,6.1,99%,48,66
All Home Types,1,2026,Toronto C03,18,"$23,507,735 ","$1,305,985 ","$1,197,500 ",71,37.00%,119,4.3,98%,41,68
All Home Types,1,2026,Toronto C04,18,"$31,513,918 ","$1,750,773 ","$1,585,000 ",105,36.70%,174,4.3,98%,36,43
All Home Types,1,2026,Toronto C06,17,"$12,078,018 ","$710,472 ","$585,000 ",68,31.30%,122,5.4,98%,40,58
All Home Types,1,2026,Toronto C07,30,"$29,767,088 ","$992,236 ","$752,500 ",157,29.50%,277,6.5,96%,47,66
All Home Types,1,2026,Toronto C08,80,"$55,270,090 ","$690,876 ","$626,000 ",378,26.30%,674,7.3,97%,44,62
All Home Types,1,2026,Toronto C09,7,"$12,854,900 ","$1,836,414 ","$930,000 ",47,35.10%,74,5.2,102%,30,30
All Home Types,1,2026,Toronto C10,37,"$27,978,800 ","$756,184 ","$640,000 ",93,35.10%,132,4.3,96%,54,66
All Home Types,1,2026,Toronto C11,19,"$22,835,000 ","$1,201,842 ","$760,000 ",53,34.60%,100,4.9,95%,61,90
All Home Types,1,2026,Toronto C12,8,"$27,832,000 ","$3,479,000 ","$1,490,000 ",64,24.00%,149,10.3,86%,58,79
All Home Types,1,2026,Toronto C13,30,"$31,817,388 ","$1,060,580 ","$849,000 ",103,33.30%,187,5.3,95%,43,66
All Home Types,1,2026,Toronto C14,33,"$32,083,100 ","$972,215 ","$675,000 ",166,28.70%,346,6.6,95%,57,71
All Home Types,1,2026,Toronto C15,58,"$50,789,363 ","$875,679 ","$639,000 ",210,31.40%,347,5.7,98%,55,75
All Home Types,1,2026,Toronto East,247,"$216,428,668 ","$876,229 ","$827,999 ",818,38.60%,"1,292",3.7,100%,39,57
All Home Types,1,2026,Toronto E01,17,"$18,894,999 ","$1,111,471 ","$960,000 ",72,44.40%,101,2.4,109%,39,41
All Home Types,1,2026,Toronto E02,23,"$30,425,500 ","$1,322,848 ","$1,215,500 ",48,46.40%,53,2.3,105%,33,48
All Home Types,1,2026,Toronto E03,25,"$23,854,900 ","$954,196 ","$892,000 ",92,41.90%,122,2.8,100%,37,67
All Home Types,1,2026,Toronto E04,30,"$21,057,800 ","$701,927 ","$772,900 ",87,37.40%,135,4.1,102%,38,53
All Home Types,1,2026,Toronto E05,28,"$21,479,888 ","$767,139 ","$661,044 ",80,39.40%,146,4,98%,38,52
All Home Types,1,2026,Toronto E06,8,"$9,469,000 ","$1,183,625 ","$1,200,000 ",42,38.60%,66,3.6,101%,18,68
All Home Types,1,2026,Toronto E07,32,"$26,126,188 ","$816,443 ","$771,500 ",98,37.40%,139,4.3,95%,38,56
All Home Types,1,2026,Toronto E08,14,"$11,222,000 ","$801,571 ","$817,500 ",65,32.80%,107,5.1,97%,38,53
All Home Types,1,2026,Toronto E09,36,"$27,822,493 ","$772,847 ","$792,500 ",112,32.90%,192,4.7,97%,45,62
All Home Types,1,2026,Toronto E10,16,"$13,839,900 ","$864,994 ","$827,500 ",51,41.50%,101,3.7,99%,43,67
All Home Types,1,2026,Toronto E11,18,"$12,236,000 ","$679,778 ","$640,000 ",71,32.80%,130,5.1,98%,44,72
All Home Types,2,2026,All TRREB Areas,"3,868","$3,902,689,189 ","$1,008,968 ","$865,000 ","10,705",33.60%,"19,314",5,97%,36,54
All Home Types,2,2026,Halton Region,397,"$455,102,780 ","$1,146,355 ","$1,005,000 ","1,158",35.70%,"2,018",4.6,96%,38,56
All Home Types,2,2026,Burlington,126,"$134,826,600 ","$1,070,052 ","$940,000 ",325,41.70%,599,4,96%,49,60
All Home Types,2,2026,Halton Hills,36,"$36,428,500 ","$1,011,903 ","$917,750 ",91,38.60%,151,4.1,96%,30,55
All Home Types,2,2026,Milton,79,"$76,994,402 ","$974,613 ","$935,000 ",247,36.00%,376,4,98%,29,41
All Home Types,2,2026,Oakville,156,"$206,853,278 ","$1,325,983 ","$1,180,000 ",495,30.80%,892,5.6,94%,36,61
All Home Types,2,2026,Peel Region,706,"$659,132,789 ","$933,616 ","$847,750 ","1,966",30.50%,"3,628",5.5,96%,35,58
All Home Types,2,2026,Brampton,309,"$274,224,324 ","$887,457 ","$825,000 ",886,29.00%,"1,581",5.6,96%,35,57
All Home Types,2,2026,Caledon,52,"$52,415,830 ","$1,007,997 ","$904,750 ",140,27.40%,299,7,96%,36,72
All Home Types,2,2026,Mississauga,345,"$332,492,635 ","$963,747 ","$850,000 ",940,32.40%,"1,748",5.2,96%,36,56
All Home Types,2,2026,City of Toronto,"1,491","$1,519,543,002 ","$1,019,144 ","$819,000 ","4,035",34.30%,"7,397",5,98%,36,53
All Home Types,2,2026,Toronto West,371,"$366,286,512 ","$987,295 ","$839,000 ",977,37.00%,"1,766",4.5,99%,35,52
All Home Types,2,2026,Toronto Central,757,"$801,348,957 ","$1,058,585 ","$750,000 ","2,156",31.10%,"4,245",6,97%,40,58
All Home Types,2,2026,Toronto East,363,"$351,907,533 ","$969,442 ","$889,000 ",902,38.80%,"1,386",3.7,102%,29,43
All Home Types,2,2026,York Region,683,"$774,160,968 ","$1,133,471 ","$1,080,000 ","1,959",31.70%,"3,704",5.5,97%,37,55
All Home Types,2,2026,Aurora,40,"$49,170,451 ","$1,229,261 ","$1,165,944 ",126,30.50%,213,5.5,98%,35,40
All Home Types,2,2026,East Gwillimbury,28,"$34,372,439 ","$1,227,587 ","$1,180,000 ",76,29.50%,138,5.7,96%,45,63
All Home Types,2,2026,Georgina,26,"$21,173,400 ","$814,362 ","$812,500 ",110,29.60%,235,6.1,96%,25,34
All Home Types,2,2026,King,10,"$26,268,000 ","$2,626,800 ","$1,786,500 ",72,20.70%,183,11.8,88%,37,93
All Home Types,2,2026,Markham,182,"$194,544,843 ","$1,068,928 ","$1,052,500 ",427,35.20%,800,4.7,98%,40,55
All Home Types,2,2026,Newmarket,46,"$44,691,500 ","$971,554 ","$906,250 ",133,33.80%,243,4.6,98%,36,53
All Home Types,2,2026,Richmond Hill,121,"$141,184,685 ","$1,166,816 ","$1,100,000 ",406,28.70%,777,6.4,97%,40,57
All Home Types,2,2026,Vaughan,197,"$224,597,247 ","$1,140,088 ","$1,100,000 ",524,32.10%,940,5.4,97%,35,57
All Home Types,2,2026,Stouffville,33,"$38,158,404 ","$1,156,315 ","$1,100,000 ",85,34.60%,175,5.3,97%,36,53
All Home Types,2,2026,Durham Region,454,"$386,037,810 ","$850,304 ","$799,950 ","1,129",38.90%,"1,650",3.5,99%,26,41
All Home Types,2,2026,Ajax,60,"$51,711,000 ","$861,850 ","$835,000 ",141,43.00%,192,3,100%,27,45
All Home Types,2,2026,Brock,7,"$6,637,000 ","$948,143 ","$690,000 ",24,32.60%,47,5.6,94%,38,115
All Home Types,2,2026,Clarington,64,"$51,085,199 ","$798,206 ","$735,000 ",186,40.90%,253,3,98%,28,40
All Home Types,2,2026,Oshawa,127,"$90,502,425 ","$712,618 ","$690,000 ",261,38.40%,396,3.5,100%,26,40
All Home Types,2,2026,Pickering,72,"$65,261,270 ","$906,407 ","$872,500 ",215,37.00%,321,3.9,100%,27,40
All Home Types,2,2026,Scugog,9,"$9,185,300 ","$1,020,589 ","$957,500 ",42,36.40%,75,4.8,98%,38,40
All Home Types,2,2026,Uxbridge,12,"$16,004,000 ","$1,333,667 ","$1,180,000 ",40,31.30%,77,5.6,96%,54,86
All Home Types,2,2026,Whitby,103,"$95,651,616 ","$928,656 ","$905,000 ",220,39.40%,289,3.1,99%,20,33
All Home Types,2,2026,Dufferin County,15,"$10,386,140 ","$692,409 ","$743,000 ",51,38.70%,106,4.5,96%,66,95
All Home Types,2,2026,Orangeville,15,"$10,386,140 ","$692,409 ","$743,000 ",51,38.70%,106,4.5,96%,66,95
All Home Types,2,2026,Simcoe County,122,"$98,325,700 ","$805,948 ","$752,500 ",407,28.50%,811,6.6,97%,43,72
All Home Types,2,2026,Adjala-Tosorontio,9,"$8,311,000 ","$923,444 ","$1,025,000 ",20,23.40%,57,10.6,96%,55,73
All Home Types,2,2026,Bradford,19,"$17,466,500 ","$919,289 ","$925,000 ",100,30.00%,161,5.4,97%,39,75
All Home Types,2,2026,Essa,12,"$9,347,600 ","$778,967 ","$793,850 ",44,32.70%,91,5.5,97%,41,66
All Home Types,2,2026,Innisfil,46,"$36,288,300 ","$788,876 ","$759,000 ",149,24.30%,294,7.9,97%,36,67
All Home Types,2,2026,New Tecumseth,36,"$26,912,300 ","$747,564 ","$684,000 ",94,33.40%,208,5.7,97%,52,80
All Home Types,2,2026,All TRREB Areas,"3,868","$3,902,689,189 ","$1,008,968 ","$865,000 ","10,705",33.60%,"19,314",5,97%,36,54
All Home Types,2,2026,City of Toronto,"1,491","$1,519,543,002 ","$1,019,144 ","$819,000 ","4,035",34.30%,"7,397",5,98%,36,53
All Home Types,2,2026,Toronto West,371,"$366,286,512 ","$987,295 ","$839,000 ",977,37.00%,"1,766",4.5,99%,35,52
All Home Types,2,2026,Toronto W01,22,"$28,801,045 ","$1,309,138 ","$1,110,500 ",79,38.80%,125,4,103%,27,43
All Home Types,2,2026,Toronto W02,37,"$42,308,867 ","$1,143,483 ","$995,500 ",110,42.00%,137,3,107%,19,31
All Home Types,2,2026,Toronto W03,23,"$21,941,800 ","$953,991 ","$840,000 ",61,39.40%,103,3.7,101%,31,55
All Home Types,2,2026,Toronto W04,31,"$29,877,500 ","$963,790 ","$802,000 ",101,32.90%,205,5.6,98%,38,52
All Home Types,2,2026,Toronto W05,50,"$35,757,504 ","$715,150 ","$768,475 ",120,37.60%,272,5.2,98%,41,53
All Home Types,2,2026,Toronto W06,77,"$70,478,788 ","$915,309 ","$785,000 ",162,33.60%,294,5.2,100%,43,60
All Home Types,2,2026,Toronto W07,16,"$17,394,150 ","$1,087,134 ","$1,080,000 ",27,39.10%,48,4.1,98%,35,53
All Home Types,2,2026,Toronto W08,71,"$80,248,908 ","$1,130,266 ","$665,000 ",211,37.80%,361,4.4,95%,38,52
All Home Types,2,2026,Toronto W09,23,"$23,097,520 ","$1,004,240 ","$960,000 ",46,39.90%,82,4.1,98%,31,68
All Home Types,2,2026,Toronto W10,21,"$16,380,430 ","$780,020 ","$831,530 ",60,32.80%,139,5.6,99%,23,41
All Home Types,2,2026,Toronto Central,757,"$801,348,957 ","$1,058,585 ","$750,000 ","2,156",31.10%,"4,245",6,97%,40,58
All Home Types,2,2026,Toronto C01,231,"$195,571,066 ","$846,628 ","$695,000 ",571,31.40%,"1,104",6,97%,40,59
All Home Types,2,2026,Toronto C02,34,"$51,611,500 ","$1,517,985 ","$1,387,500 ",146,29.70%,308,6.5,98%,33,49
All Home Types,2,2026,Toronto C03,26,"$29,963,500 ","$1,152,442 ","$1,007,500 ",72,36.10%,131,4.4,99%,35,45
All Home Types,2,2026,Toronto C04,46,"$97,080,138 ","$2,110,438 ","$2,064,500 ",118,38.00%,185,4.1,98%,21,39
All Home Types,2,2026,Toronto C06,22,"$21,501,000 ","$977,318 ","$774,500 ",54,31.40%,116,5.6,98%,55,92
All Home Types,2,2026,Toronto C07,45,"$49,548,509 ","$1,101,078 ","$860,000 ",114,30.50%,275,6.5,97%,38,55
All Home Types,2,2026,Toronto C08,109,"$73,804,818 ","$677,108 ","$550,000 ",368,26.60%,717,7.3,97%,50,66
All Home Types,2,2026,Toronto C09,13,"$19,565,500 ","$1,505,038 ","$889,000 ",46,34.20%,85,5.3,95%,36,60
All Home Types,2,2026,Toronto C10,40,"$40,284,600 ","$1,007,115 ","$668,500 ",104,35.50%,163,4.3,101%,25,42
All Home Types,2,2026,Toronto C11,22,"$22,228,124 ","$1,010,369 ","$615,000 ",43,34.90%,89,5,97%,50,72
All Home Types,2,2026,Toronto C12,17,"$54,141,688 ","$3,184,805 ","$1,775,088 ",56,23.70%,150,10.6,88%,61,84
All Home Types,2,2026,Toronto C13,38,"$39,794,138 ","$1,047,214 ","$824,500 ",102,33.90%,202,5.3,98%,33,48
All Home Types,2,2026,Toronto C14,44,"$43,039,200 ","$978,164 ","$758,000 ",167,28.50%,356,6.7,95%,42,53
All Home Types,2,2026,Toronto C15,70,"$63,215,177 ","$903,074 ","$698,500 ",195,32.00%,364,5.6,97%,38,59
All Home Types,2,2026,Toronto East,363,"$351,907,533 ","$969,442 ","$889,000 ",902,38.80%,"1,386",3.7,102%,29,43
All Home Types,2,2026,Toronto E01,49,"$55,819,600 ","$1,139,176 ","$1,050,000 ",103,44.70%,121,2.5,109%,18,28
All Home Types,2,2026,Toronto E02,24,"$34,088,725 ","$1,420,364 ","$1,367,500 ",67,45.50%,79,2.3,107%,18,20
All Home Types,2,2026,Toronto E03,56,"$66,770,650 ","$1,192,333 ","$1,053,126 ",101,42.80%,124,2.8,103%,27,36
All Home Types,2,2026,Toronto E04,25,"$20,844,184 ","$833,767 ","$825,007 ",91,37.30%,150,4.1,99%,41,56
All Home Types,2,2026,Toronto E05,34,"$31,355,511 ","$922,221 ","$885,000 ",88,39.10%,153,4.1,100%,33,50
All Home Types,2,2026,Toronto E06,19,"$22,445,900 ","$1,181,363 ","$1,065,000 ",59,38.70%,81,3.5,103%,10,14
All Home Types,2,2026,Toronto E07,30,"$21,815,800 ","$727,193 ","$808,750 ",64,37.60%,138,4.4,102%,35,57
All Home Types,2,2026,Toronto E08,21,"$17,765,500 ","$845,976 ","$855,000 ",62,32.90%,114,5.1,100%,38,65
All Home Types,2,2026,Toronto E09,48,"$33,478,663 ","$697,472 ","$697,500 ",111,33.70%,197,4.7,97%,35,46
All Home Types,2,2026,Toronto E10,27,"$25,014,500 ","$926,463 ","$910,000 ",77,40.70%,110,3.8,98%,25,36
All Home Types,2,2026,Toronto E11,30,"$22,508,500 ","$750,283 ","$787,500 ",79,34.20%,119,4.9,98%,40,67
All Home Types,3,2026,All TRREB Areas,"5,039","$5,128,676,301 ","$1,017,796 ","$870,000 ","14,442",34.10%,"21,596",4.9,98%,31,47
All Home Types,3,2026,Halton Region,556,"$632,408,879 ","$1,137,426 ","$988,700 ","1,559",36.40%,"2,306",4.6,97%,34,46
All Home Types,3,2026,Burlington,207,"$227,449,291 ","$1,098,789 ","$972,000 ",473,42.00%,670,4,97%,39,50
All Home Types,3,2026,Halton Hills,58,"$51,068,000 ","$880,483 ","$817,500 ",124,40.10%,158,3.9,97%,23,42
All Home Types,3,2026,Milton,100,"$93,964,753 ","$939,648 ","$906,500 ",321,36.50%,450,4.1,98%,29,41
All Home Types,3,2026,Oakville,191,"$259,926,835 ","$1,360,873 ","$1,229,000 ",641,31.70%,"1,028",5.5,96%,33,46
All Home Types,3,2026,Peel Region,876,"$838,081,527 ","$956,714 ","$866,250 ","2,644",31.00%,"3,951",5.4,97%,35,52
All Home Types,3,2026,Brampton,375,"$334,531,874 ","$892,085 ","$855,000 ","1,131",29.90%,"1,683",5.4,97%,32,48
All Home Types,3,2026,Caledon,49,"$66,639,602 ","$1,359,992 ","$1,175,000 ",191,27.20%,335,7.1,94%,40,61
All Home Types,3,2026,Mississauga,452,"$436,910,051 ","$966,615 ","$860,000 ","1,322",32.70%,"1,933",5.2,97%,36,54
All Home Types,3,2026,City of Toronto,"1,913","$1,956,758,480 ","$1,022,874 ","$795,000 ","5,301",34.90%,"8,189",5,99%,31,46
All Home Types,3,2026,Toronto West,489,"$518,928,848 ","$1,061,204 ","$862,500 ","1,319",37.30%,"2,006",4.5,100%,30,44
All Home Types,3,2026,Toronto Central,963,"$1,006,819,471 ","$1,045,503 ","$720,000 ","2,848",31.80%,"4,666",5.9,97%,33,49
All Home Types,3,2026,Toronto East,461,"$431,010,161 ","$934,946 ","$865,000 ","1,134",39.30%,"1,517",3.7,102%,27,40
All Home Types,3,2026,York Region,887,"$1,032,755,637 ","$1,164,324 ","$1,060,000 ","2,731",32.30%,"4,181",5.5,97%,31,49
All Home Types,3,2026,Aurora,51,"$60,565,300 ","$1,187,555 ","$1,060,000 ",172,31.60%,257,5.4,98%,28,51
All Home Types,3,2026,East Gwillimbury,35,"$37,089,205 ","$1,059,692 ","$950,000 ",92,30.50%,147,5.6,98%,28,49
All Home Types,3,2026,Georgina,49,"$42,114,324 ","$859,476 ","$775,000 ",172,29.40%,279,6.2,98%,28,47
All Home Types,3,2026,King,16,"$32,320,000 ","$2,020,000 ","$1,832,500 ",100,20.40%,194,12,93%,39,72
All Home Types,3,2026,Markham,225,"$259,988,573 ","$1,155,505 ","$1,100,000 ",614,35.70%,889,4.7,98%,32,46
All Home Types,3,2026,Newmarket,64,"$62,652,249 ","$978,941 ","$932,900 ",206,34.40%,290,4.5,97%,32,44
All Home Types,3,2026,Richmond Hill,159,"$193,958,149 ","$1,219,863 ","$1,120,000 ",533,29.30%,848,6.3,98%,30,50
All Home Types,3,2026,Vaughan,242,"$286,620,669 ","$1,184,383 ","$1,104,400 ",723,32.80%,"1,083",5.3,96%,31,50
All Home Types,3,2026,Stouffville,46,"$57,447,168 ","$1,248,851 ","$1,107,240 ",119,35.10%,194,5.2,96%,27,43
All Home Types,3,2026,Durham Region,640,"$535,030,496 ","$835,985 ","$800,000 ","1,576",39.50%,"1,900",3.5,100%,24,38
All Home Types,3,2026,Ajax,93,"$79,749,874 ","$857,526 ","$825,000 ",193,43.90%,203,3,100%,26,36
All Home Types,3,2026,Brock,10,"$6,085,000 ","$608,500 ","$645,000 ",31,33.30%,60,5.6,97%,58,92
All Home Types,3,2026,Clarington,99,"$81,315,702 ","$821,371 ","$736,001 ",263,40.60%,320,3.1,99%,24,36
All Home Types,3,2026,Oshawa,159,"$113,909,349 ","$716,411 ","$688,000 ",406,38.90%,464,3.5,100%,25,39
All Home Types,3,2026,Pickering,102,"$95,046,325 ","$931,827 ","$875,000 ",298,37.30%,377,4,100%,25,39
All Home Types,3,2026,Scugog,13,"$13,641,000 ","$1,049,308 ","$854,000 ",51,36.30%,92,4.9,95%,32,75
All Home Types,3,2026,Uxbridge,22,"$22,670,349 ","$1,030,470 ","$958,750 ",57,31.00%,87,5.8,96%,28,39
All Home Types,3,2026,Whitby,142,"$122,612,897 ","$863,471 ","$829,500 ",277,41.10%,297,3,100%,19,31
All Home Types,3,2026,Dufferin County,26,"$19,484,200 ","$749,392 ","$734,000 ",73,37.80%,120,4.7,97%,52,66
All Home Types,3,2026,Orangeville,26,"$19,484,200 ","$749,392 ","$734,000 ",73,37.80%,120,4.7,97%,52,66
All Home Types,3,2026,Simcoe County,141,"$114,157,082 ","$809,625 ","$780,000 ",558,28.60%,949,6.7,97%,42,56
All Home Types,3,2026,Adjala-Tosorontio,5,"$6,119,000 ","$1,223,800 ","$1,283,000 ",50,22.90%,78,10.6,98%,34,34
All Home Types,3,2026,Bradford,37,"$33,175,590 ","$896,638 ","$850,000 ",105,30.20%,182,5.5,97%,26,38
All Home Types,3,2026,Essa,18,"$12,741,500 ","$707,861 ","$639,000 ",84,32.30%,123,5.5,98%,34,53
All Home Types,3,2026,Innisfil,37,"$28,675,032 ","$775,001 ","$740,000 ",188,24.50%,345,7.9,97%,48,69
All Home Types,3,2026,New Tecumseth,44,"$33,445,960 ","$760,135 ","$725,000 ",131,33.70%,221,5.8,97%,55,64
All Home Types,3,2026,All TRREB Areas,"5,039","$5,128,676,301 ","$1,017,796 ","$870,000 ","14,442",34.10%,"21,596",4.9,98%,31,47
All Home Types,3,2026,City of Toronto,"1,913","$1,956,758,480 ","$1,022,874 ","$795,000 ","5,301",34.90%,"8,189",5,99%,31,46
All Home Types,3,2026,Toronto West,489,"$518,928,848 ","$1,061,204 ","$862,500 ","1,319",37.30%,"2,006",4.5,100%,30,44
All Home Types,3,2026,Toronto W01,42,"$53,799,680 ","$1,280,945 ","$847,500 ",89,39.70%,135,4,103%,33,47
All Home Types,3,2026,Toronto W02,66,"$82,753,000 ","$1,253,833 ","$1,210,000 ",116,43.20%,136,2.9,106%,15,20
All Home Types,3,2026,Toronto W03,43,"$42,625,400 ","$991,288 ","$910,000 ",83,40.40%,107,3.7,100%,36,48
All Home Types,3,2026,Toronto W04,31,"$24,893,490 ","$803,016 ","$699,990 ",145,32.70%,258,5.8,98%,36,69
All Home Types,3,2026,Toronto W05,38,"$27,430,888 ","$721,865 ","$800,500 ",180,37.20%,333,5.3,98%,28,34
All Home Types,3,2026,Toronto W06,87,"$75,881,463 ","$872,201 ","$772,363 ",213,34.50%,324,5.1,98%,31,44
All Home Types,3,2026,Toronto W07,18,"$28,377,000 ","$1,576,500 ","$1,356,000 ",52,38.80%,63,4.1,101%,39,55
All Home Types,3,2026,Toronto W08,105,"$128,175,589 ","$1,220,720 ","$820,000 ",267,37.90%,391,4.4,98%,29,45
All Home Types,3,2026,Toronto W09,30,"$33,126,338 ","$1,104,211 ","$1,039,000 ",75,39.70%,96,4.1,98%,32,47
All Home Types,3,2026,Toronto W10,29,"$21,866,000 ","$754,000 ","$818,000 ",99,32.60%,163,5.7,97%,41,67
All Home Types,3,2026,Toronto Central,963,"$1,006,819,471 ","$1,045,503 ","$720,000 ","2,848",31.80%,"4,666",5.9,97%,33,49
All Home Types,3,2026,Toronto C01,266,"$215,883,908 ","$811,594 ","$666,000 ",800,32.60%,"1,245",5.8,98%,34,51
All Home Types,3,2026,Toronto C02,64,"$90,938,138 ","$1,420,908 ","$1,227,500 ",178,30.60%,316,6.4,97%,36,42
All Home Types,3,2026,Toronto C03,37,"$55,736,321 ","$1,506,387 ","$1,405,000 ",106,36.20%,153,4.5,97%,30,55
All Home Types,3,2026,Toronto C04,47,"$102,441,499 ","$2,179,606 ","$2,150,000 ",143,37.20%,217,4.3,98%,21,32
All Home Types,3,2026,Toronto C06,25,"$19,081,707 ","$763,268 ","$590,000 ",58,32.60%,116,5.5,97%,40,67
All Home Types,3,2026,Toronto C07,56,"$48,340,559 ","$863,224 ","$709,830 ",174,29.90%,296,6.6,98%,34,50
All Home Types,3,2026,Toronto C08,141,"$90,113,951 ","$639,106 ","$575,000 ",453,27.90%,787,7,97%,35,54
All Home Types,3,2026,Toronto C09,17,"$44,357,982 ","$2,609,293 ","$1,450,000 ",44,34.70%,89,5.2,95%,33,56
All Home Types,3,2026,Toronto C10,50,"$49,668,500 ","$993,370 ","$732,500 ",141,36.00%,196,4.2,101%,24,31
All Home Types,3,2026,Toronto C11,28,"$28,448,800 ","$1,016,029 ","$536,250 ",61,35.40%,81,4.9,99%,34,57
All Home Types,3,2026,Toronto C12,16,"$53,404,000 ","$3,337,750 ","$2,234,000 ",66,24.20%,163,10.3,93%,34,49
All Home Types,3,2026,Toronto C13,49,"$49,845,666 ","$1,017,258 ","$880,000 ",136,35.00%,222,5.2,96%,42,63
All Home Types,3,2026,Toronto C14,72,"$75,379,688 ","$1,046,940 ","$708,000 ",220,29.10%,383,6.7,97%,29,46
All Home Types,3,2026,Toronto C15,95,"$83,178,752 ","$875,566 ","$709,400 ",268,32.60%,402,5.6,98%,37,47
All Home Types,3,2026,Toronto East,461,"$431,010,161 ","$934,946 ","$865,000 ","1,134",39.30%,"1,517",3.7,102%,27,40
All Home Types,3,2026,Toronto E01,52,"$65,950,398 ","$1,268,277 ","$1,252,500 ",128,44.40%,136,2.5,109%,15,21
All Home Types,3,2026,Toronto E02,51,"$62,580,086 ","$1,227,061 ","$1,100,000 ",98,45.60%,84,2.3,105%,17,22
All Home Types,3,2026,Toronto E03,59,"$68,883,500 ","$1,167,517 ","$1,100,000 ",126,43.10%,145,2.8,103%,25,33
All Home Types,3,2026,Toronto E04,51,"$43,028,500 ","$843,696 ","$836,100 ",152,37.90%,181,4,100%,28,50
All Home Types,3,2026,Toronto E05,45,"$37,833,400 ","$840,742 ","$740,000 ",90,40.40%,150,4,99%,35,41
All Home Types,3,2026,Toronto E06,24,"$22,568,307 ","$940,346 ","$894,200 ",63,38.30%,86,3.6,102%,23,39
All Home Types,3,2026,Toronto E07,46,"$31,759,463 ","$690,423 ","$595,900 ",92,38.40%,139,4.4,101%,30,50
All Home Types,3,2026,Toronto E08,22,"$15,932,718 ","$724,214 ","$735,600 ",89,32.90%,135,5.2,98%,26,43
All Home Types,3,2026,Toronto E09,52,"$33,205,001 ","$638,558 ","$600,000 ",127,35.00%,203,4.6,100%,39,55
All Home Types,3,2026,Toronto E10,33,"$29,340,600 ","$889,109 ","$882,500 ",77,42.10%,119,3.7,100%,27,41
All Home Types,3,2026,Toronto E11,26,"$19,928,188 ","$766,469 ","$715,000 ",92,34.30%,139,4.9,98%,30,62
All Home Types,1,2021,All TRREB Areas,6928,"$6,705,505,636 ","$967,885 ","$830,000 ",9430,61.60%,7396,1.6,103%,24,33
All Home Types,1,2021,Halton Region,637,"$738,957,317 ","$1,160,059 ","$1,005,000 ",855,71.60%,542,1.3,103%,19,26
All Home Types,1,2021,Burlington,183,"$178,204,030 ","$973,793 ","$875,000 ",241,74.50%,167,1.2,105%,18,21
All Home Types,1,2021,Halton Hills,50,"$52,568,229 ","$1,051,365 ","$958,525 ",62,79.90%,33,1,102%,18,30
All Home Types,1,2021,Milton,142,"$142,049,904 ","$1,000,351 ","$950,750 ",202,76.40%,93,0.8,106%,13,13
All Home Types,1,2021,Oakville,262,"$366,135,154 ","$1,397,462 ","$1,205,000 ",350,64.40%,249,1.7,101%,22,34
All Home Types,1,2021,Peel Region,1453,"$1,383,521,673 ","$952,183 ","$875,000 ",1917,65.40%,1091,1.2,104%,16,22
All Home Types,1,2021,Brampton,749,"$727,625,020 ","$971,462 ","$905,000 ",961,69.10%,373,0.9,105%,10,12
All Home Types,1,2021,Caledon,69,"$90,734,065 ","$1,314,986 ","$1,274,000 ",97,66.80%,63,1.7,101%,16,23
All Home Types,1,2021,Mississauga,635,"$565,162,588 ","$890,020 ","$741,000 ",859,61.50%,655,1.5,102%,24,35
All Home Types,1,2021,City of Toronto,2665,"$2,308,771,604 ","$866,331 ","$672,000 ",3547,53.10%,3529,2,101%,31,44
All Home Types,1,2021,Toronto West,650,"$554,052,774 ","$852,389 ","$692,000 ",825,59.20%,735,1.6,101%,31,43
All Home Types,1,2021,Toronto Central,1461,"$1,276,459,722 ","$873,689 ","$660,000 ",2023,45.40%,2330,2.7,99%,34,51
All Home Types,1,2021,Toronto East,554,"$478,259,108 ","$863,284 ","$765,000 ",699,65.40%,464,1.1,106%,23,30
All Home Types,1,2021,York Region,1288,"$1,505,186,208 ","$1,168,623 ","$1,055,000 ",1852,58.90%,1593,1.9,102%,26,35
All Home Types,1,2021,Aurora,80,"$101,688,226 ","$1,271,103 ","$1,094,500 ",100,61.50%,83,1.8,102%,29,38
All Home Types,1,2021,East Gwillimbury,48,"$53,346,288 ","$1,111,381 ","$1,087,000 ",59,64.70%,41,1.8,106%,20,21
All Home Types,1,2021,Georgina,64,"$50,931,901 ","$795,811 ","$733,000 ",104,68.90%,72,1.5,104%,16,20
All Home Types,1,2021,King,36,"$74,433,888 ","$2,067,608 ","$1,637,500 ",67,56.20%,100,3.8,95%,64,81
All Home Types,1,2021,Markham,303,"$327,188,826 ","$1,079,831 ","$1,035,000 ",435,59.40%,354,1.7,105%,26,36
All Home Types,1,2021,Newmarket,92,"$93,099,283 ","$1,011,949 ","$960,000 ",115,69.60%,56,1.1,106%,11,14
All Home Types,1,2021,Richmond Hill,270,"$332,931,394 ","$1,233,079 ","$1,130,000 ",363,54.00%,326,2.3,100%,31,40
All Home Types,1,2021,Vaughan,338,"$401,655,414 ","$1,188,330 ","$1,100,000 ",507,54.90%,454,2.1,101%,26,35
All Home Types,1,2021,Whitchurch-Stouffville,57,"$69,910,988 ","$1,226,509 ","$1,095,000 ",102,60.40%,107,2.2,103%,28,35
All Home Types,1,2021,Durham Region,651,"$570,362,739 ","$876,133 ","$825,000 ",945,76.90%,451,0.9,110%,12,16
All Home Types,1,2021,Ajax,95,"$92,628,621 ","$975,038 ","$900,000 ",133,79.70%,48,0.6,113%,6,11
All Home Types,1,2021,Brock,18,"$12,985,888 ","$721,438 ","$697,000 ",17,77.90%,9,1.5,100%,35,52
All Home Types,1,2021,Clarington,112,"$96,494,238 ","$861,556 ","$815,000 ",170,77.00%,88,1,108%,15,21
All Home Types,1,2021,Oshawa,202,"$147,839,812 ","$731,880 ","$717,500 ",282,78.90%,114,0.7,113%,9,10
All Home Types,1,2021,Pickering,89,"$88,983,451 ","$999,814 ","$900,000 ",157,70.10%,87,1.1,105%,14,17
All Home Types,1,2021,Scugog,12,"$10,734,900 ","$894,575 ","$839,450 ",22,71.60%,22,1.9,102%,32,36
All Home Types,1,2021,Uxbridge,21,"$26,937,400 ","$1,282,733 ","$1,070,000 ",21,73.70%,21,1.7,99%,31,31
All Home Types,1,2021,Whitby,102,"$93,758,429 ","$919,200 ","$892,798 ",143,78.00%,62,0.8,113%,10,12
All Home Types,1,2021,Dufferin County,33,"$24,792,600 ","$751,291 ","$752,000 ",41,85.60%,17,0.8,107%,19,22
All Home Types,1,2021,Orangeville,33,"$24,792,600 ","$751,291 ","$752,000 ",41,85.60%,17,0.8,107%,19,22
All Home Types,1,2021,Simcoe County,201,"$173,913,495 ","$865,241 ","$815,000 ",273,75.30%,173,1.5,103%,23,27
All Home Types,1,2021,Adjala-Tosorontio,10,"$10,160,102 ","$1,016,010 ","$850,051 ",9,75.40%,10,2.1,97%,72,72
All Home Types,1,2021,Bradford,38,"$37,679,225 ","$991,559 ","$959,500 ",62,72.70%,37,1.1,105%,9,10
All Home Types,1,2021,Essa,32,"$25,907,329 ","$809,604 ","$731,350 ",45,83.00%,23,1.2,104%,23,23
All Home Types,1,2021,Innisfil,78,"$64,084,606 ","$821,598 ","$790,000 ",101,70.60%,66,1.9,102%,26,30
All Home Types,1,2021,New Tecumseth,43,"$36,082,233 ","$839,122 ","$780,000 ",56,80.80%,37,1.3,104%,18,28
All Home Types,1,2021,All TRREB Areas,6928,"$6,705,505,636 ","$967,885 ","$830,000 ",9430,61.60%,7396,1.6,103%,24,33
All Home Types,1,2021,City of Toronto,2665,"$2,308,771,604 ","$866,331 ","$672,000 ",3547,53.10%,3529,2,101%,31,44
All Home Types,1,2021,Toronto West,650,"$554,052,774 ","$852,389 ","$692,000 ",825,59.20%,735,1.6,101%,31,43
All Home Types,1,2021,Toronto W01,36,"$39,725,300 ","$1,103,481 ","$778,000 ",32,58.80%,22,1.3,103%,33,45
All Home Types,1,2021,Toronto W02,45,"$46,258,257 ","$1,027,961 ","$990,000 ",69,66.40%,48,0.9,104%,22,32
All Home Types,1,2021,Toronto W03,39,"$36,014,260 ","$923,443 ","$945,000 ",47,62.20%,39,1.2,105%,28,35
All Home Types,1,2021,Toronto W04,59,"$45,982,813 ","$779,370 ","$705,000 ",88,55.60%,98,1.9,101%,29,38
All Home Types,1,2021,Toronto W05,99,"$69,178,423 ","$698,772 ","$735,000 ",123,63.70%,103,1.6,101%,29,39
All Home Types,1,2021,Toronto W06,136,"$110,134,477 ","$809,812 ","$690,000 ",168,54.10%,146,2,101%,31,45
All Home Types,1,2021,Toronto W07,13,"$14,809,999 ","$1,139,231 ","$1,085,000 ",21,55.90%,29,1.7,101%,40,61
All Home Types,1,2021,Toronto W08,132,"$125,586,296 ","$951,411 ","$575,000 ",162,57.20%,149,1.7,98%,36,51
All Home Types,1,2021,Toronto W09,41,"$32,502,799 ","$792,751 ","$595,000 ",50,59.40%,40,1.7,102%,28,36
All Home Types,1,2021,Toronto W10,50,"$33,860,150 ","$677,203 ","$536,450 ",65,65.20%,61,1.3,101%,32,42
All Home Types,1,2021,Toronto Central,1461,"$1,276,459,722 ","$873,689 ","$660,000 ",2023,45.40%,2330,2.7,99%,34,51
All Home Types,1,2021,Toronto C01,501,"$360,818,169 ","$720,196 ","$640,000 ",696,40.50%,784,3,100%,33,51
All Home Types,1,2021,Toronto C02,58,"$61,064,686 ","$1,052,839 ","$788,000 ",101,41.00%,147,3.3,99%,43,58
All Home Types,1,2021,Toronto C03,26,"$35,207,518 ","$1,354,135 ","$1,204,500 ",49,55.30%,54,2,103%,25,43
All Home Types,1,2021,Toronto C04,53,"$84,776,805 ","$1,599,562 ","$1,550,000 ",79,52.30%,79,2,103%,20,31
All Home Types,1,2021,Toronto C06,33,"$36,367,407 ","$1,102,043 ","$625,000 ",35,51.90%,26,2,101%,28,44
All Home Types,1,2021,Toronto C07,104,"$102,312,019 ","$983,769 ","$695,400 ",134,50.60%,148,2.4,98%,37,52
All Home Types,1,2021,Toronto C08,235,"$161,467,422 ","$687,095 ","$625,000 ",300,39.90%,365,3.1,99%,36,57
All Home Types,1,2021,Toronto C09,23,"$44,287,173 ","$1,925,529 ","$1,357,000 ",35,45.20%,54,3.1,98%,31,40
All Home Types,1,2021,Toronto C10,75,"$59,829,401 ","$797,725 ","$698,500 ",106,48.30%,114,2.3,101%,34,57
All Home Types,1,2021,Toronto C11,33,"$25,959,100 ","$786,639 ","$500,000 ",41,56.80%,44,1.9,99%,25,47
All Home Types,1,2021,Toronto C12,11,"$36,498,000 ","$3,318,000 ","$2,485,000 ",52,41.20%,96,4.9,97%,48,65
All Home Types,1,2021,Toronto C13,44,"$55,910,918 ","$1,270,703 ","$864,000 ",72,57.90%,75,1.9,100%,37,45
All Home Types,1,2021,Toronto C14,123,"$101,673,626 ","$826,615 ","$625,000 ",147,50.00%,174,2.6,98%,32,45
All Home Types,1,2021,Toronto C15,142,"$110,287,478 ","$776,672 ","$622,000 ",176,54.00%,170,2.1,100%,33,49
All Home Types,1,2021,Toronto East,554,"$478,259,108 ","$863,284 ","$765,000 ",699,65.40%,464,1.1,106%,23,30
All Home Types,1,2021,Toronto E01,39,"$49,050,133 ","$1,257,696 ","$1,262,500 ",78,62.10%,60,0.9,111%,15,20
All Home Types,1,2021,Toronto E02,35,"$41,859,999 ","$1,196,000 ","$1,196,000 ",56,60.50%,40,1.1,104%,23,28
All Home Types,1,2021,Toronto E03,55,"$60,322,017 ","$1,096,764 ","$1,155,000 ",62,63.40%,35,1.1,111%,21,28
All Home Types,1,2021,Toronto E04,61,"$46,140,600 ","$756,403 ","$620,000 ",82,69.00%,55,0.9,104%,23,28
All Home Types,1,2021,Toronto E05,45,"$38,040,089 ","$845,335 ","$670,000 ",47,65.70%,36,1.3,104%,26,33
All Home Types,1,2021,Toronto E06,23,"$24,115,900 ","$1,048,517 ","$975,000 ",34,61.10%,26,1.3,101%,15,19
All Home Types,1,2021,Toronto E07,57,"$37,049,319 ","$649,988 ","$543,000 ",78,67.40%,50,1.2,107%,22,31
All Home Types,1,2021,Toronto E08,48,"$43,814,475 ","$912,802 ","$820,000 ",59,62.30%,40,1.5,105%,27,33
All Home Types,1,2021,Toronto E09,99,"$64,715,077 ","$653,688 ","$565,000 ",92,65.80%,62,1.1,105%,25,40
All Home Types,1,2021,Toronto E10,48,"$43,042,199 ","$896,712 ","$875,000 ",55,69.90%,31,1.1,105%,24,28
All Home Types,1,2021,Toronto E11,44,"$30,109,300 ","$684,302 ","$645,000 ",56,71.90%,29,0.9,106%,19,24
All Home Types,2,2021,All TRREB Areas,10970,"$11,469,007,390 ","$1,045,488 ","$912,000 ",15137,62.10%,8727,1.5,107%,14,19
All Home Types,2,2021,Halton Region,1127,"$1,366,265,846 ","$1,212,303 ","$1,080,000 ",1557,71.80%,733,1.2,107%,10,13
All Home Types,2,2021,Burlington,311,"$329,212,292 ","$1,058,560 ","$975,000 ",396,75.20%,189,1.1,108%,13,15
All Home Types,2,2021,Halton Hills,79,"$88,308,611 ","$1,117,831 ","$987,000 ",116,79.10%,58,0.9,108%,9,12
All Home Types,2,2021,Milton,288,"$294,759,819 ","$1,023,472 ","$940,000 ",443,75.30%,175,0.8,109%,7,7
All Home Types,2,2021,Oakville,449,"$653,985,124 ","$1,456,537 ","$1,340,000 ",602,65.50%,311,1.6,106%,11,15
All Home Types,2,2021,Peel Region,2270,"$2,323,463,506 ","$1,023,552 ","$935,000 ",3285,65.40%,1544,1.2,106%,10,14
All Home Types,2,2021,Brampton,1135,"$1,151,153,509 ","$1,014,232 ","$950,000 ",1768,68.30%,702,0.9,106%,7,9
All Home Types,2,2021,Caledon,114,"$159,469,795 ","$1,398,858 ","$1,303,079 ",180,67.50%,104,1.5,106%,12,17
All Home Types,2,2021,Mississauga,1021,"$1,012,840,202 ","$992,008 ","$876,000 ",1337,62.20%,738,1.4,105%,12,18
All Home Types,2,2021,City of Toronto,3741,"$3,723,045,133 ","$995,201 ","$765,000 ",4706,54.10%,3371,1.9,105%,20,27
All Home Types,2,2021,Toronto West,931,"$862,213,946 ","$926,116 ","$796,000 ",1153,60.10%,722,1.6,106%,17,24
All Home Types,2,2021,Toronto Central,1981,"$2,055,654,945 ","$1,037,685 ","$715,000 ",2448,46.70%,2105,2.6,102%,24,34
All Home Types,2,2021,Toronto East,829,"$805,176,242 ","$971,262 ","$943,000 ",1105,65.70%,544,1.1,112%,12,15
All Home Types,2,2021,York Region,2023,"$2,440,212,504 ","$1,206,235 ","$1,103,990 ",2974,59.50%,1960,1.8,107%,16,20
All Home Types,2,2021,Aurora,118,"$146,189,537 ","$1,238,894 ","$1,109,056 ",196,61.60%,124,1.8,107%,14,18
All Home Types,2,2021,East Gwillimbury,86,"$100,259,328 ","$1,165,806 ","$1,100,000 ",139,65.40%,64,1.7,108%,12,14
All Home Types,2,2021,Georgina,136,"$113,142,137 ","$831,927 ","$797,500 ",193,70.90%,106,1.4,108%,13,15
All Home Types,2,2021,King,42,"$88,629,000 ","$2,110,214 ","$2,133,000 ",76,57.90%,106,3.6,97%,39,63
All Home Types,2,2021,Markham,493,"$592,782,378 ","$1,202,398 ","$1,150,000 ",661,59.90%,399,1.6,109%,15,19
All Home Types,2,2021,Newmarket,177,"$194,408,615 ","$1,098,354 ","$1,045,000 ",288,68.90%,140,1.1,110%,6,8
All Home Types,2,2021,Richmond Hill,354,"$451,171,597 ","$1,274,496 ","$1,189,000 ",533,54.60%,389,2.2,107%,17,22
All Home Types,2,2021,Vaughan,502,"$611,759,157 ","$1,218,644 ","$1,139,000 ",735,55.60%,521,2,105%,16,22
All Home Types,2,2021,Whitchurch-Stouffville,115,"$141,870,755 ","$1,233,659 ","$1,082,000 ",153,62.50%,111,2,106%,23,27
All Home Types,2,2021,Durham Region,1384,"$1,239,290,957 ","$895,441 ","$850,000 ",1975,76.70%,805,0.8,114%,7,9
All Home Types,2,2021,Ajax,195,"$184,393,786 ","$945,609 ","$920,000 ",258,79.40%,86,0.6,115%,5,6
All Home Types,2,2021,Brock,15,"$9,706,290 ","$647,086 ","$715,500 ",21,80.40%,11,1.4,107%,10,14
All Home Types,2,2021,Clarington,261,"$222,798,463 ","$853,634 ","$825,000 ",379,76.90%,163,0.9,116%,6,7
All Home Types,2,2021,Oshawa,406,"$312,097,496 ","$768,713 ","$750,000 ",600,77.60%,235,0.7,117%,8,10
All Home Types,2,2021,Pickering,183,"$184,502,171 ","$1,008,209 ","$917,000 ",239,71.70%,107,1,110%,8,10
All Home Types,2,2021,Scugog,27,"$26,745,033 ","$990,557 ","$870,000 ",34,72.50%,22,1.8,106%,21,24
All Home Types,2,2021,Uxbridge,34,"$37,029,229 ","$1,089,095 ","$967,500 ",54,75.60%,34,1.6,108%,12,17
All Home Types,2,2021,Whitby,263,"$262,018,489 ","$996,268 ","$960,000 ",390,77.40%,147,0.7,116%,6,7
All Home Types,2,2021,Dufferin County,61,"$46,999,010 ","$770,476 ","$727,000 ",77,86.70%,28,0.7,109%,6,7
All Home Types,2,2021,Orangeville,61,"$46,999,010 ","$770,476 ","$727,000 ",77,86.70%,28,0.7,109%,6,7
All Home Types,2,2021,Simcoe County,364,"$329,730,434 ","$905,853 ","$850,000 ",563,75.20%,286,1.4,107%,8,10
All Home Types,2,2021,Adjala-Tosorontio,17,"$20,139,288 ","$1,184,664 ","$1,020,000 ",27,76.60%,18,1.9,108%,14,16
All Home Types,2,2021,Bradford,106,"$104,201,020 ","$983,028 ","$945,000 ",169,72.20%,72,1,109%,7,7
All Home Types,2,2021,Essa,44,"$35,012,304 ","$795,734 ","$725,278 ",53,85.00%,21,1,106%,8,9
All Home Types,2,2021,Innisfil,111,"$100,444,652 ","$904,907 ","$789,000 ",175,71.00%,101,1.8,106%,8,10
All Home Types,2,2021,New Tecumseth,86,"$69,933,170 ","$813,176 ","$801,000 ",139,79.10%,74,1.2,107%,10,11
All Home Types,2,2021,All TRREB Areas,10970,"$11,469,007,390 ","$1,045,488 ","$912,000 ",15137,62.10%,8727,1.5,107%,14,19
All Home Types,2,2021,City of Toronto,3741,"$3,723,045,133 ","$995,201 ","$765,000 ",4706,54.10%,3371,1.9,105%,20,27
All Home Types,2,2021,Toronto West,931,"$862,213,946 ","$926,116 ","$796,000 ",1153,60.10%,722,1.6,106%,17,24
All Home Types,2,2021,Toronto W01,47,"$51,297,030 ","$1,091,426 ","$815,000 ",53,59.40%,25,1.3,114%,12,14
All Home Types,2,2021,Toronto W02,85,"$94,999,597 ","$1,117,642 ","$1,090,000 ",104,67.30%,48,0.9,113%,9,14
All Home Types,2,2021,Toronto W03,67,"$66,020,167 ","$985,376 ","$980,000 ",98,62.60%,46,1.2,111%,15,20
All Home Types,2,2021,Toronto W04,121,"$96,370,110 ","$796,447 ","$724,500 ",150,57.30%,98,1.9,105%,17,26
All Home Types,2,2021,Toronto W05,115,"$95,241,256 ","$828,185 ","$856,990 ",133,65.00%,99,1.5,105%,18,24
All Home Types,2,2021,Toronto W06,190,"$164,795,604 ","$867,345 ","$709,500 ",229,55.20%,137,1.9,103%,20,29
All Home Types,2,2021,Toronto W07,23,"$34,843,920 ","$1,514,953 ","$1,600,000 ",35,55.70%,30,1.7,107%,25,37
All Home Types,2,2021,Toronto W08,175,"$176,088,322 ","$1,006,219 ","$627,000 ",205,58.40%,143,1.7,103%,18,26
All Home Types,2,2021,Toronto W09,39,"$34,968,514 ","$896,629 ","$820,000 ",59,60.00%,40,1.7,106%,11,16
All Home Types,2,2021,Toronto W10,69,"$47,589,426 ","$689,702 ","$530,000 ",87,65.20%,56,1.3,105%,23,30
All Home Types,2,2021,Toronto Central,1981,"$2,055,654,945 ","$1,037,685 ","$715,000 ",2448,46.70%,2105,2.6,102%,24,34
All Home Types,2,2021,Toronto C01,676,"$531,803,727 ","$786,692 ","$685,000 ",770,42.20%,646,2.9,101%,25,36
All Home Types,2,2021,Toronto C02,83,"$132,186,504 ","$1,592,608 ","$888,000 ",140,40.90%,161,3.3,101%,31,39
All Home Types,2,2021,Toronto C03,52,"$84,970,590 ","$1,634,050 ","$1,387,000 ",74,55.50%,54,1.9,105%,18,24
All Home Types,2,2021,Toronto C04,78,"$180,055,803 ","$2,308,408 ","$2,183,556 ",120,53.00%,92,2,101%,14,24
All Home Types,2,2021,Toronto C06,28,"$28,315,908 ","$1,011,282 ","$857,500 ",54,52.20%,41,1.9,107%,15,22
All Home Types,2,2021,Toronto C07,134,"$142,254,327 ","$1,061,599 ","$732,944 ",176,50.70%,152,2.4,102%,23,35
All Home Types,2,2021,Toronto C08,318,"$245,123,477 ","$770,829 ","$663,350 ",361,42.30%,304,2.9,101%,26,36
All Home Types,2,2021,Toronto C09,35,"$65,892,000 ","$1,882,629 ","$1,400,000 ",50,46.20%,49,3,100%,25,41
All Home Types,2,2021,Toronto C10,104,"$102,476,350 ","$985,350 ","$728,250 ",99,50.50%,78,2.2,101%,24,36
All Home Types,2,2021,Toronto C11,32,"$43,639,900 ","$1,363,747 ","$834,500 ",54,56.10%,47,1.9,102%,14,20
All Home Types,2,2021,Toronto C12,37,"$107,959,000 ","$2,917,811 ","$2,890,000 ",66,42.60%,109,4.7,98%,22,40
All Home Types,2,2021,Toronto C13,73,"$88,410,888 ","$1,211,108 ","$890,000 ",97,58.90%,73,1.8,104%,18,24
All Home Types,2,2021,Toronto C14,143,"$142,455,894 ","$996,195 ","$688,888 ",160,51.20%,145,2.5,100%,24,33
All Home Types,2,2021,Toronto C15,188,"$160,110,577 ","$851,652 ","$650,000 ",227,55.00%,154,2,105%,22,32
All Home Types,2,2021,Toronto East,829,"$805,176,242 ","$971,262 ","$943,000 ",1105,65.70%,544,1.1,112%,12,15
All Home Types,2,2021,Toronto E01,91,"$108,307,393 ","$1,190,191 ","$1,200,000 ",109,63.30%,58,0.9,113%,12,15
All Home Types,2,2021,Toronto E02,64,"$92,635,952 ","$1,447,437 ","$1,372,550 ",84,61.50%,42,1,112%,10,15
All Home Types,2,2021,Toronto E03,94,"$110,893,134 ","$1,179,714 ","$1,213,000 ",127,64.10%,49,1,116%,11,16
All Home Types,2,2021,Toronto E04,86,"$74,484,170 ","$866,095 ","$886,063 ",100,69.40%,46,0.9,110%,13,14
All Home Types,2,2021,Toronto E05,65,"$58,191,414 ","$895,253 ","$810,000 ",113,64.20%,64,1.3,115%,12,14
All Home Types,2,2021,Toronto E06,32,"$31,705,694 ","$990,803 ","$980,000 ",58,61.20%,31,1.3,108%,14,16
All Home Types,2,2021,Toronto E07,100,"$77,641,352 ","$776,414 ","$595,500 ",124,68.30%,58,1.1,112%,13,14
All Home Types,2,2021,Toronto E08,63,"$65,292,665 ","$1,036,392 ","$999,999 ",89,63.00%,54,1.5,107%,11,18
All Home Types,2,2021,Toronto E09,102,"$75,318,573 ","$738,417 ","$630,750 ",121,66.50%,58,1.1,112%,17,21
All Home Types,2,2021,Toronto E10,50,"$49,984,012 ","$999,680 ","$1,050,000 ",82,68.50%,45,1.1,111%,11,11
All Home Types,2,2021,Toronto E11,82,"$60,721,883 ","$740,511 ","$769,404 ",98,72.20%,39,0.9,111%,12,13
All Home Types,3,2021,All TRREB Areas,15652,"$17,179,079,727 ","$1,097,565 ","$945,000 ",22709,63.60%,10603,1.4,107%,10,13
All Home Types,3,2021,Halton Region,1647,"$2,050,617,589 ","$1,245,062 ","$1,100,000 ",2248,73.50%,862,1.1,106%,10,11
All Home Types,3,2021,Burlington,453,"$498,011,025 ","$1,099,362 ","$999,000 ",627,75.90%,255,1,108%,9,11
All Home Types,3,2021,Halton Hills,159,"$181,659,345 ","$1,142,512 ","$1,063,000 ",199,81.20%,73,0.8,110%,7,8
All Home Types,3,2021,Milton,427,"$442,887,580 ","$1,037,207 ","$955,000 ",573,77.30%,177,0.7,107%,7,8
All Home Types,3,2021,Oakville,608,"$928,059,639 ","$1,526,414 ","$1,350,000 ",849,67.60%,357,1.4,105%,12,15
All Home Types,3,2021,Peel Region,3185,"$3,379,331,836 ","$1,061,015 ","$952,000 ",4699,66.80%,1923,1.1,106%,8,11
All Home Types,3,2021,Brampton,1599,"$1,640,981,514 ","$1,026,255 ","$950,000 ",2458,69.30%,891,0.8,106%,7,10
All Home Types,3,2021,Caledon,175,"$239,884,813 ","$1,370,770 ","$1,180,000 ",265,69.00%,143,1.4,105%,10,12
All Home Types,3,2021,Mississauga,1411,"$1,498,465,509 ","$1,061,988 ","$930,000 ",1976,64.00%,889,1.3,106%,9,13
All Home Types,3,2021,City of Toronto,5130,"$5,557,439,345 ","$1,083,322 ","$860,000 ",7206,55.80%,3960,1.8,107%,12,17
All Home Types,3,2021,Toronto West,1295,"$1,338,865,068 ","$1,033,873 ","$900,000 ",1861,61.40%,919,1.5,109%,12,16
All Home Types,3,2021,Toronto Central,2567,"$2,928,012,538 ","$1,140,636 ","$782,000 ",3580,48.70%,2302,2.4,104%,14,21
All Home Types,3,2021,Toronto East,1268,"$1,290,561,739 ","$1,017,793 ","$975,000 ",1765,67.00%,739,1,114%,8,11
All Home Types,3,2021,York Region,2911,"$3,683,816,546 ","$1,265,481 ","$1,168,135 ",4734,60.40%,2516,1.7,107%,10,14
All Home Types,3,2021,Aurora,187,"$242,539,586 ","$1,297,003 ","$1,180,000 ",315,62.20%,160,1.6,107%,9,9
All Home Types,3,2021,East Gwillimbury,129,"$152,563,516 ","$1,182,663 ","$1,160,000 ",236,64.70%,115,1.5,111%,7,9
All Home Types,3,2021,Georgina,195,"$165,497,286 ","$848,704 ","$805,000 ",296,71.60%,124,1.2,108%,11,14
All Home Types,3,2021,King,73,"$141,371,541 ","$1,936,596 ","$1,970,000 ",131,58.10%,126,3.3,99%,16,24
All Home Types,3,2021,Markham,699,"$900,277,510 ","$1,287,951 ","$1,200,000 ",1111,60.90%,554,1.5,110%,10,13
All Home Types,3,2021,Newmarket,276,"$303,276,112 ","$1,098,826 ","$1,022,500 ",432,69.20%,178,1,108%,7,9
All Home Types,3,2021,Richmond Hill,484,"$659,351,394 ","$1,362,296 ","$1,275,000 ",850,55.30%,514,2.1,108%,11,15
All Home Types,3,2021,Vaughan,723,"$931,526,441 ","$1,288,418 ","$1,200,000 ",1146,57.10%,627,1.8,105%,11,15
All Home Types,3,2021,Whitchurch-Stouffville,145,"$187,413,160 ","$1,292,505 ","$1,200,000 ",217,64.60%,118,1.8,106%,13,16
All Home Types,3,2021,Durham Region,2077,"$1,872,044,947 ","$901,322 ","$845,000 ",2838,77.80%,918,0.8,113%,7,8
All Home Types,3,2021,Ajax,298,"$290,867,416 ","$976,065 ","$925,000 ",466,78.30%,145,0.6,113%,7,8
All Home Types,3,2021,Brock,34,"$25,040,799 ","$736,494 ","$677,450 ",53,81.50%,24,1.2,110%,7,8
All Home Types,3,2021,Clarington,400,"$330,990,711 ","$827,477 ","$790,500 ",466,79.30%,130,0.8,114%,7,8
All Home Types,3,2021,Oshawa,580,"$452,008,365 ","$779,325 ","$750,000 ",823,78.40%,281,0.6,115%,6,7
All Home Types,3,2021,Pickering,245,"$252,267,196 ","$1,029,662 ","$910,000 ",354,73.20%,121,0.9,110%,8,10
All Home Types,3,2021,Scugog,48,"$48,349,774 ","$1,007,287 ","$894,500 ",72,73.30%,39,1.6,110%,13,14
All Home Types,3,2021,Uxbridge,55,"$67,990,107 ","$1,236,184 ","$1,117,500 ",63,79.10%,31,1.4,108%,11,14
All Home Types,3,2021,Whitby,417,"$404,530,579 ","$970,097 ","$910,000 ",541,78.60%,147,0.6,113%,6,8
All Home Types,3,2021,Dufferin County,114,"$92,173,561 ","$808,540 ","$785,000 ",146,86.90%,40,0.6,110%,6,6
All Home Types,3,2021,Orangeville,114,"$92,173,561 ","$808,540 ","$785,000 ",146,86.90%,40,0.6,110%,6,6
All Home Types,3,2021,Simcoe County,588,"$543,655,903 ","$924,585 ","$850,000 ",838,76.30%,384,1.2,105%,11,13
All Home Types,3,2021,Adjala-Tosorontio,34,"$38,335,301 ","$1,127,509 ","$1,187,500 ",33,82.10%,16,1.6,105%,11,13
All Home Types,3,2021,Bradford,140,"$144,083,886 ","$1,029,171 ","$975,000 ",206,73.00%,100,0.9,107%,11,12
All Home Types,3,2021,Essa,73,"$58,545,075 ","$801,987 ","$780,000 ",98,86.20%,35,0.9,104%,13,15
All Home Types,3,2021,Innisfil,174,"$159,848,597 ","$918,670 ","$828,000 ",290,71.70%,160,1.6,104%,14,17
All Home Types,3,2021,New Tecumseth,167,"$142,843,044 ","$855,348 ","$810,000 ",211,80.40%,73,1.1,106%,9,10
All Home Types,3,2021,All TRREB Areas,15652,"$17,179,079,727 ","$1,097,565 ","$945,000 ",22709,63.60%,10603,1.4,107%,10,13
All Home Types,3,2021,City of Toronto,5130,"$5,557,439,345 ","$1,083,322 ","$860,000 ",7206,55.80%,3960,1.8,107%,12,17
All Home Types,3,2021,Toronto West,1295,"$1,338,865,068 ","$1,033,873 ","$900,000 ",1861,61.40%,919,1.5,109%,12,16
All Home Types,3,2021,Toronto W01,82,"$103,262,325 ","$1,259,297 ","$1,016,504 ",118,60.40%,43,1.2,114%,9,12
All Home Types,3,2021,Toronto W02,134,"$177,182,336 ","$1,322,256 ","$1,240,000 ",162,69.20%,57,0.9,116%,8,12
All Home Types,3,2021,Toronto W03,91,"$94,578,961 ","$1,039,329 ","$998,000 ",154,62.70%,68,1.1,116%,9,12
All Home Types,3,2021,Toronto W04,138,"$123,304,577 ","$893,511 ","$842,000 ",207,58.40%,123,1.8,107%,18,23
All Home Types,3,2021,Toronto W05,152,"$129,480,635 ","$851,846 ","$900,000 ",246,64.40%,136,1.5,110%,11,15
All Home Types,3,2021,Toronto W06,228,"$207,311,533 ","$909,261 ","$800,000 ",332,56.70%,171,1.8,105%,11,14
All Home Types,3,2021,Toronto W07,39,"$60,311,549 ","$1,546,450 ","$1,435,000 ",54,58.40%,30,1.6,105%,11,18
All Home Types,3,2021,Toronto W08,248,"$296,423,201 ","$1,195,255 ","$789,500 ",325,60.80%,167,1.6,106%,14,17
All Home Types,3,2021,Toronto W09,69,"$64,751,738 ","$938,431 ","$940,000 ",97,61.20%,46,1.6,107%,13,20
All Home Types,3,2021,Toronto W10,114,"$82,258,213 ","$721,563 ","$600,501 ",166,65.60%,78,1.3,106%,11,15
All Home Types,3,2021,Toronto Central,2567,"$2,928,012,538 ","$1,140,636 ","$782,000 ",3580,48.70%,2302,2.4,104%,14,21
All Home Types,3,2021,Toronto C01,798,"$683,230,984 ","$856,179 ","$726,000 ",1009,44.90%,651,2.7,104%,15,22
All Home Types,3,2021,Toronto C02,114,"$192,204,911 ","$1,686,008 ","$1,325,000 ",225,41.80%,208,3.2,104%,18,26
All Home Types,3,2021,Toronto C03,86,"$137,344,610 ","$1,597,030 ","$1,242,500 ",124,58.00%,69,1.8,106%,14,16
All Home Types,3,2021,Toronto C04,131,"$308,434,082 ","$2,354,459 ","$2,350,000 ",199,53.90%,113,1.9,104%,13,19
All Home Types,3,2021,Toronto C06,57,"$68,149,199 ","$1,195,600 ","$1,155,000 ",72,56.20%,43,1.8,107%,10,14
All Home Types,3,2021,Toronto C07,179,"$198,087,711 ","$1,106,635 ","$800,000 ",257,52.90%,163,2.2,105%,13,17
All Home Types,3,2021,Toronto C08,375,"$302,423,829 ","$806,464 ","$700,000 ",525,44.50%,320,2.7,105%,15,22
All Home Types,3,2021,Toronto C09,45,"$105,135,070 ","$2,336,335 ","$1,680,000 ",64,48.00%,52,2.8,102%,20,28
All Home Types,3,2021,Toronto C10,112,"$110,198,983 ","$983,919 ","$792,500 ",161,52.20%,98,2.1,105%,14,24
All Home Types,3,2021,Toronto C11,54,"$60,405,693 ","$1,118,624 ","$689,400 ",91,56.70%,56,1.8,104%,13,19
All Home Types,3,2021,Toronto C12,60,"$205,006,177 ","$3,416,770 ","$2,837,500 ",86,43.50%,99,4.3,98%,21,35
All Home Types,3,2021,Toronto C13,106,"$126,624,611 ","$1,194,572 ","$930,000 ",155,59.30%,86,1.7,107%,10,12
All Home Types,3,2021,Toronto C14,208,"$215,616,711 ","$1,036,619 ","$725,000 ",275,52.70%,163,2.3,102%,16,23
All Home Types,3,2021,Toronto C15,242,"$215,149,967 ","$889,049 ","$690,400 ",337,56.50%,181,1.9,107%,12,18
All Home Types,3,2021,Toronto East,1268,"$1,290,561,739 ","$1,017,793 ","$975,000 ",1765,67.00%,739,1,114%,8,11
All Home Types,3,2021,Toronto E01,131,"$163,218,596 ","$1,245,943 ","$1,255,000 ",177,64.70%,75,0.9,119%,10,12
All Home Types,3,2021,Toronto E02,98,"$155,408,415 ","$1,585,800 ","$1,392,500 ",124,64.10%,49,1,114%,7,10
All Home Types,3,2021,Toronto E03,140,"$160,225,247 ","$1,144,466 ","$1,133,000 ",215,64.10%,79,1,117%,7,9
All Home Types,3,2021,Toronto E04,145,"$131,808,836 ","$909,026 ","$905,000 ",196,70.50%,70,0.9,114%,8,9
All Home Types,3,2021,Toronto E05,125,"$118,127,558 ","$945,020 ","$888,889 ",180,65.70%,86,1.2,113%,7,8
All Home Types,3,2021,Toronto E06,61,"$71,671,253 ","$1,174,939 ","$1,100,000 ",85,62.50%,42,1.2,111%,11,12
All Home Types,3,2021,Toronto E07,141,"$116,498,442 ","$826,230 ","$755,000 ",202,68.60%,81,1.1,113%,7,10
All Home Types,3,2021,Toronto E08,85,"$83,520,665 ","$982,596 ","$975,000 ",114,65.50%,60,1.4,109%,11,17
All Home Types,3,2021,Toronto E09,142,"$112,513,451 ","$792,348 ","$840,050 ",169,69.10%,60,1.1,113%,11,16
All Home Types,3,2021,Toronto E10,77,"$80,902,187 ","$1,050,678 ","$995,000 ",120,69.30%,64,1.1,110%,8,11
All Home Types,3,2021,Toronto E11,123,"$96,667,089 ","$785,911 ","$765,000 ",183,72.40%,73,0.9,111%,8,9
All Home Types,4,2021,All TRREB Areas,13663,"$14,906,219,168 ","$1,090,992 ","$940,000 ",20825,64.30%,11668,1.3,106%,10,14
All Home Types,4,2021,Halton Region,1403,"$1,695,667,838 ","$1,208,601 ","$1,045,000 ",1964,74.00%,947,1,105%,10,12
All Home Types,4,2021,Burlington,391,"$412,514,057 ","$1,055,023 ","$931,000 ",502,76.90%,255,0.9,105%,12,13
All Home Types,4,2021,Halton Hills,147,"$157,224,045 ","$1,069,551 ","$975,000 ",202,80.60%,88,0.8,107%,8,9
All Home Types,4,2021,Milton,342,"$362,981,013 ","$1,061,348 ","$972,500 ",521,76.50%,212,0.7,107%,9,11
All Home Types,4,2021,Oakville,523,"$762,948,723 ","$1,458,793 ","$1,265,000 ",739,68.70%,392,1.3,104%,10,14
All Home Types,4,2021,Peel Region,2733,"$2,829,586,241 ","$1,035,341 ","$935,000 ",4224,67.30%,2111,1,105%,10,13
All Home Types,4,2021,Brampton,1331,"$1,338,194,311 ","$1,005,405 ","$930,000 ",2144,69.20%,989,0.8,105%,9,12
All Home Types,4,2021,Caledon,159,"$217,986,473 ","$1,370,984 ","$1,180,000 ",249,70.30%,150,1.2,103%,11,14
All Home Types,4,2021,Mississauga,1243,"$1,273,405,457 ","$1,024,461 ","$907,000 ",1831,64.90%,972,1.2,105%,10,13
All Home Types,4,2021,City of Toronto,4694,"$5,107,168,556 ","$1,088,021 ","$875,000 ",7481,56.80%,4627,1.7,107%,11,14
All Home Types,4,2021,Toronto West,1231,"$1,274,823,361 ","$1,035,600 ","$910,000 ",1897,62.00%,1089,1.4,108%,10,13
All Home Types,4,2021,Toronto Central,2250,"$2,590,882,339 ","$1,151,503 ","$799,500 ",3782,50.10%,2680,2.2,105%,12,17
All Home Types,4,2021,Toronto East,1213,"$1,241,462,856 ","$1,023,465 ","$968,800 ",1802,67.30%,858,1,112%,9,10
All Home Types,4,2021,York Region,2454,"$3,149,183,412 ","$1,283,286 ","$1,175,000 ",4031,61.00%,2706,1.6,105%,12,16
All Home Types,4,2021,Aurora,190,"$242,823,901 ","$1,278,021 ","$1,200,000 ",268,63.70%,152,1.4,105%,10,13
All Home Types,4,2021,East Gwillimbury,118,"$147,952,114 ","$1,253,831 ","$1,180,500 ",137,67.60%,87,1.3,105%,17,19
All Home Types,4,2021,Georgina,150,"$124,693,987 ","$831,293 ","$780,000 ",212,72.60%,120,1.1,105%,13,17
All Home Types,4,2021,King,68,"$128,897,650 ","$1,895,554 ","$1,889,400 ",123,58.90%,145,2.9,100%,15,20
All Home Types,4,2021,Markham,613,"$799,139,136 ","$1,303,653 ","$1,228,000 ",1003,61.20%,607,1.4,109%,10,13
All Home Types,4,2021,Newmarket,206,"$222,419,052 ","$1,079,704 ","$1,022,500 ",338,68.80%,182,1,106%,9,13
All Home Types,4,2021,Richmond Hill,392,"$543,626,089 ","$1,386,801 ","$1,252,500 ",762,54.80%,585,2,105%,13,18
All Home Types,4,2021,Vaughan,582,"$764,394,541 ","$1,313,393 ","$1,200,000 ",1000,57.90%,714,1.7,104%,11,16
All Home Types,4,2021,Whitchurch-Stouffville,135,"$175,236,942 ","$1,298,051 ","$1,134,500 ",188,66.40%,114,1.6,105%,12,17
All Home Types,4,2021,Durham Region,1771,"$1,589,900,104 ","$897,741 ","$830,000 ",2336,78.50%,882,0.7,111%,9,11
All Home Types,4,2021,Ajax,283,"$267,376,960 ","$944,795 ","$895,000 ",400,77.80%,134,0.5,110%,9,11
All Home Types,4,2021,Brock,39,"$31,891,600 ","$817,733 ","$775,000 ",57,79.40%,34,1,107%,9,9
All Home Types,4,2021,Clarington,329,"$282,583,913 ","$858,918 ","$811,000 ",395,80.70%,137,0.7,114%,9,11
All Home Types,4,2021,Oshawa,517,"$402,699,910 ","$778,917 ","$750,000 ",661,79.40%,243,0.6,113%,9,11
All Home Types,4,2021,Pickering,198,"$200,849,425 ","$1,014,391 ","$892,500 ",300,74.00%,134,0.8,107%,9,12
All Home Types,4,2021,Scugog,43,"$43,264,478 ","$1,006,151 ","$826,000 ",51,74.30%,35,1.4,104%,20,25
All Home Types,4,2021,Uxbridge,51,"$61,518,600 ","$1,206,247 ","$1,011,000 ",62,80.50%,32,1.2,107%,21,21
All Home Types,4,2021,Whitby,311,"$299,715,218 ","$963,715 ","$905,000 ",410,78.90%,133,0.6,112%,8,10
All Home Types,4,2021,Dufferin County,83,"$65,256,217 ","$786,219 ","$780,000 ",88,89.40%,35,0.5,106%,10,12
All Home Types,4,2021,Orangeville,83,"$65,256,217 ","$786,219 ","$780,000 ",88,89.40%,35,0.5,106%,10,12
All Home Types,4,2021,Simcoe County,525,"$469,456,800 ","$894,203 ","$840,000 ",701,77.20%,360,1,104%,11,14
All Home Types,4,2021,Adjala-Tosorontio,34,"$36,301,200 ","$1,067,682 ","$938,500 ",52,79.30%,26,1.4,101%,10,10
All Home Types,4,2021,Bradford,126,"$131,636,009 ","$1,044,730 ","$965,500 ",178,73.20%,86,0.9,104%,10,16
All Home Types,4,2021,Essa,74,"$56,681,341 ","$765,964 ","$713,000 ",79,86.50%,25,0.8,106%,7,8
All Home Types,4,2021,Innisfil,173,"$147,802,740 ","$854,351 ","$815,000 ",219,74.90%,127,1.3,104%,13,16
All Home Types,4,2021,New Tecumseth,118,"$97,035,510 ","$822,335 ","$797,500 ",173,79.70%,96,1,103%,11,13
All Home Types,4,2021,All TRREB Areas,13663,"$14,906,219,168 ","$1,090,992 ","$940,000 ",20825,64.30%,11668,1.3,106%,10,14
All Home Types,4,2021,City of Toronto,4694,"$5,107,168,556 ","$1,088,021 ","$875,000 ",7481,56.80%,4627,1.7,107%,11,14
All Home Types,4,2021,Toronto West,1231,"$1,274,823,361 ","$1,035,600 ","$910,000 ",1897,62.00%,1089,1.4,108%,10,13
All Home Types,4,2021,Toronto W01,91,"$119,740,635 ","$1,315,831 ","$1,100,000 ",132,61.50%,56,1.1,112%,7,8
All Home Types,4,2021,Toronto W02,124,"$160,916,127 ","$1,297,711 ","$1,214,000 ",172,69.50%,67,0.8,113%,8,10
All Home Types,4,2021,Toronto W03,96,"$97,463,536 ","$1,015,245 ","$968,250 ",148,62.60%,82,1.1,115%,7,11
All Home Types,4,2021,Toronto W04,114,"$98,283,551 ","$862,136 ","$825,000 ",173,59.00%,119,1.7,107%,13,17
All Home Types,4,2021,Toronto W05,158,"$139,122,946 ","$880,525 ","$900,000 ",280,63.30%,188,1.4,106%,13,15
All Home Types,4,2021,Toronto W06,206,"$187,758,989 ","$911,451 ","$823,000 ",357,57.10%,229,1.7,106%,10,13
All Home Types,4,2021,Toronto W07,38,"$64,148,871 ","$1,688,128 ","$1,632,500 ",50,61.50%,26,1.4,110%,8,17
All Home Types,4,2021,Toronto W08,238,"$272,635,661 ","$1,145,528 ","$796,444 ",329,62.50%,173,1.4,107%,9,12
All Home Types,4,2021,Toronto W09,60,"$56,023,775 ","$933,730 ","$892,500 ",100,62.00%,61,1.4,107%,10,13
All Home Types,4,2021,Toronto W10,106,"$78,729,270 ","$742,729 ","$715,000 ",156,66.10%,88,1.2,105%,10,12
All Home Types,4,2021,Toronto Central,2250,"$2,590,882,339 ","$1,151,503 ","$799,500 ",3782,50.10%,2680,2.2,105%,12,17
All Home Types,4,2021,Toronto C01,703,"$634,260,799 ","$902,220 ","$735,277 ",1166,46.70%,782,2.4,106%,12,19
All Home Types,4,2021,Toronto C02,114,"$189,644,779 ","$1,663,551 ","$1,405,400 ",197,43.70%,205,2.9,103%,15,23
All Home Types,4,2021,Toronto C03,71,"$123,317,989 ","$1,736,873 ","$1,300,000 ",126,57.70%,75,1.6,104%,11,15
All Home Types,4,2021,Toronto C04,127,"$272,305,052 ","$2,144,134 ","$2,050,018 ",201,55.50%,127,1.7,105%,12,19
All Home Types,4,2021,Toronto C06,56,"$67,773,188 ","$1,210,236 ","$1,087,500 ",99,55.90%,56,1.6,104%,8,12
All Home Types,4,2021,Toronto C07,138,"$167,101,702 ","$1,210,882 ","$890,750 ",257,53.50%,192,2,105%,12,16
All Home Types,4,2021,Toronto C08,325,"$260,494,671 ","$801,522 ","$692,800 ",555,45.80%,390,2.5,105%,13,18
All Home Types,4,2021,Toronto C09,38,"$84,130,222 ","$2,213,953 ","$1,619,950 ",55,50.30%,54,2.6,100%,16,17
All Home Types,4,2021,Toronto C10,118,"$132,352,912 ","$1,121,635 ","$798,750 ",178,54.80%,113,1.9,106%,14,18
All Home Types,4,2021,Toronto C11,58,"$69,736,027 ","$1,202,345 ","$745,000 ",100,57.00%,62,1.7,107%,11,13
All Home Types,4,2021,Toronto C12,41,"$115,464,500 ","$2,816,207 ","$2,520,000 ",96,43.90%,116,4,102%,17,17
All Home Types,4,2021,Toronto C13,86,"$120,011,500 ","$1,395,483 ","$994,000 ",161,59.10%,110,1.6,106%,10,13
All Home Types,4,2021,Toronto C14,162,"$166,131,401 ","$1,025,502 ","$731,500 ",283,53.30%,207,2.2,104%,10,14
All Home Types,4,2021,Toronto C15,213,"$188,157,597 ","$883,369 ","$660,000 ",308,58.10%,191,1.8,107%,11,15
All Home Types,4,2021,Toronto East,1213,"$1,241,462,856 ","$1,023,465 ","$968,800 ",1802,67.30%,858,1,112%,9,10
All Home Types,4,2021,Toronto E01,135,"$168,800,325 ","$1,250,373 ","$1,280,000 ",182,65.90%,73,0.8,118%,6,8
All Home Types,4,2021,Toronto E02,102,"$153,685,784 ","$1,506,723 ","$1,350,500 ",153,64.20%,54,0.9,115%,7,8
All Home Types,4,2021,Toronto E03,136,"$168,615,677 ","$1,239,821 ","$1,238,000 ",212,64.20%,96,0.9,114%,7,8
All Home Types,4,2021,Toronto E04,149,"$128,364,665 ","$861,508 ","$882,000 ",234,69.30%,97,0.8,109%,9,11
All Home Types,4,2021,Toronto E05,104,"$90,376,440 ","$869,004 ","$791,500 ",172,65.40%,113,1.2,110%,9,12
All Home Types,4,2021,Toronto E06,61,"$79,013,017 ","$1,295,295 ","$1,100,000 ",79,64.60%,39,1.1,108%,9,11
All Home Types,4,2021,Toronto E07,132,"$114,830,241 ","$869,926 ","$820,000 ",189,68.90%,93,1,111%,9,10
All Home Types,4,2021,Toronto E08,82,"$75,394,927 ","$919,450 ","$757,500 ",117,66.60%,68,1.2,108%,11,13
All Home Types,4,2021,Toronto E09,123,"$95,834,630 ","$779,143 ","$690,000 ",200,68.10%,86,1,109%,9,11
All Home Types,4,2021,Toronto E10,79,"$83,371,749 ","$1,055,339 ","$999,999 ",123,69.50%,71,1,109%,11,14
All Home Types,4,2021,Toronto E11,110,"$83,175,401 ","$756,140 ","$745,000 ",141,74.00%,68,0.8,109%,11,12
All Home Types,5,2021,All TRREB Areas,11951,"$13,247,118,659 ","$1,108,453 ","$945,000 ",18586,65.00%,12253,1.2,106%,11,15
All Home Types,5,2021,Halton Region,1197,"$1,428,954,791 ","$1,193,780 ","$1,050,000 ",1611,74.70%,916,0.9,104%,10,13
All Home Types,5,2021,Burlington,368,"$381,235,198 ","$1,035,965 ","$930,750 ",444,78.10%,230,0.9,105%,10,11
All Home Types,5,2021,Halton Hills,109,"$112,961,932 ","$1,036,348 ","$939,900 ",143,81.10%,85,0.7,107%,10,12
All Home Types,5,2021,Milton,310,"$329,406,018 ","$1,062,600 ","$955,000 ",434,76.30%,204,0.6,105%,9,14
All Home Types,5,2021,Oakville,410,"$605,351,643 ","$1,476,467 ","$1,297,500 ",590,69.70%,397,1.2,103%,11,15
All Home Types,5,2021,Peel Region,2379,"$2,512,003,459 ","$1,055,907 ","$945,000 ",3728,67.60%,2179,1,104%,11,15
All Home Types,5,2021,Brampton,1174,"$1,171,291,893 ","$997,693 ","$920,000 ",1808,69.40%,960,0.8,104%,10,15
All Home Types,5,2021,Caledon,134,"$200,492,746 ","$1,496,215 ","$1,317,500 ",234,70.00%,178,1.2,101%,11,15
All Home Types,5,2021,Mississauga,1071,"$1,140,218,820 ","$1,064,630 ","$945,000 ",1686,65.40%,1041,1.2,104%,11,15
All Home Types,5,2021,City of Toronto,4118,"$4,598,718,991 ","$1,116,736 ","$890,000 ",7051,57.50%,5196,1.6,106%,12,16
All Home Types,5,2021,Toronto West,1072,"$1,129,440,307 ","$1,053,582 ","$925,000 ",1742,62.60%,1210,1.3,107%,11,15
All Home Types,5,2021,Toronto Central,1933,"$2,334,335,499 ","$1,207,623 ","$806,000 ",3573,51.00%,3047,2.1,104%,13,17
All Home Types,5,2021,Toronto East,1113,"$1,134,943,185 ","$1,019,715 ","$950,000 ",1736,67.30%,939,0.9,111%,10,13
All Home Types,5,2021,York Region,2192,"$2,837,717,505 ","$1,294,579 ","$1,175,000 ",3464,62.00%,2668,1.5,104%,13,18
All Home Types,5,2021,Aurora,134,"$167,126,117 ","$1,247,210 ","$1,165,000 ",201,65.20%,152,1.3,103%,15,20
All Home Types,5,2021,East Gwillimbury,80,"$103,274,295 ","$1,290,929 ","$1,224,000 ",116,69.00%,81,1.2,105%,16,23
All Home Types,5,2021,Georgina,127,"$110,673,593 ","$871,446 ","$845,000 ",199,72.70%,143,1,110%,10,12
All Home Types,5,2021,King,63,"$135,901,199 ","$2,157,162 ","$1,955,000 ",97,60.50%,124,2.7,99%,24,31
All Home Types,5,2021,Markham,569,"$751,377,509 ","$1,320,523 ","$1,205,000 ",887,62.20%,610,1.3,107%,13,17
All Home Types,5,2021,Newmarket,210,"$220,036,502 ","$1,047,793 ","$999,900 ",241,70.90%,135,0.9,104%,12,16
All Home Types,5,2021,Richmond Hill,367,"$490,565,682 ","$1,336,691 ","$1,228,000 ",679,55.40%,615,1.9,103%,14,21
All Home Types,5,2021,Vaughan,541,"$727,569,876 ","$1,344,861 ","$1,230,000 ",895,58.80%,698,1.6,103%,12,17
All Home Types,5,2021,Whitchurch-Stouffville,101,"$131,192,732 ","$1,298,938 ","$1,092,000 ",149,68.00%,110,1.5,104%,10,16
All Home Types,5,2021,Durham Region,1574,"$1,419,960,738 ","$902,135 ","$840,000 ",2048,78.90%,889,0.6,112%,8,10
All Home Types,5,2021,Ajax,227,"$215,235,564 ","$948,174 ","$895,000 ",296,78.00%,113,0.5,111%,8,12
All Home Types,5,2021,Brock,39,"$29,229,046 ","$749,463 ","$740,000 ",41,82.80%,22,0.9,106%,11,17
All Home Types,5,2021,Clarington,284,"$249,924,746 ","$880,017 ","$799,500 ",330,82.30%,118,0.6,115%,7,8
All Home Types,5,2021,Oshawa,462,"$356,718,808 ","$772,119 ","$741,908 ",629,78.80%,294,0.6,114%,9,11
All Home Types,5,2021,Pickering,184,"$181,539,847 ","$986,630 ","$870,500 ",260,74.40%,131,0.8,109%,10,13
All Home Types,5,2021,Scugog,43,"$40,774,496 ","$948,244 ","$915,000 ",53,77.80%,39,1.3,111%,10,13
All Home Types,5,2021,Uxbridge,36,"$49,391,940 ","$1,371,998 ","$1,194,000 ",46,81.40%,34,1.1,106%,12,12
All Home Types,5,2021,Whitby,299,"$297,146,291 ","$993,800 ","$931,000 ",393,79.00%,138,0.5,112%,7,9
All Home Types,5,2021,Dufferin County,70,"$54,926,850 ","$784,669 ","$772,500 ",95,87.00%,44,0.5,106%,8,9
All Home Types,5,2021,Orangeville,70,"$54,926,850 ","$784,669 ","$772,500 ",95,87.00%,44,0.5,106%,8,9
All Home Types,5,2021,Simcoe County,421,"$394,836,325 ","$937,854 ","$860,000 ",589,78.90%,361,0.9,103%,12,15
All Home Types,5,2021,Adjala-Tosorontio,26,"$27,998,800 ","$1,076,877 ","$957,500 ",33,80.40%,27,1.2,101%,15,17
All Home Types,5,2021,Bradford,99,"$108,754,900 ","$1,098,534 ","$990,000 ",142,73.60%,74,0.8,103%,11,15
All Home Types,5,2021,Essa,45,"$35,985,299 ","$799,673 ","$730,000 ",54,88.40%,21,0.6,107%,8,10
All Home Types,5,2021,Innisfil,126,"$111,657,461 ","$886,170 ","$836,500 ",203,76.80%,154,1.1,104%,13,19
All Home Types,5,2021,New Tecumseth,125,"$110,439,865 ","$883,519 ","$840,000 ",157,82.30%,85,0.8,104%,11,14
All Home Types,5,2021,All TRREB Areas,11951,"$13,247,118,659 ","$1,108,453 ","$945,000 ",18586,65.00%,12253,1.2,106%,11,15
All Home Types,5,2021,City of Toronto,4118,"$4,598,718,991 ","$1,116,736 ","$890,000 ",7051,57.50%,5196,1.6,106%,12,16
All Home Types,5,2021,Toronto West,1072,"$1,129,440,307 ","$1,053,582 ","$925,000 ",1742,62.60%,1210,1.3,107%,11,15
All Home Types,5,2021,Toronto W01,88,"$121,987,600 ","$1,386,223 ","$1,185,000 ",104,64.60%,45,1,110%,10,12
All Home Types,5,2021,Toronto W02,108,"$134,030,399 ","$1,241,022 ","$1,245,000 ",181,69.00%,93,0.8,115%,8,9
All Home Types,5,2021,Toronto W03,76,"$77,960,489 ","$1,025,796 ","$1,015,000 ",118,63.40%,77,1,111%,9,13
All Home Types,5,2021,Toronto W04,103,"$94,770,027 ","$920,097 ","$850,000 ",188,59.70%,144,1.6,107%,12,17
All Home Types,5,2021,Toronto W05,148,"$124,676,244 ","$842,407 ","$896,000 ",222,64.10%,191,1.4,105%,15,19
All Home Types,5,2021,Toronto W06,183,"$179,801,878 ","$982,524 ","$859,000 ",336,57.70%,264,1.6,104%,13,18
All Home Types,5,2021,Toronto W07,31,"$48,162,717 ","$1,553,636 ","$1,418,000 ",47,60.70%,27,1.3,109%,7,7
All Home Types,5,2021,Toronto W08,200,"$232,955,319 ","$1,164,777 ","$893,500 ",320,62.50%,206,1.4,106%,11,15
All Home Types,5,2021,Toronto W09,49,"$50,390,924 ","$1,028,386 ","$900,000 ",86,61.70%,67,1.4,106%,14,17
All Home Types,5,2021,Toronto W10,86,"$64,704,710 ","$752,380 ","$630,000 ",140,67.00%,96,1.2,103%,12,16
All Home Types,5,2021,Toronto Central,1933,"$2,334,335,499 ","$1,207,623 ","$806,000 ",3573,51.00%,3047,2.1,104%,13,17
All Home Types,5,2021,Toronto C01,605,"$546,774,090 ","$903,759 ","$730,000 ",1098,47.90%,890,2.3,105%,12,17
All Home Types,5,2021,Toronto C02,80,"$150,967,110 ","$1,887,089 ","$1,552,000 ",179,44.60%,235,2.9,102%,17,24
All Home Types,5,2021,Toronto C03,62,"$120,857,632 ","$1,949,317 ","$1,562,500 ",130,57.90%,96,1.6,104%,9,13
All Home Types,5,2021,Toronto C04,126,"$293,091,816 ","$2,326,126 ","$2,210,000 ",195,57.10%,138,1.6,102%,11,14
All Home Types,5,2021,Toronto C06,44,"$52,591,843 ","$1,195,269 ","$877,500 ",75,56.90%,59,1.5,103%,11,13
All Home Types,5,2021,Toronto C07,113,"$135,708,420 ","$1,200,959 ","$865,000 ",240,53.10%,227,2,102%,14,18
All Home Types,5,2021,Toronto C08,274,"$234,075,536 ","$854,290 ","$726,500 ",558,46.50%,474,2.4,103%,12,17
All Home Types,5,2021,Toronto C09,34,"$80,417,600 ","$2,365,224 ","$1,800,000 ",65,50.90%,67,2.4,105%,14,16
All Home Types,5,2021,Toronto C10,93,"$106,288,539 ","$1,142,888 ","$830,000 ",187,54.30%,148,1.9,105%,10,14
All Home Types,5,2021,Toronto C11,68,"$92,970,830 ","$1,367,218 ","$915,000 ",113,57.90%,72,1.5,106%,12,15
All Home Types,5,2021,Toronto C12,42,"$125,157,088 ","$2,979,931 ","$2,472,000 ",62,46.70%,107,3.7,98%,22,38
All Home Types,5,2021,Toronto C13,102,"$126,958,137 ","$1,244,688 ","$917,500 ",132,60.50%,89,1.5,106%,16,20
All Home Types,5,2021,Toronto C14,124,"$124,816,331 ","$1,006,583 ","$679,000 ",265,53.50%,233,2.1,104%,12,16
All Home Types,5,2021,Toronto C15,166,"$143,660,527 ","$865,425 ","$671,500 ",274,58.80%,212,1.7,103%,12,17
All Home Types,5,2021,Toronto East,1113,"$1,134,943,185 ","$1,019,715 ","$950,000 ",1736,67.30%,939,0.9,111%,10,13
All Home Types,5,2021,Toronto E01,120,"$154,364,448 ","$1,286,370 ","$1,260,000 ",187,65.80%,86,0.8,117%,8,11
All Home Types,5,2021,Toronto E02,88,"$116,987,141 ","$1,329,399 ","$1,253,500 ",146,64.70%,68,0.9,113%,7,10
All Home Types,5,2021,Toronto E03,147,"$186,289,067 ","$1,267,273 ","$1,217,000 ",255,63.60%,123,0.9,112%,8,11
All Home Types,5,2021,Toronto E04,117,"$98,127,794 ","$838,699 ","$870,000 ",197,68.30%,110,0.8,109%,10,13
All Home Types,5,2021,Toronto E05,111,"$99,673,974 ","$897,964 ","$840,000 ",161,66.00%,117,1.1,108%,13,15
All Home Types,5,2021,Toronto E06,47,"$52,941,481 ","$1,126,414 ","$950,000 ",86,64.00%,46,1.1,109%,10,13
All Home Types,5,2021,Toronto E07,103,"$87,922,951 ","$853,621 ","$835,000 ",144,69.40%,88,1,110%,13,17
All Home Types,5,2021,Toronto E08,68,"$70,168,363 ","$1,031,888 ","$1,004,750 ",111,67.40%,72,1.2,107%,10,13
All Home Types,5,2021,Toronto E09,135,"$111,591,699 ","$826,605 ","$890,000 ",176,68.70%,90,1,110%,10,12
All Home Types,5,2021,Toronto E10,79,"$77,124,067 ","$976,254 ","$999,000 ",116,69.50%,61,1,107%,12,15
All Home Types,5,2021,Toronto E11,98,"$79,752,200 ","$813,798 ","$788,000 ",157,73.50%,78,0.8,108%,11,14
All Home Types,6,2021,All TRREB Areas,11106,"$12,100,389,967 ","$1,089,536 ","$935,000 ",16189,66.20%,11297,1.2,105%,13,17
All Home Types,6,2021,Halton Region,1096,"$1,339,599,948 ","$1,222,263 ","$1,076,350 ",1450,76.00%,812,0.9,104%,12,16
All Home Types,6,2021,Burlington,325,"$373,746,520 ","$1,149,989 ","$997,900 ",431,79.00%,218,0.8,105%,12,17
All Home Types,6,2021,Halton Hills,106,"$121,928,483 ","$1,150,269 ","$994,950 ",112,83.00%,59,0.7,104%,13,15
All Home Types,6,2021,Milton,279,"$288,862,279 ","$1,035,349 ","$956,000 ",381,76.50%,172,0.6,105%,10,14
All Home Types,6,2021,Oakville,386,"$555,062,666 ","$1,437,986 ","$1,275,000 ",526,71.80%,363,1.1,103%,12,16
All Home Types,6,2021,Peel Region,2281,"$2,375,523,645 ","$1,041,440 ","$930,000 ",3225,68.70%,1914,0.9,103%,12,16
All Home Types,6,2021,Brampton,1104,"$1,117,291,276 ","$1,012,039 ","$933,000 ",1453,70.30%,736,0.7,103%,11,16
All Home Types,6,2021,Caledon,133,"$194,057,387 ","$1,459,078 ","$1,309,000 ",194,71.20%,156,1.1,101%,13,19
All Home Types,6,2021,Mississauga,1044,"$1,064,174,982 ","$1,019,325 ","$900,000 ",1578,66.60%,1022,1.1,104%,12,17
All Home Types,6,2021,City of Toronto,3850,"$4,157,034,650 ","$1,079,749 ","$867,000 ",6386,58.70%,5128,1.5,104%,14,18
All Home Types,6,2021,Toronto West,982,"$1,020,897,905 ","$1,039,611 ","$912,500 ",1648,62.90%,1225,1.3,105%,13,18
All Home Types,6,2021,Toronto Central,1865,"$2,149,225,276 ","$1,152,400 ","$795,000 ",3233,52.70%,3005,2,102%,15,20
All Home Types,6,2021,Toronto East,1003,"$986,911,469 ","$983,960 ","$950,000 ",1505,68.20%,898,0.9,109%,11,15
All Home Types,6,2021,York Region,2015,"$2,502,293,228 ","$1,241,833 ","$1,150,000 ",2917,63.80%,2364,1.4,104%,14,20
All Home Types,6,2021,Aurora,127,"$161,168,163 ","$1,269,041 ","$1,170,000 ",162,67.40%,119,1.2,104%,14,21
All Home Types,6,2021,East Gwillimbury,84,"$111,868,085 ","$1,331,763 ","$1,214,000 ",98,70.70%,74,1.1,105%,13,16
All Home Types,6,2021,Georgina,122,"$103,659,139 ","$849,665 ","$804,000 ",141,73.70%,111,1,106%,15,18
All Home Types,6,2021,King,43,"$76,887,000 ","$1,788,070 ","$1,720,000 ",78,61.50%,119,2.7,100%,30,37
All Home Types,6,2021,Markham,504,"$612,009,079 ","$1,214,304 ","$1,183,400 ",740,63.80%,544,1.3,108%,12,18
All Home Types,6,2021,Newmarket,172,"$187,250,681 ","$1,088,667 ","$1,023,000 ",223,73.00%,118,0.8,105%,11,18
All Home Types,6,2021,Richmond Hill,374,"$484,490,287 ","$1,295,429 ","$1,200,444 ",573,57.30%,530,1.8,103%,16,22
All Home Types,6,2021,Vaughan,507,"$654,670,928 ","$1,291,264 ","$1,175,000 ",775,60.80%,639,1.5,103%,15,21
All Home Types,6,2021,Whitchurch-Stouffville,82,"$110,289,866 ","$1,344,998 ","$1,174,000 ",127,70.20%,110,1.4,103%,17,23
All Home Types,6,2021,Durham Region,1425,"$1,307,105,018 ","$917,267 ","$840,000 ",1655,80.30%,712,0.6,111%,10,13
All Home Types,6,2021,Ajax,207,"$191,840,795 ","$926,767 ","$875,000 ",243,79.20%,89,0.5,110%,9,12
All Home Types,6,2021,Brock,31,"$25,468,722 ","$821,572 ","$765,000 ",55,82.20%,36,0.8,103%,12,14
All Home Types,6,2021,Clarington,213,"$186,391,380 ","$875,077 ","$815,000 ",291,82.90%,130,0.6,113%,9,12
All Home Types,6,2021,Oshawa,468,"$372,941,042 ","$796,883 ","$755,000 ",483,80.60%,193,0.5,112%,10,13
All Home Types,6,2021,Pickering,194,"$203,914,562 ","$1,051,106 ","$938,500 ",223,75.70%,101,0.7,108%,11,14
All Home Types,6,2021,Scugog,38,"$37,124,300 ","$976,955 ","$872,000 ",43,80.60%,34,1.2,109%,15,18
All Home Types,6,2021,Uxbridge,36,"$50,850,853 ","$1,412,524 ","$1,385,000 ",44,84.10%,27,1,106%,13,14
All Home Types,6,2021,Whitby,238,"$238,573,364 ","$1,002,409 ","$946,200 ",273,81.00%,102,0.5,111%,8,11
All Home Types,6,2021,Dufferin County,75,"$59,851,730 ","$798,023 ","$770,000 ",89,86.60%,41,0.5,104%,10,12
All Home Types,6,2021,Orangeville,75,"$59,851,730 ","$798,023 ","$770,000 ",89,86.60%,41,0.5,104%,10,12
All Home Types,6,2021,Simcoe County,364,"$358,981,748 ","$986,214 ","$899,950 ",467,79.20%,326,0.9,103%,15,18
All Home Types,6,2021,Adjala-Tosorontio,19,"$28,527,000 ","$1,501,421 ","$1,270,000 ",29,79.30%,25,1.2,99%,20,21
All Home Types,6,2021,Bradford,90,"$98,496,365 ","$1,094,404 ","$998,000 ",109,74.60%,64,0.8,103%,16,20
All Home Types,6,2021,Essa,37,"$31,835,190 ","$860,411 ","$790,000 ",46,88.30%,20,0.6,103%,11,14
All Home Types,6,2021,Innisfil,114,"$106,793,794 ","$936,788 ","$871,950 ",162,77.00%,139,1.1,103%,14,19
All Home Types,6,2021,New Tecumseth,104,"$93,329,399 ","$897,398 ","$819,950 ",121,82.70%,78,0.8,103%,14,16
All Home Types,6,2021,All TRREB Areas,11106,"$12,100,389,967 ","$1,089,536 ","$935,000 ",16189,66.20%,11297,1.2,105%,13,17
All Home Types,6,2021,City of Toronto,3850,"$4,157,034,650 ","$1,079,749 ","$867,000 ",6386,58.70%,5128,1.5,104%,14,18
All Home Types,6,2021,Toronto West,982,"$1,020,897,905 ","$1,039,611 ","$912,500 ",1648,62.90%,1225,1.3,105%,13,18
All Home Types,6,2021,Toronto W01,57,"$86,727,363 ","$1,521,533 ","$1,400,000 ",119,63.60%,60,1,106%,10,13
All Home Types,6,2021,Toronto W02,108,"$141,802,172 ","$1,312,983 ","$1,200,000 ",178,68.20%,87,0.8,109%,9,14
All Home Types,6,2021,Toronto W03,77,"$78,594,695 ","$1,020,710 ","$999,999 ",142,62.30%,85,1,110%,13,19
All Home Types,6,2021,Toronto W04,96,"$84,560,960 ","$880,843 ","$865,000 ",164,60.50%,152,1.6,105%,15,18
All Home Types,6,2021,Toronto W05,130,"$105,960,159 ","$815,078 ","$860,000 ",215,64.30%,185,1.4,104%,15,21
All Home Types,6,2021,Toronto W06,204,"$191,002,422 ","$936,286 ","$868,500 ",328,58.80%,258,1.5,103%,14,20
All Home Types,6,2021,Toronto W07,22,"$41,205,172 ","$1,872,962 ","$1,575,000 ",40,61.30%,30,1.3,108%,10,13
All Home Types,6,2021,Toronto W08,179,"$202,756,437 ","$1,132,718 ","$720,024 ",289,63.10%,219,1.3,103%,13,17
All Home Types,6,2021,Toronto W09,39,"$37,509,888 ","$961,792 ","$901,000 ",80,61.50%,74,1.4,106%,14,16
All Home Types,6,2021,Toronto W10,70,"$50,778,637 ","$725,409 ","$565,000 ",93,68.40%,75,1.1,104%,16,22
All Home Types,6,2021,Toronto Central,1865,"$2,149,225,276 ","$1,152,400 ","$795,000 ",3233,52.70%,3005,2,102%,15,20
All Home Types,6,2021,Toronto C01,585,"$495,243,601 ","$846,570 ","$700,000 ",951,50.00%,848,2.2,104%,14,20
All Home Types,6,2021,Toronto C02,92,"$157,763,116 ","$1,714,816 ","$1,268,000 ",196,45.30%,240,2.9,101%,20,26
All Home Types,6,2021,Toronto C03,55,"$93,699,799 ","$1,703,633 ","$1,330,000 ",113,57.90%,89,1.5,106%,12,14
All Home Types,6,2021,Toronto C04,98,"$222,175,386 ","$2,267,096 ","$1,990,000 ",157,59.30%,128,1.5,102%,12,16
All Home Types,6,2021,Toronto C06,35,"$41,128,036 ","$1,175,087 ","$790,000 ",68,57.70%,55,1.5,101%,15,19
All Home Types,6,2021,Toronto C07,126,"$150,760,910 ","$1,196,515 ","$836,500 ",187,55.10%,200,1.9,102%,19,24
All Home Types,6,2021,Toronto C08,287,"$233,050,438 ","$812,022 ","$695,000 ",495,48.70%,471,2.3,103%,15,21
All Home Types,6,2021,Toronto C09,33,"$89,519,900 ","$2,712,724 ","$2,681,000 ",69,51.30%,72,2.4,100%,18,22
All Home Types,6,2021,Toronto C10,98,"$109,471,747 ","$1,117,059 ","$810,000 ",172,54.60%,146,1.9,103%,13,18
All Home Types,6,2021,Toronto C11,62,"$85,405,376 ","$1,377,506 ","$1,102,500 ",100,58.40%,71,1.5,104%,15,23
All Home Types,6,2021,Toronto C12,24,"$73,319,000 ","$3,054,958 ","$2,280,000 ",62,47.70%,109,3.7,96%,18,24
All Home Types,6,2021,Toronto C13,70,"$88,025,975 ","$1,257,514 ","$890,000 ",130,61.30%,102,1.5,102%,15,20
All Home Types,6,2021,Toronto C14,137,"$142,309,550 ","$1,038,756 ","$730,000 ",230,55.10%,237,2,100%,17,22
All Home Types,6,2021,Toronto C15,163,"$167,352,442 ","$1,026,702 ","$768,000 ",303,59.60%,237,1.6,102%,13,17
All Home Types,6,2021,Toronto East,1003,"$986,911,469 ","$983,960 ","$950,000 ",1505,68.20%,898,0.9,109%,11,15
All Home Types,6,2021,Toronto E01,100,"$123,159,131 ","$1,231,591 ","$1,179,500 ",175,65.90%,95,0.8,115%,6,10
All Home Types,6,2021,Toronto E02,84,"$112,006,114 ","$1,333,406 ","$1,228,500 ",121,65.80%,56,0.8,110%,8,12
All Home Types,6,2021,Toronto E03,126,"$155,157,133 ","$1,231,406 ","$1,151,000 ",203,64.20%,120,0.9,110%,10,14
All Home Types,6,2021,Toronto E04,116,"$95,624,977 ","$824,353 ","$857,500 ",178,69.10%,105,0.8,105%,12,18
All Home Types,6,2021,Toronto E05,87,"$72,034,737 ","$827,985 ","$739,000 ",138,66.90%,107,1.1,107%,14,16
All Home Types,6,2021,Toronto E06,42,"$45,036,292 ","$1,072,293 ","$965,000 ",82,63.30%,47,1.1,107%,8,12
All Home Types,6,2021,Toronto E07,102,"$86,378,514 ","$846,848 ","$832,500 ",145,71.40%,87,1,111%,11,14
All Home Types,6,2021,Toronto E08,73,"$69,239,256 ","$948,483 ","$975,000 ",97,69.60%,63,1.1,105%,12,17
All Home Types,6,2021,Toronto E09,125,"$97,369,086 ","$778,953 ","$710,000 ",164,70.30%,85,0.9,107%,12,15
All Home Types,6,2021,Toronto E10,63,"$66,706,439 ","$1,058,832 ","$1,045,000 ",106,68.80%,68,1,108%,9,13
All Home Types,6,2021,Toronto E11,85,"$64,199,790 ","$755,292 ","$789,000 ",96,75.20%,65,0.8,106%,14,20
All Home Types,7,2021,All TRREB Areas,9390,"$9,974,588,185 ","$1,062,256 ","$911,500 ",12551,67.20%,9732,1.1,104%,15,20
All Home Types,7,2021,Halton Region,925,"$1,084,041,277 ","$1,171,937 ","$1,035,000 ",1073,76.90%,635,0.8,103%,12,16
All Home Types,7,2021,Burlington,263,"$275,871,865 ","$1,048,942 ","$970,000 ",326,79.10%,196,0.8,104%,13,15
All Home Types,7,2021,Halton Hills,93,"$100,421,186 ","$1,079,798 ","$970,000 ",111,82.00%,58,0.7,107%,11,13
All Home Types,7,2021,Milton,246,"$250,128,624 ","$1,016,783 ","$950,000 ",257,77.80%,124,0.6,103%,11,16
All Home Types,7,2021,Oakville,323,"$457,619,602 ","$1,416,779 ","$1,218,000 ",379,73.40%,257,1,101%,14,18
All Home Types,7,2021,Peel Region,1980,"$1,996,996,431 ","$1,008,584 ","$900,000 ",2446,69.70%,1586,0.9,103%,13,19
All Home Types,7,2021,Brampton,958,"$963,794,936 ","$1,006,049 ","$922,000 ",1113,71.40%,582,0.7,103%,12,18
All Home Types,7,2021,Caledon,102,"$146,478,764 ","$1,436,066 ","$1,370,029 ",136,70.00%,128,1.1,101%,14,21
All Home Types,7,2021,Mississauga,920,"$886,722,731 ","$963,829 ","$830,000 ",1197,67.90%,876,1.1,103%,14,20
All Home Types,7,2021,City of Toronto,3269,"$3,323,201,609 ","$1,016,580 ","$817,700 ",5108,59.70%,4705,1.5,103%,16,22
All Home Types,7,2021,Toronto West,820,"$795,524,179 ","$970,151 ","$869,950 ",1217,63.60%,1088,1.3,103%,16,21
All Home Types,7,2021,Toronto Central,1631,"$1,731,214,505 ","$1,061,444 ","$740,000 ",2757,54.10%,2842,2,101%,18,24
All Home Types,7,2021,Toronto East,818,"$796,462,925 ","$973,671 ","$925,284 ",1134,68.80%,775,0.9,107%,14,18
All Home Types,7,2021,York Region,1767,"$2,247,325,438 ","$1,271,831 ","$1,175,000 ",2223,65.70%,1921,1.3,104%,16,22
All Home Types,7,2021,Aurora,113,"$139,134,595 ","$1,231,280 ","$1,170,000 ",125,69.40%,98,1.2,105%,14,19
All Home Types,7,2021,East Gwillimbury,68,"$91,740,200 ","$1,349,121 ","$1,255,400 ",83,73.60%,65,1,104%,15,18
All Home Types,7,2021,Georgina,77,"$71,311,955 ","$926,129 ","$800,000 ",113,73.70%,83,1,104%,17,20
All Home Types,7,2021,King,48,"$92,241,300 ","$1,921,694 ","$1,687,500 ",71,61.70%,103,2.6,100%,24,29
All Home Types,7,2021,Markham,489,"$615,315,302 ","$1,258,314 ","$1,180,000 ",594,66.00%,433,1.2,107%,14,19
All Home Types,7,2021,Newmarket,144,"$157,372,321 ","$1,092,863 ","$1,050,500 ",159,74.90%,82,0.8,105%,14,21
All Home Types,7,2021,Richmond Hill,333,"$447,006,192 ","$1,342,361 ","$1,205,000 ",443,60.10%,443,1.7,103%,19,27
All Home Types,7,2021,Vaughan,408,"$509,634,469 ","$1,249,104 ","$1,202,944 ",536,62.40%,537,1.5,103%,17,24
All Home Types,7,2021,Whitchurch-Stouffville,87,"$123,569,104 ","$1,420,335 ","$1,205,000 ",99,70.80%,77,1.3,103%,16,20
All Home Types,7,2021,Durham Region,1104,"$1,004,857,780 ","$910,197 ","$850,000 ",1280,80.50%,576,0.6,111%,11,14
All Home Types,7,2021,Ajax,158,"$148,540,564 ","$940,130 ","$890,000 ",198,79.00%,80,0.5,110%,10,13
All Home Types,7,2021,Brock,31,"$23,199,500 ","$748,371 ","$670,000 ",36,78.70%,30,0.9,104%,19,22
All Home Types,7,2021,Clarington,200,"$178,621,068 ","$893,105 ","$832,500 ",231,82.30%,101,0.6,113%,10,12
All Home Types,7,2021,Oshawa,299,"$234,552,019 ","$784,455 ","$746,000 ",350,80.80%,173,0.5,113%,11,13
All Home Types,7,2021,Pickering,158,"$155,012,158 ","$981,090 ","$910,500 ",176,76.60%,71,0.7,109%,11,15
All Home Types,7,2021,Scugog,36,"$35,137,800 ","$976,050 ","$810,500 ",44,80.30%,32,1.1,106%,14,17
All Home Types,7,2021,Uxbridge,25,"$32,048,078 ","$1,281,923 ","$1,300,000 ",33,88.20%,22,0.9,106%,8,10
All Home Types,7,2021,Whitby,197,"$197,746,593 ","$1,003,790 ","$967,111 ",212,81.40%,67,0.5,110%,10,13
All Home Types,7,2021,Dufferin County,53,"$40,013,676 ","$754,975 ","$753,000 ",60,86.80%,31,0.5,104%,11,17
All Home Types,7,2021,Orangeville,53,"$40,013,676 ","$754,975 ","$753,000 ",60,86.80%,31,0.5,104%,11,17
All Home Types,7,2021,Simcoe County,292,"$278,151,974 ","$952,575 ","$860,000 ",361,78.90%,278,0.9,102%,16,21
All Home Types,7,2021,Adjala-Tosorontio,15,"$20,851,800 ","$1,390,120 ","$1,100,000 ",24,80.90%,25,1.1,102%,16,19
All Home Types,7,2021,Bradford,72,"$76,845,675 ","$1,067,301 ","$977,500 ",84,74.80%,49,0.8,105%,13,19
All Home Types,7,2021,Essa,33,"$29,389,300 ","$890,585 ","$750,000 ",42,86.30%,22,0.6,102%,10,11
All Home Types,7,2021,Innisfil,99,"$88,172,399 ","$890,630 ","$824,444 ",131,75.50%,120,1.1,100%,19,24
All Home Types,7,2021,New Tecumseth,73,"$62,892,800 ","$861,545 ","$815,000 ",80,84.30%,62,0.8,102%,18,21
All Home Types,7,2021,All TRREB Areas,9390,"$9,974,588,185 ","$1,062,256 ","$911,500 ",12551,67.20%,9732,1.1,104%,15,20
All Home Types,7,2021,City of Toronto,3269,"$3,323,201,609 ","$1,016,580 ","$817,700 ",5108,59.70%,4705,1.5,103%,16,22
All Home Types,7,2021,Toronto West,820,"$795,524,179 ","$970,151 ","$869,950 ",1217,63.60%,1088,1.3,103%,16,21
All Home Types,7,2021,Toronto W01,47,"$61,633,407 ","$1,311,349 ","$1,125,000 ",77,63.90%,52,1,103%,13,18
All Home Types,7,2021,Toronto W02,88,"$101,456,390 ","$1,152,914 ","$1,140,000 ",126,67.20%,68,0.8,106%,13,17
All Home Types,7,2021,Toronto W03,52,"$49,436,882 ","$950,709 ","$928,500 ",90,61.40%,78,1.1,106%,13,17
All Home Types,7,2021,Toronto W04,71,"$61,184,209 ","$861,749 ","$790,000 ",117,61.20%,131,1.6,103%,15,19
All Home Types,7,2021,Toronto W05,118,"$95,852,297 ","$812,308 ","$840,000 ",138,65.50%,146,1.4,103%,17,26
All Home Types,7,2021,Toronto W06,140,"$123,179,745 ","$879,855 ","$770,000 ",242,59.50%,247,1.5,101%,17,24
All Home Types,7,2021,Toronto W07,20,"$36,431,999 ","$1,821,600 ","$1,610,500 ",40,59.80%,30,1.3,103%,9,11
All Home Types,7,2021,Toronto W08,162,"$154,519,943 ","$953,827 ","$682,750 ",221,65.20%,199,1.3,102%,17,23
All Home Types,7,2021,Toronto W09,59,"$62,703,508 ","$1,062,771 ","$1,150,000 ",58,63.80%,52,1.3,101%,20,29
All Home Types,7,2021,Toronto W10,63,"$49,125,799 ","$779,775 ","$860,000 ",108,68.80%,85,1.1,104%,13,17
All Home Types,7,2021,Toronto Central,1631,"$1,731,214,505 ","$1,061,444 ","$740,000 ",2757,54.10%,2842,2,101%,18,24
All Home Types,7,2021,Toronto C01,529,"$445,067,461 ","$841,337 ","$720,000 ",862,52.40%,819,2.1,102%,18,25
All Home Types,7,2021,Toronto C02,81,"$133,073,825 ","$1,642,887 ","$1,060,000 ",166,46.10%,224,2.8,99%,17,31
All Home Types,7,2021,Toronto C03,34,"$54,471,388 ","$1,602,100 ","$1,164,000 ",94,55.30%,103,1.6,100%,12,19
All Home Types,7,2021,Toronto C04,77,"$161,051,667 ","$2,091,580 ","$1,865,000 ",101,60.60%,103,1.5,99%,25,31
All Home Types,7,2021,Toronto C06,38,"$38,777,865 ","$1,020,470 ","$680,500 ",77,56.70%,68,1.5,104%,12,15
All Home Types,7,2021,Toronto C07,92,"$99,726,626 ","$1,083,985 ","$800,000 ",178,56.10%,192,1.9,103%,16,18
All Home Types,7,2021,Toronto C08,248,"$184,222,381 ","$742,832 ","$676,750 ",437,50.30%,432,2.2,103%,18,23
All Home Types,7,2021,Toronto C09,22,"$50,955,888 ","$2,316,177 ","$1,387,500 ",36,52.70%,64,2.4,98%,24,36
All Home Types,7,2021,Toronto C10,80,"$76,797,770 ","$959,972 ","$710,500 ",105,56.30%,112,1.8,101%,22,29
All Home Types,7,2021,Toronto C11,37,"$36,876,257 ","$996,656 ","$595,000 ",62,56.70%,57,1.6,103%,16,21
All Home Types,7,2021,Toronto C12,36,"$111,296,451 ","$3,091,568 ","$2,905,000 ",57,49.60%,98,3.6,100%,19,28
All Home Types,7,2021,Toronto C13,49,"$54,952,800 ","$1,121,486 ","$972,000 ",82,61.70%,97,1.5,102%,18,22
All Home Types,7,2021,Toronto C14,136,"$133,160,575 ","$979,122 ","$725,000 ",212,57.20%,219,1.9,102%,14,21
All Home Types,7,2021,Toronto C15,172,"$150,783,551 ","$876,649 ","$665,500 ",288,60.20%,254,1.6,103%,16,21
All Home Types,7,2021,Toronto East,818,"$796,462,925 ","$973,671 ","$925,284 ",1134,68.80%,775,0.9,107%,14,18
All Home Types,7,2021,Toronto E01,71,"$85,370,184 ","$1,202,397 ","$1,188,000 ",95,66.20%,64,0.8,105%,14,20
All Home Types,7,2021,Toronto E02,61,"$75,850,698 ","$1,243,454 ","$1,290,000 ",98,65.30%,52,0.9,112%,11,16
All Home Types,7,2021,Toronto E03,84,"$105,504,464 ","$1,256,006 ","$1,152,500 ",138,64.20%,104,0.9,106%,14,20
All Home Types,7,2021,Toronto E04,115,"$103,090,251 ","$896,437 ","$920,000 ",148,69.70%,87,0.8,105%,13,17
All Home Types,7,2021,Toronto E05,86,"$73,890,588 ","$859,193 ","$757,500 ",113,67.80%,90,1.1,109%,15,19
All Home Types,7,2021,Toronto E06,28,"$30,409,875 ","$1,086,067 ","$939,250 ",39,65.50%,42,1,104%,12,18
All Home Types,7,2021,Toronto E07,77,"$65,940,244 ","$856,367 ","$883,800 ",114,72.60%,86,0.9,110%,15,18
All Home Types,7,2021,Toronto E08,46,"$45,211,699 ","$982,863 ","$950,056 ",72,69.10%,57,1.1,104%,14,20
All Home Types,7,2021,Toronto E09,94,"$71,390,367 ","$759,472 ","$679,000 ",114,71.30%,72,0.9,105%,15,18
All Home Types,7,2021,Toronto E10,71,"$69,668,955 ","$981,253 ","$1,000,000 ",84,70.70%,56,0.9,108%,13,16
All Home Types,7,2021,Toronto E11,85,"$70,135,600 ","$825,125 ","$810,000 ",119,74.90%,65,0.8,106%,14,17
All Home Types,8,2021,All TRREB Areas,8596,"$9,205,552,832 ","$1,070,911 ","$925,000 ",10609,69.00%,8201,1.1,105%,16,21
All Home Types,8,2021,Halton Region,816,"$984,109,104 ","$1,206,016 ","$1,071,000 ",874,78.00%,470,0.8,103%,14,17
All Home Types,8,2021,Burlington,245,"$257,140,986 ","$1,049,555 ","$945,000 ",280,80.00%,158,0.8,103%,14,16
All Home Types,8,2021,Halton Hills,81,"$87,858,850 ","$1,084,677 ","$956,000 ",89,82.30%,47,0.7,106%,9,10
All Home Types,8,2021,Milton,212,"$225,084,346 ","$1,061,719 ","$992,500 ",192,79.10%,70,0.5,105%,12,16
All Home Types,8,2021,Oakville,278,"$414,024,922 ","$1,489,298 ","$1,265,500 ",313,74.70%,195,1,102%,15,20
All Home Types,8,2021,Peel Region,1805,"$1,876,297,903 ","$1,039,500 ","$950,000 ",2064,71.60%,1285,0.9,104%,13,18
All Home Types,8,2021,Brampton,883,"$936,224,764 ","$1,060,277 ","$975,000 ",950,73.00%,433,0.7,104%,11,15
All Home Types,8,2021,Caledon,104,"$152,601,499 ","$1,467,322 ","$1,385,000 ",133,72.00%,118,1.1,102%,16,24
All Home Types,8,2021,Mississauga,818,"$787,471,640 ","$962,679 ","$864,550 ",981,70.00%,734,1,104%,15,21
All Home Types,8,2021,City of Toronto,3003,"$3,003,023,643 ","$1,000,008 ","$785,000 ",4207,62.00%,4103,1.5,103%,19,27
All Home Types,8,2021,Toronto West,738,"$678,369,150 ","$919,199 ","$769,500 ",975,65.20%,906,1.2,103%,18,25
All Home Types,8,2021,Toronto Central,1525,"$1,617,807,595 ","$1,060,857 ","$753,000 ",2281,56.90%,2551,1.9,101%,22,31
All Home Types,8,2021,Toronto East,740,"$706,846,898 ","$955,199 ","$912,500 ",951,70.40%,646,0.9,107%,15,21
All Home Types,8,2021,York Region,1620,"$2,090,855,026 ","$1,290,651 ","$1,200,000 ",1966,67.70%,1623,1.3,105%,17,23
All Home Types,8,2021,Aurora,107,"$125,920,816 ","$1,176,830 ","$1,085,000 ",111,72.70%,67,1.1,105%,17,24
All Home Types,8,2021,East Gwillimbury,61,"$78,428,366 ","$1,285,711 ","$1,286,000 ",70,74.10%,51,1,107%,15,17
All Home Types,8,2021,Georgina,90,"$86,302,743 ","$958,919 ","$864,000 ",98,74.50%,66,0.9,104%,20,29
All Home Types,8,2021,King,44,"$91,085,174 ","$2,070,118 ","$1,750,000 ",55,62.00%,85,2.6,98%,26,35
All Home Types,8,2021,Markham,402,"$514,502,304 ","$1,279,856 ","$1,260,000 ",491,67.80%,367,1.2,109%,14,18
All Home Types,8,2021,Newmarket,132,"$145,829,622 ","$1,104,770 ","$1,061,000 ",140,76.10%,60,0.7,106%,11,15
All Home Types,8,2021,Richmond Hill,301,"$409,603,759 ","$1,360,810 ","$1,288,000 ",381,63.00%,384,1.6,105%,19,27
All Home Types,8,2021,Vaughan,419,"$548,723,301 ","$1,309,602 ","$1,205,000 ",526,64.90%,457,1.4,103%,18,27
All Home Types,8,2021,Whitchurch-Stouffville,64,"$90,458,941 ","$1,413,421 ","$1,292,000 ",94,72.10%,86,1.3,105%,20,25
All Home Types,8,2021,Durham Region,1048,"$962,203,395 ","$918,133 ","$866,150 ",1167,80.80%,477,0.5,112%,10,12
All Home Types,8,2021,Ajax,165,"$160,690,088 ","$973,879 ","$925,000 ",160,80.30%,52,0.4,114%,7,9
All Home Types,8,2021,Brock,29,"$28,633,263 ","$987,354 ","$780,000 ",29,79.40%,20,0.9,101%,15,17
All Home Types,8,2021,Clarington,197,"$177,583,354 ","$901,438 ","$855,000 ",220,83.10%,88,0.5,114%,8,11
All Home Types,8,2021,Oshawa,315,"$243,432,972 ","$772,803 ","$750,000 ",354,80.70%,141,0.5,114%,11,14
All Home Types,8,2021,Pickering,125,"$126,828,220 ","$1,014,626 ","$945,000 ",159,77.40%,67,0.6,109%,9,12
All Home Types,8,2021,Scugog,22,"$22,079,546 ","$1,003,616 ","$880,250 ",31,79.60%,31,1.1,107%,12,13
All Home Types,8,2021,Uxbridge,24,"$30,941,500 ","$1,289,229 ","$1,187,500 ",31,83.00%,25,0.9,105%,19,26
All Home Types,8,2021,Whitby,171,"$172,014,452 ","$1,005,932 ","$955,000 ",183,81.70%,53,0.5,115%,8,10
All Home Types,8,2021,Dufferin County,56,"$46,750,878 ","$834,837 ","$790,000 ",58,87.40%,22,0.5,104%,14,16
All Home Types,8,2021,Orangeville,56,"$46,750,878 ","$834,837 ","$790,000 ",58,87.40%,22,0.5,104%,14,16
All Home Types,8,2021,Simcoe County,248,"$242,312,883 ","$977,068 ","$899,650 ",273,78.30%,221,0.9,101%,18,23
All Home Types,8,2021,Adjala-Tosorontio,14,"$18,083,000 ","$1,291,643 ","$1,027,500 ",13,80.50%,17,1.1,98%,25,28
All Home Types,8,2021,Bradford,53,"$59,017,745 ","$1,113,542 ","$1,050,000 ",59,75.60%,38,0.8,103%,16,20
All Home Types,8,2021,Essa,20,"$17,967,500 ","$898,375 ","$836,050 ",25,84.00%,24,0.6,100%,15,16
All Home Types,8,2021,Innisfil,96,"$89,039,688 ","$927,497 ","$865,000 ",94,74.90%,85,1,101%,21,29
All Home Types,8,2021,New Tecumseth,65,"$58,204,950 ","$895,461 ","$842,500 ",82,82.60%,57,0.8,102%,13,17
All Home Types,8,2021,All TRREB Areas,8596,"$9,205,552,832 ","$1,070,911 ","$925,000 ",10609,69.00%,8201,1.1,105%,16,21
All Home Types,8,2021,City of Toronto,3003,"$3,003,023,643 ","$1,000,008 ","$785,000 ",4207,62.00%,4103,1.5,103%,19,27
All Home Types,8,2021,Toronto West,738,"$678,369,150 ","$919,199 ","$769,500 ",975,65.20%,906,1.2,103%,18,25
All Home Types,8,2021,Toronto W01,34,"$37,106,800 ","$1,091,376 ","$794,450 ",34,67.30%,36,0.9,100%,19,31
All Home Types,8,2021,Toronto W02,57,"$57,430,007 ","$1,007,544 ","$951,000 ",78,67.40%,57,0.8,108%,16,26
All Home Types,8,2021,Toronto W03,45,"$45,069,888 ","$1,001,553 ","$975,000 ",69,61.90%,64,1.1,105%,19,27
All Home Types,8,2021,Toronto W04,59,"$51,722,498 ","$876,653 ","$792,500 ",113,61.20%,113,1.6,104%,22,29
All Home Types,8,2021,Toronto W05,122,"$91,841,265 ","$752,797 ","$689,000 ",161,67.60%,135,1.3,103%,17,22
All Home Types,8,2021,Toronto W06,125,"$111,964,676 ","$895,717 ","$760,000 ",163,61.80%,203,1.5,100%,20,27
All Home Types,8,2021,Toronto W07,23,"$37,832,576 ","$1,644,895 ","$1,321,000 ",31,62.40%,25,1.3,108%,10,18
All Home Types,8,2021,Toronto W08,157,"$158,825,888 ","$1,011,630 ","$650,000 ",172,67.80%,151,1.2,102%,18,25
All Home Types,8,2021,Toronto W09,36,"$29,258,450 ","$812,735 ","$737,159 ",50,65.50%,49,1.3,105%,17,21
All Home Types,8,2021,Toronto W10,80,"$57,317,102 ","$716,464 ","$566,500 ",104,68.50%,73,1.1,105%,16,20
All Home Types,8,2021,Toronto Central,1525,"$1,617,807,595 ","$1,060,857 ","$753,000 ",2281,56.90%,2551,1.9,101%,22,31
All Home Types,8,2021,Toronto C01,528,"$466,537,971 ","$883,595 ","$740,500 ",715,56.30%,698,1.9,102%,20,28
All Home Types,8,2021,Toronto C02,62,"$99,387,797 ","$1,603,029 ","$1,236,500 ",124,47.90%,220,2.8,100%,26,40
All Home Types,8,2021,Toronto C03,34,"$48,630,373 ","$1,430,305 ","$1,023,500 ",69,56.00%,89,1.6,106%,17,19
All Home Types,8,2021,Toronto C04,49,"$108,962,318 ","$2,223,721 ","$1,700,000 ",69,62.00%,74,1.4,99%,23,30
All Home Types,8,2021,Toronto C06,28,"$37,811,769 ","$1,350,420 ","$1,325,000 ",50,57.80%,57,1.5,116%,21,29
All Home Types,8,2021,Toronto C07,101,"$108,354,280 ","$1,072,815 ","$745,000 ",145,58.20%,165,1.8,100%,24,36
All Home Types,8,2021,Toronto C08,227,"$178,412,800 ","$785,959 ","$690,000 ",337,53.90%,379,2.1,101%,22,29
All Home Types,8,2021,Toronto C09,21,"$61,007,000 ","$2,905,095 ","$2,000,000 ",19,54.30%,43,2.4,93%,39,58
All Home Types,8,2021,Toronto C10,63,"$60,824,400 ","$965,467 ","$700,000 ",102,59.60%,117,1.8,100%,23,32
All Home Types,8,2021,Toronto C11,37,"$34,981,400 ","$945,443 ","$580,000 ",54,57.20%,49,1.5,103%,22,35
All Home Types,8,2021,Toronto C12,20,"$55,599,788 ","$2,779,989 ","$2,107,944 ",47,50.30%,100,3.6,96%,37,51
All Home Types,8,2021,Toronto C13,60,"$65,854,287 ","$1,097,571 ","$830,000 ",82,63.70%,92,1.4,102%,21,34
All Home Types,8,2021,Toronto C14,131,"$137,550,042 ","$1,050,000 ","$735,000 ",227,58.40%,230,1.9,100%,24,34
All Home Types,8,2021,Toronto C15,164,"$153,893,370 ","$938,374 ","$761,500 ",241,63.00%,238,1.5,103%,19,27
All Home Types,8,2021,Toronto East,740,"$706,846,898 ","$955,199 ","$912,500 ",951,70.40%,646,0.9,107%,15,21
All Home Types,8,2021,Toronto E01,48,"$58,588,296 ","$1,220,590 ","$1,208,500 ",68,67.60%,50,0.8,114%,9,14
All Home Types,8,2021,Toronto E02,53,"$74,134,929 ","$1,398,772 ","$1,200,000 ",57,68.20%,35,0.8,106%,14,20
All Home Types,8,2021,Toronto E03,68,"$77,124,667 ","$1,134,186 ","$1,142,500 ",103,64.30%,93,0.9,106%,17,25
All Home Types,8,2021,Toronto E04,80,"$69,981,258 ","$874,766 ","$897,500 ",100,70.70%,63,0.8,104%,16,22
All Home Types,8,2021,Toronto E05,98,"$89,749,864 ","$915,815 ","$795,000 ",111,70.00%,66,1.1,110%,16,22
All Home Types,8,2021,Toronto E06,25,"$23,833,806 ","$953,352 ","$950,950 ",48,63.60%,45,1.1,102%,13,23
All Home Types,8,2021,Toronto E07,87,"$75,678,532 ","$869,868 ","$636,000 ",113,74.30%,71,0.9,108%,17,22
All Home Types,8,2021,Toronto E08,44,"$42,754,369 ","$971,690 ","$962,500 ",69,71.10%,54,1.1,105%,15,28
All Home Types,8,2021,Toronto E09,97,"$73,143,889 ","$754,061 ","$638,000 ",109,74.20%,60,0.9,108%,16,18
All Home Types,8,2021,Toronto E10,62,"$64,134,600 ","$1,034,429 ","$1,044,500 ",70,72.40%,45,0.9,108%,14,17
All Home Types,8,2021,Toronto E11,78,"$57,722,688 ","$740,034 ","$752,000 ",103,77.20%,64,0.7,105%,15,19
All Home Types,9,2021,All TRREB Areas,9046,"$10,278,787,564 ","$1,136,280 ","$970,000 ",13483,70.60%,9191,1,106%,14,19
All Home Types,9,2021,Halton Region,835,"$1,041,959,876 ","$1,247,856 ","$1,143,000 ",1082,78.60%,537,0.7,105%,11,14
All Home Types,9,2021,Burlington,279,"$302,486,411 ","$1,084,181 ","$990,000 ",318,81.50%,147,0.7,105%,11,14
All Home Types,9,2021,Halton Hills,81,"$95,000,949 ","$1,172,851 ","$1,050,000 ",117,81.10%,61,0.7,107%,10,12
All Home Types,9,2021,Milton,174,"$196,357,791 ","$1,128,493 ","$1,050,000 ",240,78.00%,102,0.5,107%,9,12
All Home Types,9,2021,Oakville,301,"$448,114,725 ","$1,488,753 ","$1,350,000 ",407,76.30%,227,0.9,104%,12,16
All Home Types,9,2021,Peel Region,1829,"$1,988,709,225 ","$1,087,321 ","$971,000 ",2295,73.20%,1239,0.8,105%,12,16
All Home Types,9,2021,Brampton,854,"$916,331,654 ","$1,072,988 ","$976,500 ",1001,74.40%,399,0.6,105%,11,13
All Home Types,9,2021,Caledon,113,"$177,645,799 ","$1,572,087 ","$1,359,000 ",155,72.70%,109,1,102%,13,19
All Home Types,9,2021,Mississauga,862,"$894,731,772 ","$1,037,972 ","$902,500 ",1139,72.00%,731,1,104%,14,19
All Home Types,9,2021,City of Toronto,3397,"$3,703,396,553 ","$1,090,196 ","$860,000 ",5946,64.30%,4821,1.4,105%,16,22
All Home Types,9,2021,Toronto West,819,"$830,315,402 ","$1,013,816 ","$900,000 ",1387,66.80%,1086,1.2,105%,16,21
All Home Types,9,2021,Toronto Central,1648,"$1,939,307,566 ","$1,176,764 ","$791,444 ",3256,59.70%,3023,1.8,102%,18,26
All Home Types,9,2021,Toronto East,930,"$933,773,585 ","$1,004,058 ","$960,500 ",1303,72.00%,712,0.8,111%,13,17
All Home Types,9,2021,York Region,1695,"$2,303,521,114 ","$1,359,010 ","$1,250,000 ",2424,69.60%,1715,1.2,106%,16,21
All Home Types,9,2021,Aurora,84,"$118,095,034 ","$1,405,893 ","$1,192,500 ",144,73.20%,88,1,105%,18,22
All Home Types,9,2021,East Gwillimbury,64,"$81,953,214 ","$1,280,519 ","$1,245,500 ",68,77.20%,43,0.9,111%,13,13
All Home Types,9,2021,Georgina,96,"$87,959,441 ","$916,244 ","$886,000 ",128,74.60%,90,0.9,109%,18,22
All Home Types,9,2021,King,44,"$107,440,388 ","$2,441,827 ","$2,175,500 ",64,63.80%,79,2.4,99%,31,42
All Home Types,9,2021,Markham,456,"$616,908,338 ","$1,352,869 ","$1,300,000 ",614,70.60%,376,1.1,109%,16,20
All Home Types,9,2021,Newmarket,115,"$130,984,865 ","$1,138,999 ","$1,075,000 ",172,76.50%,94,0.7,109%,9,11
All Home Types,9,2021,Richmond Hill,326,"$469,777,463 ","$1,441,035 ","$1,329,094 ",516,64.60%,411,1.5,106%,16,22
All Home Types,9,2021,Vaughan,426,"$565,843,443 ","$1,328,271 ","$1,250,000 ",609,67.10%,454,1.3,104%,16,21
All Home Types,9,2021,Whitchurch-Stouffville,84,"$124,558,928 ","$1,482,844 ","$1,257,900 ",109,73.20%,80,1.2,105%,19,22
All Home Types,9,2021,Durham Region,1006,"$973,944,960 ","$968,136 ","$900,000 ",1314,80.60%,585,0.5,115%,9,10
All Home Types,9,2021,Ajax,140,"$142,684,393 ","$1,019,174 ","$980,500 ",162,79.70%,53,0.4,114%,7,9
All Home Types,9,2021,Brock,20,"$17,476,500 ","$873,825 ","$814,000 ",31,81.30%,22,0.8,109%,14,14
All Home Types,9,2021,Clarington,187,"$175,353,588 ","$937,720 ","$860,000 ",237,82.80%,101,0.5,118%,8,9
All Home Types,9,2021,Oshawa,293,"$244,538,637 ","$834,603 ","$788,888 ",381,80.30%,172,0.5,117%,9,10
All Home Types,9,2021,Pickering,126,"$130,796,628 ","$1,038,068 ","$966,250 ",174,77.70%,87,0.6,111%,10,11
All Home Types,9,2021,Scugog,35,"$35,952,869 ","$1,027,225 ","$985,000 ",51,80.60%,38,1,111%,13,15
All Home Types,9,2021,Uxbridge,20,"$24,247,300 ","$1,212,365 ","$1,155,000 ",37,81.20%,32,1,107%,12,15
All Home Types,9,2021,Whitby,185,"$202,895,045 ","$1,096,730 ","$1,006,111 ",241,82.00%,80,0.4,117%,7,9
All Home Types,9,2021,Dufferin County,47,"$35,554,500 ","$756,479 ","$750,000 ",62,87.10%,32,0.5,103%,10,14
All Home Types,9,2021,Orangeville,47,"$35,554,500 ","$756,479 ","$750,000 ",62,87.10%,32,0.5,103%,10,14
All Home Types,9,2021,Simcoe County,237,"$231,701,336 ","$977,643 ","$899,000 ",360,77.30%,262,0.8,103%,15,19
All Home Types,9,2021,Adjala-Tosorontio,11,"$14,978,000 ","$1,361,636 ","$1,275,000 ",20,76.10%,19,1.2,101%,28,39
All Home Types,9,2021,Bradford,45,"$50,755,688 ","$1,127,904 ","$1,082,500 ",74,76.00%,49,0.8,104%,9,14
All Home Types,9,2021,Essa,31,"$24,959,850 ","$805,156 ","$725,000 ",44,84.30%,31,0.6,101%,14,16
All Home Types,9,2021,Innisfil,75,"$72,837,499 ","$971,167 ","$895,000 ",120,73.40%,99,1,103%,16,19
All Home Types,9,2021,New Tecumseth,75,"$68,170,299 ","$908,937 ","$849,800 ",102,80.90%,64,0.8,102%,15,20
All Home Types,9,2021,All TRREB Areas,9046,"$10,278,787,564 ","$1,136,280 ","$970,000 ",13483,70.60%,9191,1,106%,14,19
All Home Types,9,2021,City of Toronto,3397,"$3,703,396,553 ","$1,090,196 ","$860,000 ",5946,64.30%,4821,1.4,105%,16,22
All Home Types,9,2021,Toronto West,819,"$830,315,402 ","$1,013,816 ","$900,000 ",1387,66.80%,1086,1.2,105%,16,21
All Home Types,9,2021,Toronto W01,48,"$57,748,200 ","$1,203,088 ","$860,000 ",92,69.20%,56,0.9,105%,15,20
All Home Types,9,2021,Toronto W02,77,"$105,960,593 ","$1,376,112 ","$1,240,000 ",133,69.20%,80,0.8,110%,10,14
All Home Types,9,2021,Toronto W03,66,"$67,437,486 ","$1,021,780 ","$990,000 ",103,64.00%,70,1.1,108%,17,21
All Home Types,9,2021,Toronto W04,72,"$64,863,569 ","$900,883 ","$779,900 ",152,62.80%,140,1.5,105%,17,25
All Home Types,9,2021,Toronto W05,129,"$106,697,313 ","$827,111 ","$830,000 ",184,69.00%,150,1.2,104%,16,20
All Home Types,9,2021,Toronto W06,137,"$133,592,277 ","$975,126 ","$910,000 ",249,63.40%,226,1.4,104%,16,23
All Home Types,9,2021,Toronto W07,28,"$38,929,192 ","$1,390,328 ","$1,390,500 ",35,66.00%,20,1.2,107%,14,20
All Home Types,9,2021,Toronto W08,146,"$155,440,472 ","$1,064,661 ","$720,000 ",252,69.50%,197,1.2,105%,15,20
All Home Types,9,2021,Toronto W09,43,"$40,078,788 ","$932,065 ","$870,000 ",77,65.90%,62,1.3,107%,25,36
All Home Types,9,2021,Toronto W10,73,"$59,567,512 ","$815,993 ","$785,000 ",110,69.60%,85,1.1,104%,14,23
All Home Types,9,2021,Toronto Central,1648,"$1,939,307,566 ","$1,176,764 ","$791,444 ",3256,59.70%,3023,1.8,102%,18,26
All Home Types,9,2021,Toronto C01,528,"$473,880,902 ","$897,502 ","$750,000 ",957,60.70%,801,1.7,103%,17,24
All Home Types,9,2021,Toronto C02,103,"$170,536,580 ","$1,655,695 ","$1,250,000 ",217,50.40%,233,2.6,100%,24,38
All Home Types,9,2021,Toronto C03,66,"$114,612,732 ","$1,736,557 ","$1,227,500 ",117,57.20%,104,1.6,102%,26,37
All Home Types,9,2021,Toronto C04,70,"$146,587,076 ","$2,094,101 ","$1,934,000 ",166,62.60%,131,1.4,105%,13,20
All Home Types,9,2021,Toronto C06,31,"$34,344,225 ","$1,107,878 ","$685,000 ",61,58.30%,65,1.5,99%,23,32
All Home Types,9,2021,Toronto C07,90,"$98,378,350 ","$1,093,093 ","$767,000 ",200,59.50%,208,1.8,103%,21,34
All Home Types,9,2021,Toronto C08,199,"$161,008,780 ","$809,089 ","$711,500 ",502,57.20%,482,1.9,102%,15,21
All Home Types,9,2021,Toronto C09,24,"$63,130,800 ","$2,630,450 ","$2,275,000 ",64,56.60%,67,2.3,100%,49,56
All Home Types,9,2021,Toronto C10,82,"$83,699,341 ","$1,020,724 ","$867,500 ",143,62.40%,134,1.6,105%,14,21
All Home Types,9,2021,Toronto C11,39,"$43,246,400 ","$1,108,882 ","$605,000 ",75,59.20%,62,1.5,108%,15,23
All Home Types,9,2021,Toronto C12,25,"$140,643,000 ","$5,625,720 ","$3,675,000 ",77,50.80%,114,3.5,95%,37,54
All Home Types,9,2021,Toronto C13,71,"$89,663,961 ","$1,262,873 ","$1,075,000 ",123,64.60%,112,1.4,104%,17,25
All Home Types,9,2021,Toronto C14,156,"$167,649,356 ","$1,074,675 ","$723,444 ",262,61.40%,245,1.7,102%,17,23
All Home Types,9,2021,Toronto C15,164,"$151,926,063 ","$926,378 ","$711,750 ",292,64.60%,265,1.4,105%,16,22
All Home Types,9,2021,Toronto East,930,"$933,773,585 ","$1,004,058 ","$960,500 ",1303,72.00%,712,0.8,111%,13,17
All Home Types,9,2021,Toronto E01,82,"$108,944,989 ","$1,328,597 ","$1,320,250 ",141,68.30%,83,0.8,118%,9,13
All Home Types,9,2021,Toronto E02,77,"$107,684,567 ","$1,398,501 ","$1,265,000 ",124,70.30%,56,0.8,111%,10,15
All Home Types,9,2021,Toronto E03,98,"$113,651,200 ","$1,159,706 ","$1,122,500 ",172,64.90%,109,0.9,109%,16,21
All Home Types,9,2021,Toronto E04,98,"$80,644,592 ","$822,904 ","$840,000 ",135,71.50%,66,0.8,108%,15,21
All Home Types,9,2021,Toronto E05,112,"$103,311,428 ","$922,423 ","$812,500 ",148,71.10%,75,1,115%,12,16
All Home Types,9,2021,Toronto E06,41,"$43,662,716 ","$1,064,944 ","$920,000 ",58,66.30%,35,1,105%,14,19
All Home Types,9,2021,Toronto E07,96,"$86,476,467 ","$900,797 ","$834,444 ",120,75.30%,69,0.8,112%,15,19
All Home Types,9,2021,Toronto E08,76,"$72,604,073 ","$955,317 ","$973,950 ",98,73.30%,56,1,108%,15,19
All Home Types,9,2021,Toronto E09,110,"$90,010,757 ","$818,280 ","$687,944 ",142,79.40%,74,0.8,113%,12,14
All Home Types,9,2021,Toronto E10,61,"$65,898,927 ","$1,080,310 ","$1,030,000 ",80,73.80%,42,0.9,111%,11,16
All Home Types,9,2021,Toronto E11,79,"$60,883,869 ","$770,682 ","$751,000 ",85,77.80%,47,0.7,106%,16,17
All Home Types,10,2021,All TRREB Areas,9783,"$11,302,738,147 ","$1,155,345 ","$998,900 ",11740,72.70%,7750,1,107%,13,18
All Home Types,10,2021,Halton Region,850,"$1,109,857,178 ","$1,305,714 ","$1,161,900 ",943,79.30%,468,0.7,107%,10,12
All Home Types,10,2021,Burlington,238,"$273,291,932 ","$1,148,285 ","$1,050,000 ",262,81.50%,128,0.7,108%,10,12
All Home Types,10,2021,Halton Hills,105,"$135,801,343 ","$1,293,346 ","$1,185,000 ",111,82.50%,44,0.6,108%,8,10
All Home Types,10,2021,Milton,192,"$224,284,326 ","$1,168,148 ","$1,075,000 ",219,77.90%,89,0.5,107%,7,9
All Home Types,10,2021,Oakville,315,"$476,479,577 ","$1,512,634 ","$1,375,000 ",351,77.80%,207,0.8,105%,12,16
All Home Types,10,2021,Peel Region,1920,"$2,045,942,221 ","$1,065,595 ","$995,000 ",2090,75.20%,970,0.7,107%,11,15
All Home Types,10,2021,Brampton,863,"$936,714,922 ","$1,085,417 ","$1,035,000 ",942,75.60%,314,0.6,108%,9,12
All Home Types,10,2021,Caledon,98,"$152,925,087 ","$1,560,460 ","$1,455,250 ",130,71.80%,97,1,105%,14,17
All Home Types,10,2021,Mississauga,959,"$956,302,212 ","$997,187 ","$905,100 ",1018,75.20%,559,0.9,106%,13,17
All Home Types,10,2021,City of Toronto,3794,"$4,258,625,268 ","$1,122,463 ","$880,900 ",5140,67.40%,4247,1.3,106%,16,22
All Home Types,10,2021,Toronto West,963,"$1,018,196,940 ","$1,057,318 ","$950,000 ",1219,69.40%,942,1.1,106%,16,21
All Home Types,10,2021,Toronto Central,1908,"$2,266,704,065 ","$1,188,000 ","$808,500 ",2785,63.60%,2688,1.6,103%,18,26
All Home Types,10,2021,Toronto East,923,"$973,724,263 ","$1,054,956 ","$1,012,000 ",1136,73.80%,617,0.8,112%,11,15
All Home Types,10,2021,York Region,1834,"$2,525,305,602 ","$1,376,939 ","$1,280,000 ",2070,71.40%,1361,1.1,107%,13,19
All Home Types,10,2021,Aurora,112,"$158,513,524 ","$1,415,299 ","$1,290,000 ",130,73.80%,77,1,107%,11,15
All Home Types,10,2021,East Gwillimbury,62,"$83,924,735 ","$1,353,625 ","$1,335,444 ",74,76.70%,39,0.8,109%,11,16
All Home Types,10,2021,Georgina,92,"$86,508,744 ","$940,312 ","$880,000 ",99,76.20%,71,0.9,110%,15,17
All Home Types,10,2021,King,44,"$94,328,278 ","$2,143,825 ","$1,805,000 ",44,66.20%,61,2.2,101%,27,41
All Home Types,10,2021,Markham,480,"$669,206,584 ","$1,394,180 ","$1,329,000 ",553,72.90%,311,1,110%,13,19
All Home Types,10,2021,Newmarket,158,"$188,793,604 ","$1,194,896 ","$1,150,000 ",164,77.50%,71,0.7,111%,8,12
All Home Types,10,2021,Richmond Hill,349,"$512,872,881 ","$1,469,550 ","$1,330,000 ",440,66.70%,342,1.4,106%,14,21
All Home Types,10,2021,Vaughan,452,"$615,372,453 ","$1,361,443 ","$1,283,000 ",478,69.60%,327,1.2,105%,15,19
All Home Types,10,2021,Whitchurch-Stouffville,85,"$115,784,799 ","$1,362,174 ","$1,265,000 ",88,74.40%,62,1.1,109%,12,18
All Home Types,10,2021,Durham Region,1047,"$1,034,806,556 ","$988,354 ","$915,000 ",1136,81.10%,490,0.5,115%,9,12
All Home Types,10,2021,Ajax,142,"$149,880,300 ","$1,055,495 ","$999,000 ",156,80.10%,54,0.4,116%,7,8
All Home Types,10,2021,Brock,24,"$19,061,300 ","$794,221 ","$763,750 ",28,80.30%,17,0.8,102%,18,22
All Home Types,10,2021,Clarington,170,"$163,356,853 ","$960,923 ","$886,250 ",180,83.30%,77,0.5,117%,10,11
All Home Types,10,2021,Oshawa,317,"$269,519,470 ","$850,219 ","$815,000 ",359,80.90%,150,0.5,118%,9,12
All Home Types,10,2021,Pickering,139,"$150,046,289 ","$1,079,470 ","$998,198 ",133,78.70%,60,0.6,111%,10,14
All Home Types,10,2021,Scugog,32,"$31,877,310 ","$996,166 ","$930,000 ",39,80.70%,31,1,107%,13,15
All Home Types,10,2021,Uxbridge,32,"$46,424,331 ","$1,450,760 ","$1,177,505 ",38,80.20%,28,0.9,103%,18,30
All Home Types,10,2021,Whitby,191,"$204,640,703 ","$1,071,417 ","$1,025,500 ",203,82.10%,73,0.4,119%,7,8
All Home Types,10,2021,Dufferin County,52,"$43,882,500 ","$843,894 ","$807,500 ",51,86.40%,24,0.5,105%,12,12
All Home Types,10,2021,Orangeville,52,"$43,882,500 ","$843,894 ","$807,500 ",51,86.40%,24,0.5,105%,12,12
All Home Types,10,2021,Simcoe County,286,"$284,318,822 ","$994,122 ","$920,000 ",310,77.70%,190,0.8,104%,15,20
All Home Types,10,2021,Adjala-Tosorontio,13,"$12,176,000 ","$936,615 ","$865,500 ",23,74.90%,20,1.1,105%,20,26
All Home Types,10,2021,Bradford,58,"$66,175,856 ","$1,140,963 ","$1,112,450 ",66,76.60%,35,0.7,107%,11,15
All Home Types,10,2021,Essa,49,"$46,836,887 ","$955,855 ","$822,000 ",52,85.80%,23,0.6,101%,13,22
All Home Types,10,2021,Innisfil,98,"$92,673,855 ","$945,652 ","$875,000 ",112,73.90%,75,1,104%,20,22
All Home Types,10,2021,New Tecumseth,68,"$66,456,224 ","$977,297 ","$880,500 ",57,80.90%,37,0.7,104%,13,19
All Home Types,10,2021,All TRREB Areas,9783,"$11,302,738,147 ","$1,155,345 ","$998,900 ",11740,72.70%,7750,1,107%,13,18
All Home Types,10,2021,City of Toronto,3794,"$4,258,625,268 ","$1,122,463 ","$880,900 ",5140,67.40%,4247,1.3,106%,16,22
All Home Types,10,2021,Toronto West,963,"$1,018,196,940 ","$1,057,318 ","$950,000 ",1219,69.40%,942,1.1,106%,16,21
All Home Types,10,2021,Toronto W01,50,"$69,003,040 ","$1,380,061 ","$1,199,000 ",78,71.20%,55,0.8,109%,11,13
All Home Types,10,2021,Toronto W02,92,"$123,172,036 ","$1,338,826 ","$1,310,250 ",116,71.50%,68,0.8,112%,11,14
All Home Types,10,2021,Toronto W03,64,"$65,050,475 ","$1,016,414 ","$965,000 ",81,66.00%,62,1,108%,20,31
All Home Types,10,2021,Toronto W04,103,"$94,142,862 ","$914,008 ","$864,999 ",135,65.00%,126,1.4,106%,18,24
All Home Types,10,2021,Toronto W05,130,"$116,910,275 ","$899,310 ","$946,000 ",145,70.10%,129,1.2,105%,15,17
All Home Types,10,2021,Toronto W06,171,"$161,580,708 ","$944,916 ","$835,000 ",242,66.00%,201,1.3,103%,18,26
All Home Types,10,2021,Toronto W07,24,"$39,984,799 ","$1,666,033 ","$1,626,000 ",32,68.50%,23,1.1,109%,9,10
All Home Types,10,2021,Toronto W08,192,"$224,906,163 ","$1,171,386 ","$819,500 ",220,74.30%,153,1.1,104%,17,22
All Home Types,10,2021,Toronto W09,49,"$55,716,179 ","$1,137,065 ","$1,240,000 ",69,67.00%,55,1.2,107%,12,17
All Home Types,10,2021,Toronto W10,88,"$67,730,403 ","$769,664 ","$665,500 ",101,72.40%,70,1,104%,14,17
All Home Types,10,2021,Toronto Central,1908,"$2,266,704,065 ","$1,188,000 ","$808,500 ",2785,63.60%,2688,1.6,103%,18,26
All Home Types,10,2021,Toronto C01,550,"$510,631,226 ","$928,420 ","$759,500 ",873,65.70%,768,1.5,103%,16,24
All Home Types,10,2021,Toronto C02,127,"$206,273,245 ","$1,624,199 ","$1,260,000 ",164,54.60%,197,2.4,101%,23,32
All Home Types,10,2021,Toronto C03,64,"$100,193,427 ","$1,565,522 ","$1,235,500 ",91,57.70%,94,1.6,104%,18,26
All Home Types,10,2021,Toronto C04,96,"$222,577,240 ","$2,318,513 ","$2,062,500 ",107,64.70%,97,1.3,104%,15,21
All Home Types,10,2021,Toronto C06,42,"$38,720,168 ","$921,909 ","$703,000 ",59,62.10%,51,1.4,104%,18,29
All Home Types,10,2021,Toronto C07,138,"$159,698,181 ","$1,157,233 ","$799,400 ",151,64.30%,150,1.6,104%,19,28
All Home Types,10,2021,Toronto C08,263,"$221,493,556 ","$842,181 ","$730,000 ",484,60.90%,472,1.7,102%,18,26
All Home Types,10,2021,Toronto C09,41,"$101,764,567 ","$2,482,063 ","$1,726,074 ",56,60.90%,63,2.1,105%,23,29
All Home Types,10,2021,Toronto C10,82,"$71,935,190 ","$877,258 ","$713,750 ",118,65.90%,118,1.5,105%,18,27
All Home Types,10,2021,Toronto C11,58,"$56,641,603 ","$976,579 ","$618,000 ",58,63.90%,38,1.3,104%,15,25
All Home Types,10,2021,Toronto C12,37,"$147,044,008 ","$3,974,162 ","$3,375,000 ",67,52.50%,102,3.3,96%,28,40
All Home Types,10,2021,Toronto C13,77,"$103,443,637 ","$1,343,424 ","$1,045,000 ",106,67.10%,94,1.3,103%,16,22
All Home Types,10,2021,Toronto C14,159,"$170,973,513 ","$1,075,305 ","$745,000 ",215,64.80%,204,1.6,103%,21,29
All Home Types,10,2021,Toronto C15,174,"$155,314,504 ","$892,612 ","$730,351 ",236,68.10%,240,1.3,105%,15,22
All Home Types,10,2021,Toronto East,923,"$973,724,263 ","$1,054,956 ","$1,012,000 ",1136,73.80%,617,0.8,112%,11,15
All Home Types,10,2021,Toronto E01,108,"$134,654,922 ","$1,246,805 ","$1,206,500 ",121,71.70%,48,0.8,115%,7,12
All Home Types,10,2021,Toronto E02,67,"$87,917,151 ","$1,312,196 ","$1,210,000 ",102,71.40%,63,0.7,110%,10,15
All Home Types,10,2021,Toronto E03,105,"$132,525,086 ","$1,262,144 ","$1,200,000 ",150,65.50%,100,0.9,111%,10,16
All Home Types,10,2021,Toronto E04,102,"$94,887,455 ","$930,269 ","$953,000 ",122,73.70%,57,0.7,110%,13,16
All Home Types,10,2021,Toronto E05,96,"$92,917,776 ","$967,894 ","$831,750 ",109,74.10%,67,0.9,114%,11,13
All Home Types,10,2021,Toronto E06,37,"$45,309,333 ","$1,224,577 ","$1,150,000 ",61,66.70%,38,1,110%,8,13
All Home Types,10,2021,Toronto E07,104,"$94,477,474 ","$908,437 ","$823,750 ",108,78.90%,47,0.7,111%,16,19
All Home Types,10,2021,Toronto E08,70,"$82,731,025 ","$1,181,872 ","$1,140,000 ",81,74.70%,49,0.9,108%,12,14
All Home Types,10,2021,Toronto E09,108,"$90,053,366 ","$833,827 ","$700,900 ",130,80.20%,73,0.7,114%,10,13
All Home Types,10,2021,Toronto E10,57,"$64,549,098 ","$1,132,440 ","$1,110,000 ",66,75.00%,29,0.8,113%,10,14
All Home Types,10,2021,Toronto E11,69,"$53,701,577 ","$778,284 ","$792,000 ",86,78.50%,46,0.7,110%,14,18
All Home Types,11,2021,All TRREB Areas,9017,"$10,489,684,676 ","$1,163,323 ","$999,999 ",10036,73.50%,6086,0.9,108%,13,18
All Home Types,11,2021,Halton Region,798,"$1,082,559,634 ","$1,356,591 ","$1,200,000 ",815,79.50%,346,0.7,108%,10,13
All Home Types,11,2021,Burlington,224,"$257,723,024 ","$1,150,549 ","$1,074,000 ",238,81.60%,94,0.6,109%,10,12
All Home Types,11,2021,Halton Hills,67,"$89,991,388 ","$1,343,155 ","$1,179,000 ",71,82.00%,39,0.6,109%,11,14
All Home Types,11,2021,Milton,193,"$232,644,542 ","$1,205,412 ","$1,105,000 ",193,77.80%,64,0.5,110%,8,11
All Home Types,11,2021,Oakville,314,"$502,200,680 ","$1,599,365 ","$1,397,000 ",313,78.50%,149,0.8,106%,11,14
All Home Types,11,2021,Peel Region,1716,"$1,911,860,974 ","$1,114,138 ","$1,030,000 ",1810,75.40%,748,0.7,109%,10,13
All Home Types,11,2021,Brampton,821,"$936,055,201 ","$1,140,140 ","$1,092,000 ",862,75.40%,235,0.6,110%,7,10
All Home Types,11,2021,Caledon,84,"$132,846,500 ","$1,581,506 ","$1,421,000 ",101,70.30%,92,1,103%,14,23
All Home Types,11,2021,Mississauga,811,"$842,959,273 ","$1,039,407 ","$920,000 ",847,76.10%,421,0.8,108%,13,16
All Home Types,11,2021,City of Toronto,3587,"$3,933,993,086 ","$1,096,736 ","$840,000 ",4249,69.20%,3342,1.2,106%,17,23
All Home Types,11,2021,Toronto West,883,"$893,499,903 ","$1,011,891 ","$900,000 ",1024,71.00%,718,1,108%,16,22
All Home Types,11,2021,Toronto Central,1852,"$2,168,182,494 ","$1,170,725 ","$775,000 ",2306,66.00%,2160,1.4,102%,19,27
All Home Types,11,2021,Toronto East,852,"$872,310,689 ","$1,023,839 ","$999,500 ",919,74.60%,464,0.7,112%,12,16
All Home Types,11,2021,York Region,1583,"$2,207,831,407 ","$1,394,713 ","$1,315,000 ",1796,71.90%,1127,1,109%,13,18
All Home Types,11,2021,Aurora,86,"$123,591,555 ","$1,437,111 ","$1,336,500 ",104,73.30%,66,0.9,107%,15,18
All Home Types,11,2021,East Gwillimbury,59,"$80,148,927 ","$1,358,456 ","$1,402,000 ",77,75.30%,43,0.8,112%,10,12
All Home Types,11,2021,Georgina,79,"$82,912,924 ","$1,049,531 ","$1,030,000 ",105,74.30%,64,0.8,111%,10,11
All Home Types,11,2021,King,35,"$73,897,600 ","$2,111,360 ","$2,058,000 ",54,64.20%,62,2.1,100%,19,25
All Home Types,11,2021,Markham,413,"$572,654,659 ","$1,386,573 ","$1,360,800 ",458,73.20%,253,0.9,112%,11,16
All Home Types,11,2021,Newmarket,143,"$173,670,437 ","$1,214,479 ","$1,150,000 ",128,77.90%,34,0.6,111%,9,15
All Home Types,11,2021,Richmond Hill,324,"$476,930,962 ","$1,472,009 ","$1,365,000 ",343,68.10%,254,1.2,108%,17,21
All Home Types,11,2021,Vaughan,376,"$524,644,614 ","$1,395,331 ","$1,300,000 ",447,70.60%,296,1.1,107%,15,19
All Home Types,11,2021,Whitchurch-Stouffville,68,"$99,379,729 ","$1,461,467 ","$1,437,500 ",80,74.40%,55,1,107%,17,19
All Home Types,11,2021,Durham Region,1013,"$1,011,575,833 ","$998,594 ","$960,000 ",1044,80.70%,364,0.5,119%,8,10
All Home Types,11,2021,Ajax,142,"$152,501,661 ","$1,073,955 ","$1,072,750 ",147,79.70%,46,0.4,119%,6,7
All Home Types,11,2021,Brock,14,"$10,843,000 ","$774,500 ","$712,500 ",17,77.90%,17,0.8,110%,6,15
All Home Types,11,2021,Clarington,170,"$160,645,640 ","$944,974 ","$935,500 ",172,83.40%,62,0.5,122%,8,9
All Home Types,11,2021,Oshawa,324,"$279,336,795 ","$862,151 ","$827,500 ",304,81.00%,90,0.5,121%,9,11
All Home Types,11,2021,Pickering,118,"$137,685,823 ","$1,166,829 ","$1,080,000 ",136,77.70%,49,0.6,115%,9,11
All Home Types,11,2021,Scugog,34,"$32,826,765 ","$965,493 ","$838,000 ",39,79.40%,24,0.9,116%,11,11
All Home Types,11,2021,Uxbridge,18,"$24,824,002 ","$1,379,111 ","$1,415,501 ",21,78.70%,21,0.9,105%,11,16
All Home Types,11,2021,Whitby,193,"$212,912,147 ","$1,103,172 ","$1,050,000 ",208,81.30%,55,0.4,120%,7,8
All Home Types,11,2021,Dufferin County,51,"$43,991,344 ","$862,575 ","$850,000 ",44,86.10%,11,0.5,106%,9,12
All Home Types,11,2021,Orangeville,51,"$43,991,344 ","$862,575 ","$850,000 ",44,86.10%,11,0.5,106%,9,12
All Home Types,11,2021,Simcoe County,269,"$297,872,398 ","$1,107,332 ","$960,100 ",278,77.60%,148,0.8,106%,16,20
All Home Types,11,2021,Adjala-Tosorontio,19,"$21,938,300 ","$1,154,647 ","$1,000,000 ",19,75.60%,13,1.1,102%,14,24
All Home Types,11,2021,Bradford,62,"$71,330,947 ","$1,150,499 ","$1,125,000 ",68,75.70%,32,0.7,112%,10,11
All Home Types,11,2021,Essa,36,"$34,083,125 ","$946,753 ","$837,500 ",28,86.10%,9,0.5,104%,14,18
All Home Types,11,2021,Innisfil,84,"$96,750,019 ","$1,151,786 ","$948,000 ",95,73.90%,66,1,104%,21,25
All Home Types,11,2021,New Tecumseth,68,"$73,770,007 ","$1,084,853 ","$932,500 ",68,81.10%,28,0.7,104%,16,20
All Home Types,11,2021,All TRREB Areas,9017,"$10,489,684,676 ","$1,163,323 ","$999,999 ",10036,73.50%,6086,0.9,108%,13,18
All Home Types,11,2021,City of Toronto,3587,"$3,933,993,086 ","$1,096,736 ","$840,000 ",4249,69.20%,3342,1.2,106%,17,23
All Home Types,11,2021,Toronto West,883,"$893,499,903 ","$1,011,891 ","$900,000 ",1024,71.00%,718,1,108%,16,22
All Home Types,11,2021,Toronto W01,46,"$52,687,392 ","$1,145,378 ","$757,500 ",52,72.60%,41,0.8,108%,13,22
All Home Types,11,2021,Toronto W02,77,"$99,438,500 ","$1,291,409 ","$1,250,000 ",116,70.70%,60,0.7,113%,11,15
All Home Types,11,2021,Toronto W03,62,"$62,996,952 ","$1,016,080 ","$995,450 ",72,66.40%,46,1,112%,11,28
All Home Types,11,2021,Toronto W04,99,"$90,079,300 ","$909,892 ","$878,000 ",119,66.60%,98,1.3,106%,18,24
All Home Types,11,2021,Toronto W05,112,"$95,959,805 ","$856,784 ","$922,500 ",139,71.10%,102,1.1,107%,18,23
All Home Types,11,2021,Toronto W06,139,"$129,179,280 ","$929,347 ","$800,000 ",168,67.90%,166,1.2,105%,17,25
All Home Types,11,2021,Toronto W07,29,"$48,161,420 ","$1,660,739 ","$1,700,000 ",36,71.10%,19,1,105%,14,16
All Home Types,11,2021,Toronto W08,181,"$193,050,066 ","$1,066,575 ","$708,000 ",176,76.90%,101,1,105%,17,21
All Home Types,11,2021,Toronto W09,56,"$59,658,027 ","$1,065,322 ","$1,227,500 ",65,69.70%,44,1.1,110%,17,22
All Home Types,11,2021,Toronto W10,82,"$62,289,161 ","$759,624 ","$600,000 ",81,74.30%,41,0.9,107%,18,22
All Home Types,11,2021,Toronto Central,1852,"$2,168,182,494 ","$1,170,725 ","$775,000 ",2306,66.00%,2160,1.4,102%,19,27
All Home Types,11,2021,Toronto C01,533,"$506,350,170 ","$950,000 ","$748,000 ",739,68.10%,665,1.3,102%,19,27
All Home Types,11,2021,Toronto C02,92,"$166,242,850 ","$1,806,988 ","$1,271,090 ",132,55.50%,176,2.3,99%,22,30
All Home Types,11,2021,Toronto C03,67,"$115,720,726 ","$1,727,175 ","$1,200,000 ",75,59.40%,66,1.5,103%,22,27
All Home Types,11,2021,Toronto C04,90,"$173,048,544 ","$1,922,762 ","$1,845,056 ",97,66.90%,71,1.2,105%,16,23
All Home Types,11,2021,Toronto C06,48,"$55,199,300 ","$1,149,985 ","$1,057,500 ",46,65.60%,33,1.2,101%,16,23
All Home Types,11,2021,Toronto C07,120,"$149,960,187 ","$1,249,668 ","$841,000 ",133,66.90%,108,1.5,104%,18,29
All Home Types,11,2021,Toronto C08,292,"$247,502,210 ","$847,610 ","$720,000 ",367,64.00%,358,1.5,102%,22,32
All Home Types,11,2021,Toronto C09,37,"$107,996,890 ","$2,918,835 ","$1,680,000 ",48,63.00%,54,1.9,97%,25,36
All Home Types,11,2021,Toronto C10,97,"$102,322,422 ","$1,054,870 ","$789,000 ",103,69.10%,91,1.3,106%,16,25
All Home Types,11,2021,Toronto C11,40,"$47,947,690 ","$1,198,692 ","$652,400 ",47,66.00%,36,1.2,103%,19,25
All Home Types,11,2021,Toronto C12,26,"$96,450,550 ","$3,709,637 ","$2,825,000 ",45,51.80%,93,3.2,97%,19,26
All Home Types,11,2021,Toronto C13,78,"$84,931,754 ","$1,088,869 ","$855,000 ",107,67.50%,81,1.2,106%,19,26
All Home Types,11,2021,Toronto C14,160,"$162,516,243 ","$1,015,727 ","$691,500 ",169,68.10%,155,1.4,103%,17,24
All Home Types,11,2021,Toronto C15,172,"$151,992,958 ","$883,680 ","$691,250 ",198,70.10%,173,1.2,106%,17,22
All Home Types,11,2021,Toronto East,852,"$872,310,689 ","$1,023,839 ","$999,500 ",919,74.60%,464,0.7,112%,12,16
All Home Types,11,2021,Toronto E01,65,"$79,041,792 ","$1,216,028 ","$1,075,000 ",75,72.90%,29,0.7,112%,10,11
All Home Types,11,2021,Toronto E02,69,"$93,559,128 ","$1,355,929 ","$1,212,000 ",76,72.00%,41,0.7,110%,10,16
All Home Types,11,2021,Toronto E03,90,"$106,212,648 ","$1,180,141 ","$1,200,000 ",100,66.70%,77,0.9,110%,18,27
All Home Types,11,2021,Toronto E04,107,"$100,783,465 ","$941,902 ","$1,055,000 ",119,75.10%,52,0.7,116%,11,14
All Home Types,11,2021,Toronto E05,91,"$82,458,590 ","$906,138 ","$805,000 ",87,75.60%,48,0.9,113%,13,16
All Home Types,11,2021,Toronto E06,34,"$37,618,429 ","$1,106,424 ","$894,000 ",48,66.20%,40,1,107%,11,14
All Home Types,11,2021,Toronto E07,98,"$89,096,287 ","$909,146 ","$758,000 ",96,78.70%,28,0.7,116%,11,14
All Home Types,11,2021,Toronto E08,62,"$60,323,436 ","$972,959 ","$948,650 ",73,73.90%,42,0.9,110%,13,17
All Home Types,11,2021,Toronto E09,128,"$110,123,496 ","$860,340 ","$753,000 ",116,83.10%,40,0.6,113%,13,16
All Home Types,11,2021,Toronto E10,53,"$62,517,539 ","$1,179,576 ","$1,092,000 ",69,74.20%,36,0.8,113%,12,13
All Home Types,11,2021,Toronto E11,55,"$50,575,879 ","$919,561 ","$927,000 ",60,77.90%,31,0.7,111%,12,13
All Home Types,12,2021,All TRREB Areas,6031,"$6,982,989,573 ","$1,157,849 ","$1,017,100 ",5174,73.10%,3232,0.9,109%,14,19
All Home Types,12,2021,Halton Region,490,"$658,117,800 ","$1,343,098 ","$1,210,000 ",439,79.10%,191,0.6,109%,11,14
All Home Types,12,2021,Burlington,149,"$185,324,208 ","$1,243,787 ","$1,160,000 ",124,81.70%,45,0.6,110%,12,16
All Home Types,12,2021,Halton Hills,42,"$53,385,665 ","$1,271,087 ","$1,200,000 ",46,81.00%,32,0.6,108%,9,9
All Home Types,12,2021,Milton,131,"$159,673,733 ","$1,218,883 ","$1,080,000 ",118,77.50%,35,0.5,111%,7,11
All Home Types,12,2021,Oakville,168,"$259,734,194 ","$1,546,037 ","$1,393,500 ",151,77.70%,79,0.7,108%,13,16
All Home Types,12,2021,Peel Region,1236,"$1,470,127,962 ","$1,189,424 ","$1,100,000 ",1119,74.90%,381,0.7,110%,10,12
All Home Types,12,2021,Brampton,632,"$769,661,700 ","$1,217,819 ","$1,150,000 ",601,74.80%,106,0.6,112%,7,9
All Home Types,12,2021,Caledon,65,"$111,432,276 ","$1,714,343 ","$1,625,000 ",65,69.20%,52,1,104%,15,23
All Home Types,12,2021,Mississauga,539,"$589,033,986 ","$1,092,827 ","$910,000 ",453,75.80%,223,0.8,108%,12,15
All Home Types,12,2021,City of Toronto,2395,"$2,450,154,556 ","$1,023,029 ","$802,000 ",1963,69.00%,1806,1.1,106%,19,25
All Home Types,12,2021,Toronto West,564,"$551,372,591 ","$977,611 ","$850,500 ",444,70.80%,378,1,108%,19,25
All Home Types,12,2021,Toronto Central,1281,"$1,350,782,448 ","$1,054,475 ","$755,000 ",1067,66.00%,1225,1.4,103%,21,29
All Home Types,12,2021,Toronto East,550,"$547,999,517 ","$996,363 ","$998,500 ",452,74.00%,203,0.7,113%,13,16
All Home Types,12,2021,York Region,1051,"$1,498,059,244 ","$1,425,366 ","$1,343,000 ",916,71.20%,612,1,109%,14,19
All Home Types,12,2021,Aurora,68,"$96,978,830 ","$1,426,159 ","$1,330,000 ",47,73.70%,19,0.9,110%,12,17
All Home Types,12,2021,East Gwillimbury,36,"$55,400,900 ","$1,538,914 ","$1,474,950 ",36,74.90%,29,0.8,110%,9,9
All Home Types,12,2021,Georgina,65,"$62,437,372 ","$960,575 ","$900,000 ",62,73.60%,42,0.8,112%,12,18
All Home Types,12,2021,King,21,"$50,810,800 ","$2,419,562 ","$2,350,000 ",16,63.40%,40,2.1,97%,19,21
All Home Types,12,2021,Markham,268,"$381,825,288 ","$1,424,721 ","$1,396,500 ",232,72.90%,125,0.9,113%,12,15
All Home Types,12,2021,Newmarket,64,"$82,773,210 ","$1,293,331 ","$1,287,500 ",57,76.80%,18,0.6,114%,15,16
All Home Types,12,2021,Richmond Hill,214,"$321,410,277 ","$1,501,917 ","$1,410,994 ",183,67.00%,136,1.2,107%,18,22
All Home Types,12,2021,Vaughan,272,"$375,310,954 ","$1,379,820 ","$1,322,500 ",247,69.90%,170,1.1,107%,15,21
All Home Types,12,2021,Whitchurch-Stouffville,43,"$71,111,613 ","$1,653,758 ","$1,370,000 ",36,73.60%,33,1,103%,19,28
All Home Types,12,2021,Durham Region,671,"$693,164,522 ","$1,033,032 ","$985,000 ",565,80.40%,152,0.5,119%,9,11
All Home Types,12,2021,Ajax,86,"$93,665,041 ","$1,089,128 ","$1,050,000 ",62,79.50%,17,0.4,118%,8,10
All Home Types,12,2021,Brock,12,"$10,536,000 ","$878,000 ","$801,500 ",16,76.10%,14,0.8,116%,12,26
All Home Types,12,2021,Clarington,124,"$126,513,673 ","$1,020,272 ","$987,500 ",108,83.00%,28,0.5,123%,7,7
All Home Types,12,2021,Oshawa,194,"$177,158,520 ","$913,188 ","$868,000 ",176,80.80%,37,0.5,122%,9,11
All Home Types,12,2021,Pickering,92,"$95,482,360 ","$1,037,852 ","$990,393 ",79,77.10%,22,0.6,118%,9,11
All Home Types,12,2021,Scugog,17,"$17,335,220 ","$1,019,719 ","$924,990 ",11,78.30%,11,0.9,109%,20,25
All Home Types,12,2021,Uxbridge,19,"$34,359,890 ","$1,808,415 ","$1,530,000 ",11,80.00%,10,0.9,102%,24,25
All Home Types,12,2021,Whitby,127,"$138,113,818 ","$1,087,510 ","$1,050,000 ",102,81.20%,13,0.4,121%,7,9
All Home Types,12,2021,Dufferin County,29,"$28,052,200 ","$967,317 ","$940,000 ",28,86.00%,4,0.5,105%,7,9
All Home Types,12,2021,Orangeville,29,"$28,052,200 ","$967,317 ","$940,000 ",28,86.00%,4,0.5,105%,7,9
All Home Types,12,2021,Simcoe County,159,"$185,313,289 ","$1,165,492 ","$1,106,000 ",144,76.40%,86,0.8,107%,18,23
All Home Types,12,2021,Adjala-Tosorontio,8,"$12,674,990 ","$1,584,374 ","$1,537,500 ",8,75.60%,9,1,100%,24,24
All Home Types,12,2021,Bradford,52,"$65,088,724 ","$1,251,706 ","$1,208,500 ",38,74.60%,14,0.7,111%,10,12
All Home Types,12,2021,Essa,13,"$11,010,900 ","$846,992 ","$801,000 ",12,84.10%,6,0.5,112%,14,14
All Home Types,12,2021,Innisfil,49,"$58,471,167 ","$1,193,289 ","$1,050,000 ",49,72.80%,37,1,105%,25,40
All Home Types,12,2021,New Tecumseth,37,"$38,067,508 ","$1,028,852 ","$1,070,000 ",37,80.10%,20,0.7,104%,19,22
All Home Types,12,2021,All TRREB Areas,6031,"$6,982,989,573 ","$1,157,849 ","$1,017,100 ",5174,73.10%,3232,0.9,109%,14,19
All Home Types,12,2021,City of Toronto,2395,"$2,450,154,556 ","$1,023,029 ","$802,000 ",1963,69.00%,1806,1.1,106%,19,25
All Home Types,12,2021,Toronto West,564,"$551,372,591 ","$977,611 ","$850,500 ",444,70.80%,378,1,108%,19,25
All Home Types,12,2021,Toronto W01,20,"$21,896,716 ","$1,094,836 ","$997,500 ",17,71.20%,19,0.8,106%,16,23
All Home Types,12,2021,Toronto W02,41,"$56,987,462 ","$1,389,938 ","$1,327,000 ",28,70.50%,23,0.7,111%,15,25
All Home Types,12,2021,Toronto W03,47,"$45,435,249 ","$966,707 ","$920,000 ",28,67.80%,17,0.9,108%,22,23
All Home Types,12,2021,Toronto W04,66,"$58,729,188 ","$889,836 ","$775,000 ",49,66.40%,49,1.3,107%,22,28
All Home Types,12,2021,Toronto W05,98,"$86,333,590 ","$880,955 ","$917,500 ",76,72.50%,54,1.1,108%,18,29
All Home Types,12,2021,Toronto W06,97,"$87,344,742 ","$900,461 ","$755,000 ",82,67.40%,106,1.2,103%,23,30
All Home Types,12,2021,Toronto W07,17,"$25,420,444 ","$1,495,320 ","$1,420,000 ",14,70.60%,8,1,106%,19,21
All Home Types,12,2021,Toronto W08,87,"$90,885,880 ","$1,044,665 ","$690,000 ",74,76.10%,54,0.9,107%,17,20
All Home Types,12,2021,Toronto W09,28,"$24,462,077 ","$873,646 ","$727,500 ",21,69.70%,25,1.1,112%,20,27
All Home Types,12,2021,Toronto W10,63,"$53,877,243 ","$855,194 ","$675,000 ",55,73.80%,23,0.9,112%,12,16
All Home Types,12,2021,Toronto Central,1281,"$1,350,782,448 ","$1,054,475 ","$755,000 ",1067,66.00%,1225,1.4,103%,21,29
All Home Types,12,2021,Toronto C01,391,"$340,857,254 ","$871,758 ","$750,000 ",344,67.80%,398,1.3,102%,21,31
All Home Types,12,2021,Toronto C02,70,"$108,665,301 ","$1,552,361 ","$1,221,000 ",48,56.60%,89,2.2,99%,29,38
All Home Types,12,2021,Toronto C03,34,"$56,025,118 ","$1,647,798 ","$1,190,000 ",28,59.50%,35,1.4,101%,21,33
All Home Types,12,2021,Toronto C04,43,"$71,583,198 ","$1,664,726 ","$1,705,000 ",39,67.60%,34,1.1,104%,22,34
All Home Types,12,2021,Toronto C06,25,"$26,825,550 ","$1,073,022 ","$725,000 ",26,64.40%,22,1.2,105%,9,18
All Home Types,12,2021,Toronto C07,78,"$86,064,458 ","$1,103,390 ","$747,000 ",75,66.00%,59,1.4,103%,19,26
All Home Types,12,2021,Toronto C08,189,"$149,995,770 ","$793,628 ","$697,000 ",170,63.40%,225,1.4,100%,25,36
All Home Types,12,2021,Toronto C09,29,"$55,667,000 ","$1,919,552 ","$1,310,000 ",15,66.60%,28,1.7,103%,28,32
All Home Types,12,2021,Toronto C10,61,"$65,370,538 ","$1,071,648 ","$730,000 ",37,70.40%,36,1.2,103%,22,31
All Home Types,12,2021,Toronto C11,35,"$29,666,400 ","$847,611 ","$559,900 ",20,67.30%,11,1.1,106%,15,20
All Home Types,12,2021,Toronto C12,15,"$34,504,001 ","$2,300,267 ","$1,950,000 ",16,51.20%,67,3.2,99%,21,35
All Home Types,12,2021,Toronto C13,60,"$61,746,276 ","$1,029,105 ","$718,000 ",44,67.20%,42,1.2,106%,17,21
All Home Types,12,2021,Toronto C14,114,"$141,029,465 ","$1,237,101 ","$768,444 ",91,69.00%,76,1.3,103%,20,25
All Home Types,12,2021,Toronto C15,137,"$122,782,119 ","$896,220 ","$675,000 ",114,70.00%,103,1.2,107%,18,21
All Home Types,12,2021,Toronto East,550,"$547,999,517 ","$996,363 ","$998,500 ",452,74.00%,203,0.7,113%,13,16
All Home Types,12,2021,Toronto E01,34,"$43,742,818 ","$1,286,553 ","$1,274,000 ",36,70.70%,16,0.7,119%,11,20
All Home Types,12,2021,Toronto E02,26,"$33,763,609 ","$1,298,600 ","$1,198,000 ",21,70.80%,21,0.7,106%,24,28
All Home Types,12,2021,Toronto E03,55,"$64,340,585 ","$1,169,829 ","$1,110,880 ",39,67.00%,32,0.9,108%,23,26
All Home Types,12,2021,Toronto E04,76,"$71,956,980 ","$946,802 ","$1,010,000 ",62,74.30%,18,0.7,113%,11,13
All Home Types,12,2021,Toronto E05,65,"$53,962,876 ","$830,198 ","$675,000 ",44,76.00%,19,0.8,111%,14,16
All Home Types,12,2021,Toronto E06,23,"$27,951,490 ","$1,215,282 ","$1,075,000 ",22,64.30%,18,1,108%,10,14
All Home Types,12,2021,Toronto E07,50,"$49,298,052 ","$985,961 ","$954,000 ",43,77.60%,9,0.7,117%,10,13
All Home Types,12,2021,Toronto E08,50,"$45,756,586 ","$915,132 ","$678,500 ",44,73.70%,24,0.8,112%,14,18
All Home Types,12,2021,Toronto E09,79,"$71,880,400 ","$909,878 ","$811,000 ",65,83.60%,13,0.6,114%,9,12
All Home Types,12,2021,Toronto E10,46,"$48,800,710 ","$1,060,885 ","$1,210,500 ",37,73.70%,16,0.8,116%,12,14
All Home Types,12,2021,Toronto E11,46,"$36,545,411 ","$794,465 ","$765,000 ",39,77.40%,17,0.7,114%,11,16
All Home Types,1,2018,All TRREB Areas,4019,"$2,961,129,293 ","$736,783 ","$625,000 ",8585,50.70%,11894,2,98%,32,0
All Home Types,1,2018,Halton Region,391,"$324,233,848 ","$829,243 ","$680,000 ",842,53.30%,1230,2,97%,36,0
All Home Types,1,2018,Burlington,113,"$86,898,339 ","$769,012 ","$625,000 ",200,59.80%,284,1.8,96%,38,0
All Home Types,1,2018,Halton Hills,39,"$26,086,500 ","$668,885 ","$626,000 ",60,67.40%,72,1.4,98%,32,0
All Home Types,1,2018,Milton,86,"$56,420,644 ","$656,054 ","$633,750 ",164,52.00%,243,1.6,98%,30,0
All Home Types,1,2018,Oakville,153,"$154,828,365 ","$1,011,950 ","$830,000 ",418,47.30%,631,2.5,96%,38,0
All Home Types,1,2018,Peel Region,887,"$588,875,360 ","$663,896 ","$618,000 ",1633,49.60%,2195,1.9,97%,32,0
All Home Types,1,2018,Brampton,430,"$288,672,578 ","$671,332 ","$635,000 ",809,47.00%,1065,1.9,97%,31,0
All Home Types,1,2018,Caledon,48,"$41,971,800 ","$874,413 ","$796,950 ",118,45.10%,194,3,97%,38,0
All Home Types,1,2018,Mississauga,409,"$258,230,982 ","$631,372 ","$565,000 ",706,52.80%,936,1.8,97%,32,0
All Home Types,1,2018,City of Toronto,1517,"$1,162,957,062 ","$766,616 ","$588,000 ",2776,58.60%,3460,1.6,99%,28,0
All Home Types,1,2018,Toronto West,430,"$299,472,523 ","$696,448 ","$578,750 ",734,59.60%,940,1.7,98%,32,0
All Home Types,1,2018,Toronto Central,746,"$639,591,039 ","$857,361 ","$580,000 ",1419,60.00%,1719,1.6,99%,26,0
All Home Types,1,2018,Toronto East,341,"$223,893,500 ","$656,579 ","$617,555 ",623,54.70%,801,1.6,99%,29,0
All Home Types,1,2018,York Region,595,"$517,937,651 ","$870,483 ","$808,800 ",1992,38.80%,3198,3,96%,38,0
All Home Types,1,2018,Aurora,48,"$42,639,800 ","$888,329 ","$807,500 ",150,36.50%,226,3.1,95%,39,0
All Home Types,1,2018,East Gwillimbury,20,"$15,950,800 ","$797,540 ","$750,000 ",108,31.60%,193,4.6,96%,31,0
All Home Types,1,2018,Georgina,32,"$19,011,688 ","$594,115 ","$537,000 ",126,39.40%,181,3.2,96%,42,0
All Home Types,1,2018,King,12,"$14,276,000 ","$1,189,667 ","$1,135,000 ",64,35.20%,137,4.7,93%,54,0
All Home Types,1,2018,Markham,151,"$131,904,207 ","$873,538 ","$808,800 ",427,42.00%,685,2.6,96%,37,0
All Home Types,1,2018,Newmarket,51,"$40,070,100 ","$785,688 ","$755,000 ",179,37.40%,280,2.9,97%,43,0
All Home Types,1,2018,Richmond Hill,109,"$94,460,768 ","$866,613 ","$795,000 ",367,36.50%,597,3.2,97%,33,0
All Home Types,1,2018,Vaughan,150,"$137,338,988 ","$915,593 ","$862,500 ",478,40.20%,749,2.8,96%,36,0
All Home Types,1,2018,Whitchurch-Stouffville,22,"$22,285,300 ","$1,012,968 ","$897,500 ",93,37.10%,150,3.4,96%,50,0
All Home Types,1,2018,Durham Region,470,"$271,963,184 ","$578,645 ","$546,500 ",954,51.50%,1177,1.7,98%,30,0
All Home Types,1,2018,Ajax,79,"$48,686,476 ","$616,285 ","$578,000 ",145,50.50%,162,1.6,98%,28,0
All Home Types,1,2018,Brock,7,"$3,393,500 ","$484,786 ","$464,500 ",27,49.70%,42,3.2,96%,51,0
All Home Types,1,2018,Clarington,84,"$45,094,379 ","$536,838 ","$500,000 ",162,54.60%,180,1.6,98%,29,0
All Home Types,1,2018,Oshawa,137,"$67,662,700 ","$493,888 ","$469,900 ",278,49.80%,332,1.7,99%,26,0
All Home Types,1,2018,Pickering,44,"$27,597,779 ","$627,222 ","$626,250 ",125,49.10%,173,1.9,97%,30,0
All Home Types,1,2018,Scugog,13,"$7,944,000 ","$611,077 ","$575,000 ",21,57.10%,39,2.4,97%,46,0
All Home Types,1,2018,Uxbridge,22,"$16,352,000 ","$743,273 ","$697,500 ",37,53.80%,60,2.6,95%,47,0
All Home Types,1,2018,Whitby,84,"$55,232,350 ","$657,528 ","$596,000 ",159,52.90%,189,1.5,97%,34,0
All Home Types,1,2018,Dufferin County,21,"$11,014,150 ","$524,483 ","$517,000 ",34,68.80%,55,1.3,98%,41,0
All Home Types,1,2018,Orangeville,21,"$11,014,150 ","$524,483 ","$517,000 ",34,68.80%,55,1.3,98%,41,0
All Home Types,1,2018,Simcoe County,138,"$84,148,038 ","$609,768 ","$575,000 ",354,42.90%,579,3.3,95%,44,0
All Home Types,1,2018,Adjala-Tosorontio,5,"$3,075,500 ","$615,100 ","$660,000 ",11,56.00%,28,3.5,94%,54,0
All Home Types,1,2018,Bradford,40,"$28,236,000 ","$705,900 ","$597,250 ",95,38.10%,158,3.2,93%,45,0
All Home Types,1,2018,Innisfil,33,"$17,589,150 ","$533,005 ","$490,000 ",121,33.60%,209,4.4,97%,44,0
All Home Types,1,2018,New Tecumseth,41,"$25,416,988 ","$619,927 ","$605,000 ",93,52.90%,139,2.6,96%,40,0
All Home Types,1,2018,All TRREB Areas,4019,"$2,961,129,293 ","$736,783 ","$625,000 ",8585,50.70%,11894,2,98%,32,0
All Home Types,1,2018,City of Toronto,1517,"$1,162,957,062 ","$766,616 ","$588,000 ",2776,58.60%,3460,1.6,99%,28,0
All Home Types,1,2018,Toronto West,430,"$299,472,523 ","$696,448 ","$578,750 ",734,59.60%,940,1.7,98%,32,0
All Home Types,1,2018,Toronto W01,23,"$24,654,400 ","$1,071,930 ","$789,900 ",39,65.30%,41,1.3,97%,31,0
All Home Types,1,2018,Toronto W02,37,"$31,359,007 ","$847,541 ","$843,000 ",54,65.20%,48,1.1,103%,17,0
All Home Types,1,2018,Toronto W03,21,"$14,270,000 ","$679,524 ","$695,000 ",56,55.30%,56,1.6,101%,27,0
All Home Types,1,2018,Toronto W04,38,"$20,583,000 ","$541,658 ","$500,000 ",65,55.90%,113,1.9,97%,36,0
All Home Types,1,2018,Toronto W05,63,"$31,954,805 ","$507,219 ","$445,000 ",117,54.90%,174,2.2,98%,37,0
All Home Types,1,2018,Toronto W06,68,"$47,066,139 ","$692,149 ","$599,950 ",137,64.00%,179,1.5,99%,28,0
All Home Types,1,2018,Toronto W07,16,"$18,872,400 ","$1,179,525 ","$1,185,000 ",16,59.70%,24,1.5,95%,45,0
All Home Types,1,2018,Toronto W08,68,"$60,800,388 ","$894,123 ","$510,000 ",133,62.30%,155,1.5,97%,26,0
All Home Types,1,2018,Toronto W09,30,"$19,631,746 ","$654,392 ","$665,000 ",41,54.70%,58,1.9,98%,42,0
All Home Types,1,2018,Toronto W10,66,"$30,280,638 ","$458,798 ","$363,000 ",76,54.70%,92,2.1,97%,35,0
All Home Types,1,2018,Toronto Central,746,"$639,591,039 ","$857,361 ","$580,000 ",1419,60.00%,1719,1.6,99%,26,0
All Home Types,1,2018,Toronto C01,272,"$172,054,651 ","$632,554 ","$560,000 ",413,66.10%,428,1.3,100%,25,0
All Home Types,1,2018,Toronto C02,33,"$54,200,502 ","$1,642,439 ","$990,000 ",75,58.40%,98,2.1,97%,33,0
All Home Types,1,2018,Toronto C03,15,"$18,279,300 ","$1,218,620 ","$759,900 ",44,57.80%,51,1.6,99%,30,0
All Home Types,1,2018,Toronto C04,31,"$43,371,414 ","$1,399,078 ","$1,305,000 ",73,54.20%,85,1.7,98%,21,0
All Home Types,1,2018,Toronto C06,15,"$15,732,000 ","$1,048,800 ","$1,020,000 ",30,53.00%,49,1.9,96%,31,0
All Home Types,1,2018,Toronto C07,53,"$47,358,100 ","$893,549 ","$607,000 ",110,47.50%,193,2.3,97%,29,0
All Home Types,1,2018,Toronto C08,78,"$54,216,023 ","$695,077 ","$585,000 ",145,69.60%,152,1.2,101%,20,0
All Home Types,1,2018,Toronto C09,12,"$36,848,000 ","$3,070,667 ","$2,550,000 ",29,60.10%,38,1.7,100%,33,0
All Home Types,1,2018,Toronto C10,26,"$20,730,638 ","$797,332 ","$650,319 ",57,65.50%,52,1.2,101%,16,0
All Home Types,1,2018,Toronto C11,13,"$8,729,000 ","$671,462 ","$396,000 ",25,64.00%,30,1.2,99%,22,0
All Home Types,1,2018,Toronto C12,15,"$37,006,000 ","$2,467,067 ","$2,350,000 ",44,44.90%,73,3.2,98%,28,0
All Home Types,1,2018,Toronto C13,34,"$31,197,968 ","$917,587 ","$721,900 ",81,56.50%,90,1.5,97%,32,0
All Home Types,1,2018,Toronto C14,67,"$47,544,666 ","$709,622 ","$534,000 ",147,54.90%,181,1.7,98%,27,0
All Home Types,1,2018,Toronto C15,82,"$52,322,777 ","$638,083 ","$491,000 ",146,55.50%,199,1.8,98%,32,0
All Home Types,1,2018,Toronto East,341,"$223,893,500 ","$656,579 ","$617,555 ",623,54.70%,801,1.6,99%,29,0
All Home Types,1,2018,Toronto E01,27,"$26,523,886 ","$982,366 ","$925,000 ",43,63.20%,41,0.9,106%,18,0
All Home Types,1,2018,Toronto E02,24,"$22,954,000 ","$956,417 ","$863,250 ",51,61.20%,52,1.1,101%,24,0
All Home Types,1,2018,Toronto E03,35,"$29,737,400 ","$849,640 ","$812,000 ",62,54.20%,52,1.4,100%,24,0
All Home Types,1,2018,Toronto E04,40,"$22,448,000 ","$561,200 ","$549,250 ",79,54.80%,107,1.7,98%,31,0
All Home Types,1,2018,Toronto E05,32,"$18,510,988 ","$578,468 ","$559,000 ",74,50.50%,112,1.9,97%,33,0
All Home Types,1,2018,Toronto E06,22,"$19,642,900 ","$892,859 ","$772,500 ",29,49.90%,34,1.7,98%,33,0
All Home Types,1,2018,Toronto E07,31,"$15,628,388 ","$504,142 ","$413,000 ",60,53.10%,101,1.9,98%,36,0
All Home Types,1,2018,Toronto E08,35,"$18,663,788 ","$533,251 ","$530,000 ",54,55.20%,66,1.7,98%,32,0
All Home Types,1,2018,Toronto E09,50,"$25,275,800 ","$505,516 ","$452,000 ",79,55.90%,86,1.5,97%,26,0
All Home Types,1,2018,Toronto E10,17,"$10,261,400 ","$603,612 ","$578,000 ",46,47.70%,78,2.1,97%,38,0
All Home Types,1,2018,Toronto E11,28,"$14,246,950 ","$508,820 ","$548,000 ",46,55.90%,72,1.7,98%,30,0
All Home Types,2,2018,All TRREB Areas,5175,"$3,973,460,199 ","$767,818 ","$656,000 ",10520,49.00%,13362,2.1,99%,25,0
All Home Types,2,2018,Halton Region,542,"$454,862,556 ","$839,230 ","$713,750 ",1115,51.30%,1433,2.1,97%,27,0
All Home Types,2,2018,Burlington,136,"$95,381,668 ","$701,336 ","$687,700 ",257,57.90%,324,2,98%,27,0
All Home Types,2,2018,Halton Hills,51,"$38,075,000 ","$746,569 ","$655,000 ",96,66.90%,102,1.4,98%,31,0
All Home Types,2,2018,Milton,131,"$92,788,845 ","$708,312 ","$650,000 ",244,50.50%,276,1.7,98%,21,0
All Home Types,2,2018,Oakville,224,"$228,617,043 ","$1,020,612 ","$845,000 ",518,44.80%,731,2.8,97%,29,0
All Home Types,2,2018,Peel Region,1024,"$703,099,627 ","$686,621 ","$635,000 ",1965,48.00%,2326,2.1,97%,24,0
All Home Types,2,2018,Brampton,485,"$328,806,000 ","$677,951 ","$650,000 ",948,45.30%,1081,2.1,98%,24,0
All Home Types,2,2018,Caledon,58,"$58,851,705 ","$1,014,685 ","$742,500 ",123,44.30%,209,3.1,96%,29,0
All Home Types,2,2018,Mississauga,481,"$315,441,922 ","$655,804 ","$580,000 ",894,51.30%,1036,1.9,97%,23,0
All Home Types,2,2018,City of Toronto,2013,"$1,623,473,269 ","$806,494 ","$650,000 ",3386,57.30%,3812,1.7,100%,22,0
All Home Types,2,2018,Toronto West,561,"$398,225,893 ","$709,850 ","$640,000 ",862,58.70%,987,1.7,100%,23,0
All Home Types,2,2018,Toronto Central,982,"$876,314,804 ","$892,378 ","$625,000 ",1748,58.50%,1994,1.7,100%,22,0
All Home Types,2,2018,Toronto East,470,"$348,932,572 ","$742,410 ","$700,000 ",776,53.50%,831,1.7,101%,23,0
All Home Types,2,2018,York Region,805,"$723,604,619 ","$898,888 ","$818,000 ",2334,36.40%,3647,3.3,97%,30,0
All Home Types,2,2018,Aurora,57,"$53,480,800 ","$938,260 ","$775,000 ",184,33.70%,265,3.5,94%,28,0
All Home Types,2,2018,East Gwillimbury,30,"$23,322,690 ","$777,423 ","$702,500 ",105,30.10%,209,5,97%,47,0
All Home Types,2,2018,Georgina,48,"$24,211,799 ","$504,412 ","$457,450 ",154,36.90%,222,3.5,97%,27,0
All Home Types,2,2018,King,12,"$13,209,000 ","$1,100,750 ","$1,147,500 ",61,31.60%,151,5.6,94%,36,0
All Home Types,2,2018,Markham,184,"$174,366,368 ","$947,643 ","$900,500 ",495,40.00%,759,2.8,98%,28,0
All Home Types,2,2018,Newmarket,81,"$60,289,617 ","$744,316 ","$715,000 ",248,35.10%,343,3.2,98%,27,0
All Home Types,2,2018,Richmond Hill,131,"$128,102,875 ","$977,885 ","$880,000 ",413,33.80%,689,3.6,96%,35,0
All Home Types,2,2018,Vaughan,223,"$212,468,970 ","$952,776 ","$870,000 ",560,37.90%,836,3.1,97%,30,0
All Home Types,2,2018,Whitchurch-Stouffville,39,"$34,152,500 ","$875,705 ","$803,500 ",114,35.80%,173,3.6,97%,28,0
All Home Types,2,2018,Durham Region,604,"$357,207,929 ","$591,404 ","$566,000 ",1202,49.90%,1381,1.8,98%,24,0
All Home Types,2,2018,Ajax,102,"$65,729,885 ","$644,411 ","$630,000 ",185,49.50%,187,1.7,99%,25,0
All Home Types,2,2018,Brock,12,"$4,673,500 ","$389,458 ","$387,250 ",24,48.50%,45,3.4,98%,36,0
All Home Types,2,2018,Clarington,105,"$58,217,491 ","$554,452 ","$525,000 ",190,53.40%,211,1.6,99%,27,0
All Home Types,2,2018,Oshawa,171,"$86,034,115 ","$503,123 ","$475,000 ",338,48.40%,374,1.8,99%,20,0
All Home Types,2,2018,Pickering,86,"$58,254,939 ","$677,383 ","$652,500 ",173,47.50%,199,2,98%,19,0
All Home Types,2,2018,Scugog,8,"$4,590,400 ","$573,800 ","$556,250 ",37,52.70%,61,2.7,99%,13,0
All Home Types,2,2018,Uxbridge,20,"$14,428,300 ","$721,415 ","$675,000 ",47,51.20%,75,2.8,98%,35,0
All Home Types,2,2018,Whitby,100,"$65,279,299 ","$652,793 ","$613,750 ",208,50.80%,229,1.6,98%,27,0
All Home Types,2,2018,Dufferin County,37,"$18,982,200 ","$513,032 ","$540,000 ",55,67.90%,61,1.4,99%,20,0
All Home Types,2,2018,Orangeville,37,"$18,982,200 ","$513,032 ","$540,000 ",55,67.90%,61,1.4,99%,20,0
All Home Types,2,2018,Simcoe County,150,"$92,229,999 ","$614,867 ","$580,000 ",463,40.00%,702,3.6,97%,38,0
All Home Types,2,2018,Adjala-Tosorontio,8,"$7,721,000 ","$965,125 ","$690,000 ",22,53.40%,32,3.6,95%,83,0
All Home Types,2,2018,Bradford,48,"$31,980,699 ","$666,265 ","$639,400 ",141,35.10%,188,3.6,97%,31,0
All Home Types,2,2018,Innisfil,31,"$16,784,750 ","$541,444 ","$560,000 ",157,30.70%,259,4.9,97%,41,0
All Home Types,2,2018,New Tecumseth,48,"$27,271,050 ","$568,147 ","$574,950 ",95,50.70%,160,2.8,98%,36,0
All Home Types,2,2018,All TRREB Areas,5175,"$3,973,460,199 ","$767,818 ","$656,000 ",10520,49.00%,13362,2.1,99%,25,0
All Home Types,2,2018,City of Toronto,2013,"$1,623,473,269 ","$806,494 ","$650,000 ",3386,57.30%,3812,1.7,100%,22,0
All Home Types,2,2018,Toronto West,561,"$398,225,893 ","$709,850 ","$640,000 ",862,58.70%,987,1.7,100%,23,0
All Home Types,2,2018,Toronto W01,37,"$31,176,602 ","$842,611 ","$685,000 ",62,65.00%,52,1.3,104%,13,0
All Home Types,2,2018,Toronto W02,48,"$43,607,017 ","$908,480 ","$836,500 ",67,65.10%,51,1.1,105%,13,0
All Home Types,2,2018,Toronto W03,36,"$26,875,400 ","$746,539 ","$745,000 ",45,55.10%,52,1.7,101%,16,0
All Home Types,2,2018,Toronto W04,47,"$29,391,413 ","$625,349 ","$598,000 ",91,53.90%,128,2.1,97%,29,0
All Home Types,2,2018,Toronto W05,75,"$38,629,588 ","$515,061 ","$462,000 ",109,53.90%,159,2.3,97%,26,0
All Home Types,2,2018,Toronto W06,100,"$64,775,938 ","$647,759 ","$566,000 ",153,62.90%,188,1.6,101%,28,0
All Home Types,2,2018,Toronto W07,20,"$20,485,993 ","$1,024,300 ","$943,000 ",36,58.50%,34,1.6,102%,19,0
All Home Types,2,2018,Toronto W08,122,"$103,665,248 ","$849,715 ","$630,700 ",173,61.70%,171,1.5,99%,21,0
All Home Types,2,2018,Toronto W09,24,"$14,758,150 ","$614,923 ","$685,000 ",42,52.80%,57,2.1,100%,32,0
All Home Types,2,2018,Toronto W10,52,"$24,860,544 ","$478,087 ","$358,500 ",84,53.60%,95,2.2,98%,27,0
All Home Types,2,2018,Toronto Central,982,"$876,314,804 ","$892,378 ","$625,000 ",1748,58.50%,1994,1.7,100%,22,0
All Home Types,2,2018,Toronto C01,327,"$233,465,620 ","$713,962 ","$601,000 ",495,65.00%,470,1.3,101%,20,0
All Home Types,2,2018,Toronto C02,47,"$74,328,578 ","$1,581,459 ","$1,232,000 ",95,57.60%,121,2.1,101%,21,0
All Home Types,2,2018,Toronto C03,31,"$46,670,018 ","$1,505,484 ","$1,044,000 ",79,54.80%,80,1.8,99%,20,0
All Home Types,2,2018,Toronto C04,40,"$62,229,401 ","$1,555,735 ","$1,644,500 ",86,52.50%,105,1.8,102%,20,0
All Home Types,2,2018,Toronto C06,27,"$24,938,000 ","$923,630 ","$580,000 ",35,53.40%,46,2,97%,27,0
All Home Types,2,2018,Toronto C07,60,"$49,546,800 ","$825,780 ","$576,500 ",139,45.10%,214,2.6,97%,34,0
All Home Types,2,2018,Toronto C08,120,"$85,639,168 ","$713,660 ","$618,250 ",184,68.30%,176,1.3,102%,18,0
All Home Types,2,2018,Toronto C09,22,"$39,765,654 ","$1,807,530 ","$1,405,000 ",34,60.70%,41,1.8,103%,16,0
All Home Types,2,2018,Toronto C10,33,"$29,715,099 ","$900,458 ","$670,000 ",69,63.80%,68,1.2,100%,15,0
All Home Types,2,2018,Toronto C11,24,"$19,922,676 ","$830,112 ","$394,950 ",33,63.10%,35,1.3,102%,19,0
All Home Types,2,2018,Toronto C12,15,"$30,535,738 ","$2,035,716 ","$1,221,500 ",56,41.50%,96,3.6,96%,34,0
All Home Types,2,2018,Toronto C13,50,"$42,942,285 ","$858,846 ","$712,500 ",93,54.10%,105,1.7,97%,20,0
All Home Types,2,2018,Toronto C14,89,"$74,790,049 ","$840,338 ","$598,000 ",169,53.30%,215,1.8,98%,27,0
All Home Types,2,2018,Toronto C15,97,"$61,825,718 ","$637,379 ","$482,000 ",181,53.60%,222,2,98%,26,0
All Home Types,2,2018,Toronto East,470,"$348,932,572 ","$742,410 ","$700,000 ",776,53.50%,831,1.7,101%,23,0
All Home Types,2,2018,Toronto E01,42,"$40,202,350 ","$957,199 ","$939,000 ",61,62.70%,40,1,107%,15,0
All Home Types,2,2018,Toronto E02,50,"$53,672,325 ","$1,073,447 ","$953,000 ",60,62.30%,46,1.1,103%,19,0
All Home Types,2,2018,Toronto E03,61,"$59,079,099 ","$968,510 ","$885,000 ",85,53.80%,59,1.4,103%,15,0
All Home Types,2,2018,Toronto E04,61,"$38,717,476 ","$634,713 ","$691,100 ",93,54.40%,106,1.7,100%,21,0
All Home Types,2,2018,Toronto E05,44,"$26,091,539 ","$592,990 ","$508,500 ",88,47.70%,123,2.1,96%,30,0
All Home Types,2,2018,Toronto E06,14,"$11,956,000 ","$854,000 ","$740,000 ",44,46.70%,49,1.9,98%,8,0
All Home Types,2,2018,Toronto E07,44,"$24,859,400 ","$564,986 ","$449,000 ",85,50.80%,99,2.1,98%,29,0
All Home Types,2,2018,Toronto E08,46,"$31,291,300 ","$680,246 ","$660,000 ",46,56.80%,54,1.7,98%,31,0
All Home Types,2,2018,Toronto E09,50,"$26,203,909 ","$524,078 ","$457,500 ",103,53.70%,100,1.7,99%,20,0
All Home Types,2,2018,Toronto E10,22,"$18,068,888 ","$821,313 ","$832,250 ",58,45.70%,86,2.3,99%,25,0
All Home Types,2,2018,Toronto E11,36,"$18,790,286 ","$521,952 ","$524,500 ",53,54.60%,69,1.8,97%,37,0
All Home Types,3,2018,All TRREB Areas,7228,"$5,670,782,537 ","$784,558 ","$670,000 ",14866,46.90%,15971,2.3,99%,20,0
All Home Types,3,2018,Halton Region,727,"$621,203,725 ","$854,476 ","$768,000 ",1540,48.90%,1804,2.4,98%,22,0
All Home Types,3,2018,Burlington,189,"$148,211,895 ","$784,190 ","$732,000 ",383,54.90%,435,2.2,98%,24,0
All Home Types,3,2018,Halton Hills,67,"$51,441,440 ","$767,783 ","$725,000 ",120,63.60%,121,1.6,98%,19,0
All Home Types,3,2018,Milton,190,"$132,307,323 ","$696,354 ","$656,500 ",372,48.60%,362,1.9,98%,21,0
All Home Types,3,2018,Oakville,281,"$289,243,067 ","$1,029,335 ","$935,000 ",665,42.40%,886,3.1,97%,22,0
All Home Types,3,2018,Peel Region,1546,"$1,105,634,223 ","$715,158 ","$665,000 ",2971,46.30%,2797,2.2,98%,19,0
All Home Types,3,2018,Brampton,702,"$485,003,613 ","$690,888 ","$665,000 ",1412,43.60%,1282,2.3,98%,18,0
All Home Types,3,2018,Caledon,75,"$69,496,033 ","$926,614 ","$865,000 ",164,42.60%,237,3.4,97%,31,0
All Home Types,3,2018,Mississauga,769,"$551,134,577 ","$716,690 ","$642,000 ",1395,49.50%,1278,2.1,98%,19,0
All Home Types,3,2018,City of Toronto,2797,"$2,286,943,442 ","$817,642 ","$660,000 ",4438,56.10%,4104,1.8,101%,17,0
All Home Types,3,2018,Toronto West,755,"$574,591,946 ","$761,049 ","$672,000 ",1135,57.60%,1062,1.8,101%,17,0
All Home Types,3,2018,Toronto Central,1386,"$1,224,250,272 ","$883,297 ","$635,000 ",2217,57.20%,2125,1.8,100%,17,0
All Home Types,3,2018,Toronto East,656,"$488,101,224 ","$744,057 ","$700,000 ",1086,52.20%,917,1.8,103%,16,0
All Home Types,3,2018,York Region,1066,"$1,001,676,664 ","$939,659 ","$860,000 ",3407,33.40%,4588,3.9,97%,24,0
All Home Types,3,2018,Aurora,81,"$70,171,955 ","$866,320 ","$800,000 ",224,31.40%,306,4,97%,26,0
All Home Types,3,2018,East Gwillimbury,32,"$24,734,240 ","$772,945 ","$693,000 ",165,25.80%,273,6.3,98%,21,0
All Home Types,3,2018,Georgina,63,"$32,781,900 ","$520,348 ","$490,000 ",215,33.00%,294,4.3,97%,26,0
All Home Types,3,2018,King,27,"$45,868,000 ","$1,698,815 ","$1,580,000 ",113,28.30%,194,6.5,94%,36,0
All Home Types,3,2018,Markham,266,"$253,361,143 ","$952,486 ","$882,500 ",777,36.80%,960,3.3,98%,23,0
All Home Types,3,2018,Newmarket,92,"$68,933,878 ","$749,281 ","$705,000 ",330,31.60%,441,3.9,97%,28,0
All Home Types,3,2018,Richmond Hill,170,"$174,704,580 ","$1,027,674 ","$939,400 ",610,30.60%,867,4.3,97%,26,0
All Home Types,3,2018,Vaughan,287,"$285,455,768 ","$994,619 ","$925,000 ",810,35.50%,1021,3.5,97%,23,0
All Home Types,3,2018,Whitchurch-Stouffville,48,"$45,665,200 ","$951,358 ","$859,500 ",163,33.00%,232,4.2,97%,25,0
All Home Types,3,2018,Durham Region,846,"$506,256,311 ","$598,412 ","$565,000 ",1755,47.70%,1660,2,99%,18,0
All Home Types,3,2018,Ajax,125,"$80,621,006 ","$644,968 ","$630,000 ",242,47.70%,212,1.8,100%,15,0
All Home Types,3,2018,Brock,17,"$9,703,400 ","$570,788 ","$510,000 ",42,46.50%,59,3.6,96%,25,0
All Home Types,3,2018,Clarington,143,"$74,864,302 ","$523,527 ","$496,000 ",322,50.90%,281,1.8,100%,15,0
All Home Types,3,2018,Oshawa,239,"$123,296,343 ","$515,884 ","$490,000 ",474,46.30%,425,2,99%,16,0
All Home Types,3,2018,Pickering,108,"$76,850,100 ","$711,575 ","$684,500 ",223,45.30%,236,2.2,98%,19,0
All Home Types,3,2018,Scugog,29,"$19,899,000 ","$686,172 ","$570,000 ",52,51.00%,63,2.9,95%,41,0
All Home Types,3,2018,Uxbridge,23,"$18,352,500 ","$797,935 ","$740,000 ",52,48.00%,92,3.2,96%,30,0
All Home Types,3,2018,Whitby,162,"$102,669,660 ","$633,763 ","$606,500 ",348,48.40%,292,1.8,99%,17,0
All Home Types,3,2018,Dufferin County,54,"$27,479,035 ","$508,871 ","$507,500 ",83,66.00%,71,1.5,99%,19,0
All Home Types,3,2018,Orangeville,54,"$27,479,035 ","$508,871 ","$507,500 ",83,66.00%,71,1.5,99%,19,0
All Home Types,3,2018,Simcoe County,192,"$121,589,137 ","$633,277 ","$590,000 ",672,35.90%,947,4.2,97%,33,0
All Home Types,3,2018,Adjala-Tosorontio,12,"$10,011,900 ","$834,325 ","$802,500 ",28,51.00%,41,3.8,95%,51,0
All Home Types,3,2018,Bradford,48,"$32,975,350 ","$686,986 ","$672,500 ",170,30.80%,226,4.4,97%,30,0
All Home Types,3,2018,Innisfil,51,"$31,803,400 ","$623,596 ","$525,500 ",211,27.80%,336,5.7,96%,34,0
All Home Types,3,2018,New Tecumseth,56,"$34,104,587 ","$609,010 ","$590,000 ",160,45.90%,222,3.3,98%,35,0
All Home Types,3,2018,All TRREB Areas,7228,"$5,670,782,537 ","$784,558 ","$670,000 ",14866,46.90%,15971,2.3,99%,20,0
All Home Types,3,2018,City of Toronto,2797,"$2,286,943,442 ","$817,642 ","$660,000 ",4438,56.10%,4104,1.8,101%,17,0
All Home Types,3,2018,Toronto West,755,"$574,591,946 ","$761,049 ","$672,000 ",1135,57.60%,1062,1.8,101%,17,0
All Home Types,3,2018,Toronto W01,67,"$63,304,188 ","$944,839 ","$691,500 ",72,66.30%,44,1.3,104%,10,0
All Home Types,3,2018,Toronto W02,70,"$66,798,228 ","$954,260 ","$912,500 ",83,64.10%,48,1.2,105%,10,0
All Home Types,3,2018,Toronto W03,45,"$32,043,786 ","$712,084 ","$665,000 ",74,53.90%,55,1.8,102%,17,0
All Home Types,3,2018,Toronto W04,69,"$41,667,721 ","$603,880 ","$540,000 ",119,53.30%,147,2.3,99%,18,0
All Home Types,3,2018,Toronto W05,95,"$56,344,288 ","$593,098 ","$645,000 ",150,52.40%,164,2.5,98%,23,0
All Home Types,3,2018,Toronto W06,144,"$97,340,301 ","$675,974 ","$581,250 ",214,62.00%,205,1.7,101%,16,0
All Home Types,3,2018,Toronto W07,28,"$34,394,500 ","$1,228,375 ","$1,092,500 ",32,58.30%,27,1.7,101%,11,0
All Home Types,3,2018,Toronto W08,141,"$122,378,709 ","$867,934 ","$636,000 ",212,60.40%,186,1.6,99%,17,0
All Home Types,3,2018,Toronto W09,36,"$28,099,088 ","$780,530 ","$822,944 ",73,51.30%,74,2.2,97%,18,0
All Home Types,3,2018,Toronto W10,60,"$32,221,137 ","$537,019 ","$525,000 ",106,51.50%,112,2.4,99%,27,0
All Home Types,3,2018,Toronto Central,1386,"$1,224,250,272 ","$883,297 ","$635,000 ",2217,57.20%,2125,1.8,100%,17,0
All Home Types,3,2018,Toronto C01,473,"$343,192,063 ","$725,565 ","$615,000 ",655,64.50%,483,1.4,102%,17,0
All Home Types,3,2018,Toronto C02,72,"$97,585,696 ","$1,355,357 ","$980,000 ",99,58.50%,115,2.1,101%,21,0
All Home Types,3,2018,Toronto C03,50,"$68,501,418 ","$1,370,028 ","$907,500 ",71,53.70%,79,1.9,104%,15,0
All Home Types,3,2018,Toronto C04,31,"$53,366,800 ","$1,721,510 ","$1,715,000 ",107,49.20%,135,2.1,103%,11,0
All Home Types,3,2018,Toronto C06,26,"$22,889,588 ","$880,369 ","$649,000 ",59,50.10%,56,2.3,97%,19,0
All Home Types,3,2018,Toronto C07,94,"$83,580,700 ","$889,156 ","$692,500 ",187,43.40%,238,2.8,97%,22,0
All Home Types,3,2018,Toronto C08,198,"$143,552,903 ","$725,015 ","$630,500 ",242,68.60%,165,1.3,102%,17,0
All Home Types,3,2018,Toronto C09,18,"$22,072,000 ","$1,226,222 ","$826,000 ",20,62.90%,37,1.8,105%,14,0
All Home Types,3,2018,Toronto C10,58,"$55,739,000 ","$961,017 ","$679,000 ",85,61.20%,69,1.3,100%,11,0
All Home Types,3,2018,Toronto C11,35,"$28,286,423 ","$808,184 ","$417,500 ",52,61.60%,43,1.4,100%,20,0
All Home Types,3,2018,Toronto C12,22,"$70,738,999 ","$3,215,409 ","$1,834,500 ",59,38.80%,100,4,94%,22,0
All Home Types,3,2018,Toronto C13,55,"$48,569,588 ","$883,083 ","$552,000 ",86,53.40%,97,1.8,97%,17,0
All Home Types,3,2018,Toronto C14,131,"$94,086,618 ","$718,218 ","$568,000 ",250,50.80%,240,2.1,98%,17,0
All Home Types,3,2018,Toronto C15,123,"$92,088,476 ","$748,687 ","$500,000 ",245,51.30%,268,2.2,98%,20,0
All Home Types,3,2018,Toronto East,656,"$488,101,224 ","$744,057 ","$700,000 ",1086,52.20%,917,1.8,103%,16,0
All Home Types,3,2018,Toronto E01,61,"$58,749,585 ","$963,108 ","$890,000 ",79,62.10%,38,1,113%,10,0
All Home Types,3,2018,Toronto E02,61,"$67,317,420 ","$1,103,564 ","$1,015,000 ",77,62.10%,42,1.2,106%,13,0
All Home Types,3,2018,Toronto E03,83,"$84,467,206 ","$1,017,677 ","$951,000 ",104,53.70%,61,1.5,108%,10,0
All Home Types,3,2018,Toronto E04,88,"$48,788,248 ","$554,412 ","$534,000 ",139,52.80%,110,1.9,100%,18,0
All Home Types,3,2018,Toronto E05,56,"$34,170,218 ","$610,182 ","$547,500 ",125,45.10%,140,2.4,100%,22,0
All Home Types,3,2018,Toronto E06,30,"$28,966,554 ","$965,552 ","$864,000 ",57,45.80%,56,2.1,99%,14,0
All Home Types,3,2018,Toronto E07,72,"$41,996,100 ","$583,279 ","$454,000 ",120,49.70%,106,2.2,100%,20,0
All Home Types,3,2018,Toronto E08,36,"$25,669,557 ","$713,043 ","$713,500 ",68,54.10%,65,1.9,99%,19,0
All Home Types,3,2018,Toronto E09,84,"$44,083,936 ","$524,809 ","$465,500 ",131,53.00%,114,1.8,98%,18,0
All Home Types,3,2018,Toronto E10,42,"$28,620,250 ","$681,435 ","$688,025 ",91,44.30%,96,2.5,101%,16,0
All Home Types,3,2018,Toronto E11,43,"$25,272,150 ","$587,724 ","$580,000 ",95,52.10%,89,2,98%,20,0
All Home Types,4,2018,All TRREB Areas,7792,"$6,269,321,360 ","$804,584 ","$684,900 ",16273,46.20%,18206,2.5,99%,20,0
All Home Types,4,2018,Halton Region,779,"$661,613,615 ","$849,311 ","$760,000 ",1689,47.80%,2097,2.6,98%,22,0
All Home Types,4,2018,Burlington,229,"$173,105,019 ","$755,917 ","$693,500 ",454,53.50%,531,2.4,97%,23,0
All Home Types,4,2018,Halton Hills,77,"$58,627,150 ","$761,392 ","$760,000 ",160,60.50%,153,1.7,99%,17,0
All Home Types,4,2018,Milton,189,"$133,835,038 ","$708,122 ","$669,999 ",366,48.90%,406,2.1,99%,18,0
All Home Types,4,2018,Oakville,284,"$296,046,408 ","$1,042,417 ","$925,500 ",709,41.10%,1007,3.4,97%,26,0
All Home Types,4,2018,Peel Region,1689,"$1,225,535,554 ","$725,598 ","$670,000 ",3211,46.20%,3175,2.4,98%,19,0
All Home Types,4,2018,Brampton,807,"$567,490,508 ","$703,210 ","$670,000 ",1519,43.90%,1400,2.4,99%,18,0
All Home Types,4,2018,Caledon,91,"$87,607,575 ","$962,721 ","$835,000 ",192,42.00%,264,3.6,97%,31,0
All Home Types,4,2018,Mississauga,791,"$570,437,471 ","$721,160 ","$649,000 ",1500,49.10%,1511,2.2,98%,19,0
All Home Types,4,2018,City of Toronto,2946,"$2,550,698,152 ","$865,817 ","$685,000 ",5299,55.60%,4785,1.9,102%,16,0
All Home Types,4,2018,Toronto West,766,"$620,784,215 ","$810,423 ","$701,000 ",1439,56.80%,1318,1.9,103%,18,0
All Home Types,4,2018,Toronto Central,1479,"$1,403,694,891 ","$949,084 ","$655,000 ",2611,56.90%,2387,1.9,101%,15,0
All Home Types,4,2018,Toronto East,701,"$526,219,046 ","$750,669 ","$724,000 ",1249,52.10%,1080,1.9,103%,16,0
All Home Types,4,2018,York Region,1149,"$1,080,520,029 ","$940,400 ","$855,000 ",3499,32.10%,5132,4.4,97%,26,0
All Home Types,4,2018,Aurora,77,"$74,587,568 ","$968,670 ","$890,000 ",266,29.70%,363,4.6,97%,21,0
All Home Types,4,2018,East Gwillimbury,48,"$39,567,300 ","$824,319 ","$725,250 ",172,23.50%,283,7.4,97%,42,0
All Home Types,4,2018,Georgina,56,"$33,331,900 ","$595,213 ","$533,750 ",185,30.40%,313,5.1,96%,33,0
All Home Types,4,2018,King,22,"$31,510,000 ","$1,432,273 ","$1,325,000 ",114,25.40%,236,7.7,96%,50,0
All Home Types,4,2018,Markham,306,"$278,431,765 ","$909,908 ","$881,500 ",782,35.70%,1051,3.7,98%,26,0
All Home Types,4,2018,Newmarket,104,"$82,450,277 ","$792,791 ","$757,500 ",314,30.80%,483,4.3,97%,27,0
All Home Types,4,2018,Richmond Hill,200,"$207,465,664 ","$1,037,328 ","$934,500 ",654,29.50%,969,4.8,96%,24,0
All Home Types,4,2018,Vaughan,286,"$285,870,755 ","$999,548 ","$899,500 ",824,34.90%,1150,3.8,97%,25,0
All Home Types,4,2018,Whitchurch-Stouffville,50,"$47,304,800 ","$946,096 ","$870,000 ",188,31.30%,284,4.7,97%,23,0
All Home Types,4,2018,Durham Region,930,"$567,126,362 ","$609,813 ","$575,000 ",1908,46.40%,1915,2.2,99%,20,0
All Home Types,4,2018,Ajax,150,"$99,466,880 ","$663,113 ","$628,500 ",295,45.90%,249,2,100%,16,0
All Home Types,4,2018,Brock,16,"$10,102,800 ","$631,425 ","$463,000 ",37,45.50%,70,4,94%,36,0
All Home Types,4,2018,Clarington,186,"$100,270,489 ","$539,089 ","$511,250 ",337,49.40%,323,2,99%,21,0
All Home Types,4,2018,Oshawa,231,"$121,461,194 ","$525,806 ","$507,000 ",558,44.80%,542,2.2,99%,18,0
All Home Types,4,2018,Pickering,125,"$86,810,356 ","$694,483 ","$640,000 ",219,44.80%,232,2.4,98%,21,0
All Home Types,4,2018,Scugog,22,"$13,912,800 ","$632,400 ","$606,500 ",61,48.30%,91,3.2,98%,29,0
All Home Types,4,2018,Uxbridge,24,"$19,006,408 ","$791,934 ","$671,354 ",55,45.50%,103,3.7,97%,34,0
All Home Types,4,2018,Whitby,176,"$116,095,435 ","$659,633 ","$622,500 ",346,47.50%,305,1.9,98%,18,0
All Home Types,4,2018,Dufferin County,53,"$29,675,688 ","$559,919 ","$537,600 ",83,65.30%,85,1.6,99%,17,0
All Home Types,4,2018,Orangeville,53,"$29,675,688 ","$559,919 ","$537,600 ",83,65.30%,85,1.6,99%,17,0
All Home Types,4,2018,Simcoe County,246,"$154,151,960 ","$626,634 ","$577,500 ",584,34.80%,1017,4.7,97%,29,0
All Home Types,4,2018,Adjala-Tosorontio,12,"$9,397,632 ","$783,136 ","$750,000 ",21,50.00%,41,4.2,97%,55,0
All Home Types,4,2018,Bradford,64,"$43,641,800 ","$681,903 ","$645,000 ",148,30.40%,234,4.8,97%,27,0
All Home Types,4,2018,Innisfil,59,"$39,834,800 ","$675,166 ","$586,000 ",189,26.30%,368,6.5,96%,28,0
All Home Types,4,2018,New Tecumseth,59,"$35,934,728 ","$609,063 ","$547,500 ",141,43.80%,250,3.7,97%,28,0
All Home Types,4,2018,All TRREB Areas,7792,"$6,269,321,360 ","$804,584 ","$684,900 ",16273,46.20%,18206,2.5,99%,20,0
All Home Types,4,2018,City of Toronto,2946,"$2,550,698,152 ","$865,817 ","$685,000 ",5299,55.60%,4785,1.9,102%,16,0
All Home Types,4,2018,Toronto West,766,"$620,784,215 ","$810,423 ","$701,000 ",1439,56.80%,1318,1.9,103%,18,0
All Home Types,4,2018,Toronto W01,67,"$72,844,849 ","$1,087,237 ","$891,000 ",82,68.40%,43,1.3,107%,10,0
All Home Types,4,2018,Toronto W02,85,"$83,521,920 ","$982,611 ","$900,000 ",145,63.80%,81,1.2,109%,8,0
All Home Types,4,2018,Toronto W03,47,"$36,650,200 ","$779,791 ","$792,000 ",106,52.20%,82,1.9,103%,18,0
All Home Types,4,2018,Toronto W04,76,"$47,906,500 ","$630,349 ","$550,500 ",131,53.60%,147,2.4,99%,27,0
All Home Types,4,2018,Toronto W05,98,"$56,191,578 ","$573,383 ","$600,000 ",190,52.30%,204,2.5,98%,22,0
All Home Types,4,2018,Toronto W06,123,"$88,694,678 ","$721,095 ","$655,000 ",252,60.00%,262,1.8,101%,16,0
All Home Types,4,2018,Toronto W07,33,"$39,077,900 ","$1,184,179 ","$1,022,000 ",59,58.40%,38,1.7,102%,18,0
All Home Types,4,2018,Toronto W08,150,"$145,671,090 ","$971,141 ","$735,000 ",278,59.40%,233,1.7,103%,18,0
All Home Types,4,2018,Toronto W09,34,"$25,912,800 ","$762,141 ","$751,450 ",71,50.60%,85,2.4,97%,22,0
All Home Types,4,2018,Toronto W10,53,"$24,312,700 ","$458,730 ","$399,600 ",125,49.40%,143,2.6,98%,20,0
All Home Types,4,2018,Toronto Central,1479,"$1,403,694,891 ","$949,084 ","$655,000 ",2611,56.90%,2387,1.9,101%,15,0
All Home Types,4,2018,Toronto C01,467,"$335,388,206 ","$718,176 ","$605,000 ",724,64.90%,547,1.4,102%,15,0
All Home Types,4,2018,Toronto C02,79,"$115,103,068 ","$1,457,001 ","$1,150,000 ",159,56.60%,143,2.2,101%,17,0
All Home Types,4,2018,Toronto C03,55,"$75,327,918 ","$1,369,599 ","$930,000 ",91,55.10%,81,1.9,102%,14,0
All Home Types,4,2018,Toronto C04,79,"$140,289,851 ","$1,775,821 ","$1,615,000 ",171,47.10%,150,2.2,102%,12,0
All Home Types,4,2018,Toronto C06,29,"$20,946,400 ","$722,290 ","$548,000 ",52,50.40%,63,2.4,99%,17,0
All Home Types,4,2018,Toronto C07,93,"$81,991,517 ","$881,629 ","$726,000 ",225,42.20%,268,3.1,98%,18,0
All Home Types,4,2018,Toronto C08,186,"$130,932,102 ","$703,936 ","$611,250 ",292,67.80%,205,1.3,103%,12,0
All Home Types,4,2018,Toronto C09,30,"$54,254,620 ","$1,808,487 ","$1,277,910 ",52,62.50%,45,1.8,102%,22,0
All Home Types,4,2018,Toronto C10,76,"$77,688,376 ","$1,022,215 ","$775,000 ",112,62.70%,76,1.3,101%,15,0
All Home Types,4,2018,Toronto C11,55,"$54,100,250 ","$983,641 ","$545,000 ",72,63.90%,44,1.4,101%,13,0
All Home Types,4,2018,Toronto C12,29,"$77,857,832 ","$2,684,753 ","$2,730,000 ",78,38.00%,104,4.3,96%,23,0
All Home Types,4,2018,Toronto C13,54,"$48,526,099 ","$898,631 ","$637,450 ",97,52.40%,111,2,101%,17,0
All Home Types,4,2018,Toronto C14,115,"$93,509,589 ","$813,127 ","$588,000 ",236,50.00%,268,2.3,99%,15,0
All Home Types,4,2018,Toronto C15,132,"$97,779,063 ","$740,750 ","$529,000 ",250,50.30%,282,2.4,98%,17,0
All Home Types,4,2018,Toronto East,701,"$526,219,046 ","$750,669 ","$724,000 ",1249,52.10%,1080,1.9,103%,16,0
All Home Types,4,2018,Toronto E01,66,"$66,877,523 ","$1,013,296 ","$999,900 ",83,64.50%,41,1,113%,9,0
All Home Types,4,2018,Toronto E02,63,"$64,567,070 ","$1,024,874 ","$988,000 ",90,60.80%,48,1.2,106%,9,0
All Home Types,4,2018,Toronto E03,68,"$63,575,388 ","$934,932 ","$898,500 ",152,53.00%,105,1.5,109%,10,0
All Home Types,4,2018,Toronto E04,94,"$59,081,588 ","$628,528 ","$683,944 ",148,52.70%,129,1.9,100%,17,0
All Home Types,4,2018,Toronto E05,68,"$43,086,488 ","$633,625 ","$531,500 ",124,44.60%,156,2.6,98%,22,0
All Home Types,4,2018,Toronto E06,41,"$35,033,200 ","$854,468 ","$808,100 ",78,46.00%,58,2.1,100%,16,0
All Home Types,4,2018,Toronto E07,56,"$32,461,166 ","$579,664 ","$466,000 ",113,49.60%,123,2.4,99%,17,0
All Home Types,4,2018,Toronto E08,49,"$43,482,290 ","$887,394 ","$784,990 ",99,53.60%,84,2,99%,20,0
All Home Types,4,2018,Toronto E09,75,"$41,269,232 ","$550,256 ","$473,000 ",129,52.80%,117,1.9,100%,17,0
All Home Types,4,2018,Toronto E10,54,"$40,518,200 ","$750,337 ","$744,000 ",119,43.10%,124,2.7,100%,18,0
All Home Types,4,2018,Toronto E11,67,"$36,266,901 ","$541,297 ","$540,000 ",114,52.00%,95,2,100%,19,0
All Home Types,5,2018,All TRREB Areas,8402,"$6,799,781,191 ","$809,305 ","$685,000 ",19237,47.00%,20919,2.6,99%,20,0
All Home Types,5,2018,Halton Region,863,"$737,441,375 ","$854,509 ","$770,000 ",1924,48.00%,2334,2.7,97%,24,0
All Home Types,5,2018,Burlington,265,"$213,561,517 ","$805,893 ","$740,000 ",518,53.60%,599,2.5,98%,25,0
All Home Types,5,2018,Halton Hills,82,"$62,981,300 ","$768,065 ","$699,450 ",186,57.20%,199,1.9,97%,25,0
All Home Types,5,2018,Milton,203,"$147,459,267 ","$726,400 ","$692,000 ",403,50.90%,428,2.1,98%,20,0
All Home Types,5,2018,Oakville,313,"$313,439,291 ","$1,001,403 ","$855,000 ",817,41.20%,1108,3.6,97%,25,0
All Home Types,5,2018,Peel Region,1807,"$1,329,391,240 ","$735,690 ","$679,900 ",3649,47.80%,3542,2.4,98%,19,0
All Home Types,5,2018,Brampton,824,"$586,997,471 ","$712,376 ","$668,000 ",1610,45.90%,1525,2.4,98%,19,0
All Home Types,5,2018,Caledon,102,"$95,059,574 ","$931,957 ","$849,500 ",219,43.50%,281,3.7,97%,24,0
All Home Types,5,2018,Mississauga,881,"$647,334,195 ","$734,772 ","$669,000 ",1820,50.30%,1736,2.2,98%,19,0
All Home Types,5,2018,City of Toronto,3284,"$2,855,619,168 ","$869,555 ","$690,000 ",6392,56.60%,5797,1.9,101%,16,0
All Home Types,5,2018,Toronto West,892,"$705,286,508 ","$790,680 ","$670,000 ",1647,57.70%,1525,2,101%,18,0
All Home Types,5,2018,Toronto Central,1595,"$1,545,983,454 ","$969,269 ","$678,000 ",3217,57.30%,2965,1.9,101%,16,0
All Home Types,5,2018,Toronto East,797,"$604,349,206 ","$758,280 ","$720,000 ",1528,54.00%,1307,1.9,104%,16,0
All Home Types,5,2018,York Region,1233,"$1,151,465,385 ","$933,873 ","$850,000 ",4137,32.60%,5704,4.6,97%,26,0
All Home Types,5,2018,Aurora,98,"$90,964,570 ","$928,210 ","$827,450 ",288,29.80%,398,4.9,98%,27,0
All Home Types,5,2018,East Gwillimbury,55,"$46,492,000 ","$845,309 ","$800,000 ",188,24.40%,295,7.5,96%,31,0
All Home Types,5,2018,Georgina,69,"$36,766,317 ","$532,845 ","$512,000 ",232,31.20%,335,5.2,97%,31,0
All Home Types,5,2018,King,37,"$53,823,498 ","$1,454,689 ","$1,350,000 ",145,24.50%,266,8.4,96%,35,0
All Home Types,5,2018,Markham,316,"$295,544,566 ","$935,268 ","$880,000 ",971,36.40%,1204,3.8,98%,22,0
All Home Types,5,2018,Newmarket,105,"$76,994,223 ","$733,278 ","$705,000 ",405,31.40%,538,4.5,97%,28,0
All Home Types,5,2018,Richmond Hill,188,"$183,863,844 ","$977,999 ","$907,000 ",761,29.80%,1107,5.1,97%,24,0
All Home Types,5,2018,Vaughan,307,"$311,404,063 ","$1,014,345 ","$905,000 ",949,35.20%,1255,4.1,97%,24,0
All Home Types,5,2018,Whitchurch-Stouffville,58,"$55,612,304 ","$958,833 ","$882,000 ",198,32.20%,306,4.9,96%,32,0
All Home Types,5,2018,Durham Region,919,"$548,267,086 ","$596,591 ","$563,000 ",2276,46.80%,2283,2.3,99%,19,0
All Home Types,5,2018,Ajax,148,"$94,160,600 ","$636,220 ","$613,500 ",306,47.70%,281,2.1,100%,17,0
All Home Types,5,2018,Brock,15,"$7,419,200 ","$494,613 ","$420,000 ",59,42.20%,89,4.3,97%,27,0
All Home Types,5,2018,Clarington,170,"$88,047,145 ","$517,924 ","$497,000 ",387,49.70%,362,2.1,99%,16,0
All Home Types,5,2018,Oshawa,245,"$122,789,609 ","$501,182 ","$480,000 ",662,45.20%,638,2.3,99%,17,0
All Home Types,5,2018,Pickering,120,"$87,887,564 ","$732,396 ","$689,450 ",272,45.50%,284,2.5,99%,19,0
All Home Types,5,2018,Scugog,23,"$16,804,200 ","$730,617 ","$610,000 ",78,46.60%,116,3.5,96%,31,0
All Home Types,5,2018,Uxbridge,30,"$22,535,800 ","$751,193 ","$670,000 ",73,45.50%,115,3.9,97%,37,0
All Home Types,5,2018,Whitby,168,"$108,622,968 ","$646,565 ","$609,500 ",439,47.30%,398,2.1,98%,20,0
All Home Types,5,2018,Dufferin County,53,"$29,484,200 ","$556,306 ","$550,000 ",85,65.20%,89,1.8,98%,23,0
All Home Types,5,2018,Orangeville,53,"$29,484,200 ","$556,306 ","$550,000 ",85,65.20%,89,1.8,98%,23,0
All Home Types,5,2018,Simcoe County,243,"$148,112,737 ","$609,517 ","$586,000 ",774,34.60%,1170,4.9,97%,33,0
All Home Types,5,2018,Adjala-Tosorontio,7,"$5,202,000 ","$743,143 ","$670,000 ",35,44.90%,56,4.9,98%,22,0
All Home Types,5,2018,Bradford,56,"$39,369,000 ","$703,018 ","$711,500 ",188,31.00%,275,5,97%,28,0
All Home Types,5,2018,Innisfil,59,"$33,356,300 ","$565,361 ","$530,000 ",291,25.90%,436,6.9,97%,34,0
All Home Types,5,2018,New Tecumseth,82,"$49,545,537 ","$604,214 ","$582,500 ",171,44.50%,269,3.9,98%,37,0
All Home Types,5,2018,All TRREB Areas,8402,"$6,799,781,191 ","$809,305 ","$685,000 ",19237,47.00%,20919,2.6,99%,20,0
All Home Types,5,2018,City of Toronto,3284,"$2,855,619,168 ","$869,555 ","$690,000 ",6392,56.60%,5797,1.9,101%,16,0
All Home Types,5,2018,Toronto West,892,"$705,286,508 ","$790,680 ","$670,000 ",1647,57.70%,1525,2,101%,18,0
All Home Types,5,2018,Toronto W01,60,"$62,967,599 ","$1,049,460 ","$1,045,075 ",99,72.30%,62,1.2,107%,10,0
All Home Types,5,2018,Toronto W02,90,"$97,021,199 ","$1,078,013 ","$988,500 ",139,66.10%,85,1.2,106%,12,0
All Home Types,5,2018,Toronto W03,66,"$46,827,658 ","$709,510 ","$721,500 ",108,54.60%,87,1.9,102%,17,0
All Home Types,5,2018,Toronto W04,84,"$56,909,756 ","$677,497 ","$610,000 ",165,54.60%,171,2.4,99%,24,0
All Home Types,5,2018,Toronto W05,108,"$57,979,090 ","$536,843 ","$532,500 ",201,53.20%,239,2.6,99%,21,0
All Home Types,5,2018,Toronto W06,151,"$107,353,120 ","$710,948 ","$595,200 ",289,58.80%,292,1.9,101%,19,0
All Home Types,5,2018,Toronto W07,36,"$47,840,844 ","$1,328,912 ","$1,185,000 ",61,61.20%,47,1.6,101%,14,0
All Home Types,5,2018,Toronto W08,167,"$152,460,233 ","$912,936 ","$610,000 ",300,60.00%,263,1.7,100%,16,0
All Home Types,5,2018,Toronto W09,51,"$36,086,900 ","$707,586 ","$645,000 ",118,50.30%,119,2.5,98%,21,0
All Home Types,5,2018,Toronto W10,79,"$39,840,109 ","$504,305 ","$430,000 ",167,50.70%,160,2.6,98%,23,0
All Home Types,5,2018,Toronto Central,1595,"$1,545,983,454 ","$969,269 ","$678,000 ",3217,57.30%,2965,1.9,101%,16,0
All Home Types,5,2018,Toronto C01,539,"$408,956,067 ","$758,731 ","$635,000 ",919,66.10%,698,1.4,102%,15,0
All Home Types,5,2018,Toronto C02,86,"$118,965,850 ","$1,383,324 ","$1,110,000 ",155,56.70%,153,2.2,102%,18,0
All Home Types,5,2018,Toronto C03,51,"$69,075,314 ","$1,354,418 ","$950,018 ",102,54.10%,95,2,102%,16,0
All Home Types,5,2018,Toronto C04,88,"$165,933,700 ","$1,885,610 ","$1,805,000 ",209,47.50%,202,2.3,100%,17,0
All Home Types,5,2018,Toronto C06,37,"$34,922,500 ","$943,851 ","$1,050,000 ",67,52.60%,68,2.4,97%,18,0
All Home Types,5,2018,Toronto C07,104,"$100,413,896 ","$965,518 ","$687,517 ",281,42.40%,321,3.2,98%,19,0
All Home Types,5,2018,Toronto C08,195,"$145,083,783 ","$744,019 ","$622,000 ",378,66.80%,289,1.4,102%,12,0
All Home Types,5,2018,Toronto C09,38,"$79,698,999 ","$2,097,342 ","$1,472,500 ",52,63.10%,52,1.9,104%,18,0
All Home Types,5,2018,Toronto C10,75,"$72,335,508 ","$964,473 ","$674,000 ",121,65.10%,94,1.3,102%,11,0
All Home Types,5,2018,Toronto C11,34,"$35,309,650 ","$1,038,519 ","$435,150 ",72,63.20%,54,1.5,101%,15,0
All Home Types,5,2018,Toronto C12,20,"$48,833,100 ","$2,441,655 ","$1,924,400 ",92,34.70%,128,4.9,95%,21,0
All Home Types,5,2018,Toronto C13,66,"$64,918,593 ","$983,615 ","$760,500 ",132,53.00%,122,2.1,98%,17,0
All Home Types,5,2018,Toronto C14,136,"$106,524,076 ","$783,265 ","$567,900 ",337,50.60%,348,2.3,99%,15,0
All Home Types,5,2018,Toronto C15,126,"$95,012,418 ","$754,067 ","$581,000 ",300,50.90%,341,2.5,97%,22,0
All Home Types,5,2018,Toronto East,797,"$604,349,206 ","$758,280 ","$720,000 ",1528,54.00%,1307,1.9,104%,16,0
All Home Types,5,2018,Toronto E01,72,"$72,419,223 ","$1,005,823 ","$921,000 ",126,66.80%,65,1,114%,7,0
All Home Types,5,2018,Toronto E02,75,"$83,905,301 ","$1,118,737 ","$985,000 ",131,63.80%,75,1.2,105%,9,0
All Home Types,5,2018,Toronto E03,112,"$108,140,936 ","$965,544 ","$875,600 ",163,56.70%,109,1.4,111%,10,0
All Home Types,5,2018,Toronto E04,88,"$51,553,803 ","$585,839 ","$638,500 ",170,55.10%,151,1.9,101%,17,0
All Home Types,5,2018,Toronto E05,74,"$44,015,700 ","$594,807 ","$517,500 ",155,45.40%,171,2.7,99%,24,0
All Home Types,5,2018,Toronto E06,25,"$20,870,875 ","$834,835 ","$810,000 ",71,45.80%,71,2.2,103%,11,0
All Home Types,5,2018,Toronto E07,75,"$43,710,380 ","$582,805 ","$460,000 ",153,52.00%,151,2.4,100%,23,0
All Home Types,5,2018,Toronto E08,48,"$37,680,900 ","$785,019 ","$742,500 ",118,51.80%,116,2.2,100%,15,0
All Home Types,5,2018,Toronto E09,97,"$56,069,500 ","$578,036 ","$550,000 ",177,55.60%,151,1.8,99%,21,0
All Home Types,5,2018,Toronto E10,65,"$47,960,400 ","$737,852 ","$732,000 ",141,45.00%,136,2.7,99%,18,0
All Home Types,5,2018,Toronto E11,66,"$38,022,188 ","$576,094 ","$606,500 ",123,54.30%,111,2,100%,17,0
All Home Types,6,2018,All TRREB Areas,8082,"$6,529,213,081 ","$807,871 ","$682,000 ",15922,47.90%,20844,2.6,99%,21,0
All Home Types,6,2018,Halton Region,837,"$715,957,686 ","$855,386 ","$720,000 ",1534,49.30%,2267,2.8,97%,25,0
All Home Types,6,2018,Burlington,236,"$182,677,875 ","$774,059 ","$671,000 ",371,55.20%,588,2.5,97%,26,0
All Home Types,6,2018,Halton Hills,97,"$68,630,640 ","$707,532 ","$645,000 ",157,58.00%,198,2,98%,22,0
All Home Types,6,2018,Milton,206,"$144,528,631 ","$701,595 ","$660,000 ",360,52.90%,421,2.2,98%,22,0
All Home Types,6,2018,Oakville,298,"$320,120,540 ","$1,074,230 ","$887,000 ",646,42.00%,1060,3.6,97%,28,0
All Home Types,6,2018,Peel Region,1693,"$1,219,323,355 ","$720,215 ","$670,000 ",3256,49.20%,3638,2.4,98%,20,0
All Home Types,6,2018,Brampton,771,"$536,542,314 ","$695,904 ","$663,000 ",1504,47.30%,1579,2.4,98%,20,0
All Home Types,6,2018,Caledon,89,"$77,847,394 ","$874,690 ","$825,000 ",200,44.30%,302,3.7,97%,24,0
All Home Types,6,2018,Mississauga,833,"$604,933,647 ","$726,211 ","$660,000 ",1552,51.70%,1757,2.2,98%,20,0
All Home Types,6,2018,City of Toronto,3096,"$2,695,251,277 ","$870,559 ","$686,500 ",5243,57.50%,5748,1.9,101%,17,0
All Home Types,6,2018,Toronto West,819,"$646,796,506 ","$789,739 ","$675,000 ",1367,58.60%,1512,2,100%,18,0
All Home Types,6,2018,Toronto Central,1498,"$1,447,199,530 ","$966,088 ","$675,000 ",2552,57.80%,2913,1.9,100%,16,0
All Home Types,6,2018,Toronto East,779,"$601,255,241 ","$771,830 ","$716,000 ",1324,55.70%,1323,1.9,102%,17,0
All Home Types,6,2018,York Region,1260,"$1,169,375,498 ","$928,076 ","$827,750 ",3253,33.30%,5568,4.6,97%,28,0
All Home Types,6,2018,Aurora,94,"$84,599,141 ","$899,991 ","$748,000 ",229,30.90%,395,4.9,97%,32,0
All Home Types,6,2018,East Gwillimbury,55,"$43,941,000 ","$798,927 ","$725,000 ",148,25.40%,286,7.3,97%,36,0
All Home Types,6,2018,Georgina,71,"$42,312,200 ","$595,946 ","$540,000 ",191,32.70%,336,5.1,94%,35,0
All Home Types,6,2018,King,34,"$47,707,500 ","$1,403,162 ","$1,050,000 ",119,24.90%,263,8.6,95%,32,0
All Home Types,6,2018,Markham,330,"$321,626,720 ","$974,626 ","$867,940 ",753,37.50%,1201,3.8,97%,27,0
All Home Types,6,2018,Newmarket,132,"$102,578,868 ","$777,113 ","$713,500 ",270,32.60%,474,4.6,97%,30,0
All Home Types,6,2018,Richmond Hill,193,"$199,514,503 ","$1,033,754 ","$922,000 ",621,30.00%,1099,5.2,97%,27,0
All Home Types,6,2018,Vaughan,289,"$271,910,414 ","$940,866 ","$885,000 ",747,35.60%,1206,4.2,97%,25,0
All Home Types,6,2018,Whitchurch-Stouffville,62,"$55,185,152 ","$890,083 ","$748,000 ",175,33.40%,308,4.8,97%,32,0
All Home Types,6,2018,Durham Region,918,"$560,648,156 ","$610,728 ","$575,000 ",1895,48.00%,2303,2.4,98%,21,0
All Home Types,6,2018,Ajax,156,"$99,421,788 ","$637,319 ","$600,000 ",249,50.90%,253,2,99%,20,0
All Home Types,6,2018,Brock,11,"$6,407,000 ","$582,455 ","$430,000 ",36,41.60%,91,4.6,96%,30,0
All Home Types,6,2018,Clarington,164,"$87,396,984 ","$532,908 ","$509,500 ",332,51.50%,360,2.1,98%,21,0
All Home Types,6,2018,Oshawa,236,"$121,601,600 ","$515,261 ","$496,250 ",578,46.00%,670,2.4,99%,21,0
All Home Types,6,2018,Pickering,123,"$88,356,290 ","$718,344 ","$670,000 ",209,46.80%,272,2.5,99%,20,0
All Home Types,6,2018,Scugog,30,"$19,811,003 ","$660,367 ","$643,000 ",74,44.50%,130,3.8,96%,28,0
All Home Types,6,2018,Uxbridge,29,"$22,833,800 ","$787,372 ","$765,000 ",68,44.20%,134,4.2,97%,39,0
All Home Types,6,2018,Whitby,169,"$114,819,691 ","$679,406 ","$652,000 ",349,48.30%,393,2.1,98%,19,0
All Home Types,6,2018,Dufferin County,46,"$25,793,800 ","$560,735 ","$578,450 ",91,65.10%,104,1.8,99%,30,0
All Home Types,6,2018,Orangeville,46,"$25,793,800 ","$560,735 ","$578,450 ",91,65.10%,104,1.8,99%,30,0
All Home Types,6,2018,Simcoe County,232,"$142,863,309 ","$615,790 ","$574,500 ",650,34.90%,1216,5.1,97%,33,0
All Home Types,6,2018,Adjala-Tosorontio,16,"$11,379,385 ","$711,212 ","$676,688 ",36,45.10%,58,4.9,97%,38,0
All Home Types,6,2018,Bradford,55,"$36,610,199 ","$665,640 ","$638,000 ",143,32.40%,268,4.9,98%,23,0
All Home Types,6,2018,Innisfil,72,"$43,486,405 ","$603,978 ","$529,000 ",247,26.40%,472,7,97%,33,0
All Home Types,6,2018,New Tecumseth,61,"$36,731,620 ","$602,158 ","$572,000 ",142,44.00%,275,4,97%,35,0
All Home Types,6,2018,All TRREB Areas,8082,"$6,529,213,081 ","$807,871 ","$682,000 ",15922,47.90%,20844,2.6,99%,21,0
All Home Types,6,2018,City of Toronto,3096,"$2,695,251,277 ","$870,559 ","$686,500 ",5243,57.50%,5748,1.9,101%,17,0
All Home Types,6,2018,Toronto West,819,"$646,796,506 ","$789,739 ","$675,000 ",1367,58.60%,1512,2,100%,18,0
All Home Types,6,2018,Toronto W01,62,"$62,984,791 ","$1,015,884 ","$967,000 ",91,70.30%,64,1.2,105%,13,0
All Home Types,6,2018,Toronto W02,85,"$85,601,203 ","$1,007,073 ","$950,000 ",107,68.00%,67,1.2,105%,12,0
All Home Types,6,2018,Toronto W03,50,"$35,613,117 ","$712,262 ","$685,000 ",90,55.90%,97,1.9,102%,14,0
All Home Types,6,2018,Toronto W04,65,"$40,944,500 ","$629,915 ","$555,000 ",133,54.40%,183,2.5,100%,20,0
All Home Types,6,2018,Toronto W05,110,"$60,674,330 ","$551,585 ","$567,000 ",199,54.60%,258,2.6,99%,24,0
All Home Types,6,2018,Toronto W06,141,"$104,839,081 ","$743,540 ","$647,000 ",258,59.40%,288,1.9,100%,19,0
All Home Types,6,2018,Toronto W07,25,"$30,487,900 ","$1,219,516 ","$1,060,000 ",37,61.30%,43,1.7,99%,16,0
All Home Types,6,2018,Toronto W08,152,"$149,007,285 ","$980,311 ","$669,000 ",229,61.10%,243,1.7,98%,19,0
All Home Types,6,2018,Toronto W09,55,"$38,777,800 ","$705,051 ","$688,000 ",78,50.90%,102,2.6,98%,21,0
All Home Types,6,2018,Toronto W10,74,"$37,866,499 ","$511,709 ","$434,250 ",145,52.80%,167,2.5,99%,19,0
All Home Types,6,2018,Toronto Central,1498,"$1,447,199,530 ","$966,088 ","$675,000 ",2552,57.80%,2913,1.9,100%,16,0
All Home Types,6,2018,Toronto C01,494,"$363,444,769 ","$735,718 ","$625,000 ",720,67.30%,664,1.4,102%,14,0
All Home Types,6,2018,Toronto C02,75,"$112,371,029 ","$1,498,280 ","$1,175,000 ",135,57.10%,161,2.2,101%,18,0
All Home Types,6,2018,Toronto C03,46,"$83,921,160 ","$1,824,373 ","$1,316,500 ",94,54.00%,100,2.1,98%,18,0
All Home Types,6,2018,Toronto C04,79,"$146,922,438 ","$1,859,778 ","$1,600,000 ",157,47.20%,187,2.4,101%,12,0
All Home Types,6,2018,Toronto C06,25,"$19,081,218 ","$763,249 ","$518,000 ",64,51.40%,78,2.5,98%,14,0
All Home Types,6,2018,Toronto C07,97,"$86,769,729 ","$894,533 ","$652,500 ",198,43.70%,307,3.2,97%,20,0
All Home Types,6,2018,Toronto C08,192,"$139,816,912 ","$728,213 ","$635,750 ",245,69.00%,237,1.3,101%,16,0
All Home Types,6,2018,Toronto C09,25,"$59,935,000 ","$2,397,400 ","$2,060,000 ",40,62.60%,47,1.9,102%,14,0
All Home Types,6,2018,Toronto C10,80,"$69,953,299 ","$874,416 ","$727,000 ",95,66.30%,75,1.3,102%,13,0
All Home Types,6,2018,Toronto C11,37,"$38,796,888 ","$1,048,565 ","$740,000 ",52,63.00%,47,1.5,101%,14,0
All Home Types,6,2018,Toronto C12,23,"$58,844,800 ","$2,558,470 ","$1,230,000 ",82,34.00%,151,5.1,93%,26,0
All Home Types,6,2018,Toronto C13,65,"$63,536,387 ","$977,483 ","$735,000 ",130,52.20%,133,2.2,98%,15,0
All Home Types,6,2018,Toronto C14,134,"$114,091,500 ","$851,429 ","$582,800 ",283,51.20%,377,2.4,98%,20,0
All Home Types,6,2018,Toronto C15,126,"$89,714,401 ","$712,019 ","$540,500 ",257,50.20%,349,2.6,97%,22,0
All Home Types,6,2018,Toronto East,779,"$601,255,241 ","$771,830 ","$716,000 ",1324,55.70%,1323,1.9,102%,17,0
All Home Types,6,2018,Toronto E01,68,"$70,209,964 ","$1,032,499 ","$982,500 ",88,67.90%,50,0.9,109%,11,0
All Home Types,6,2018,Toronto E02,64,"$68,711,065 ","$1,073,610 ","$931,500 ",92,65.90%,67,1.2,107%,9,0
All Home Types,6,2018,Toronto E03,99,"$98,823,019 ","$998,212 ","$947,000 ",156,58.60%,108,1.4,107%,11,0
All Home Types,6,2018,Toronto E04,97,"$59,410,188 ","$612,476 ","$647,500 ",143,57.70%,148,1.9,100%,17,0
All Home Types,6,2018,Toronto E05,77,"$49,344,450 ","$640,837 ","$559,000 ",142,47.60%,167,2.7,98%,24,0
All Home Types,6,2018,Toronto E06,30,"$32,674,600 ","$1,089,153 ","$935,050 ",67,47.20%,73,2.2,100%,22,0
All Home Types,6,2018,Toronto E07,71,"$43,257,000 ","$609,254 ","$567,000 ",139,54.20%,178,2.4,99%,23,0
All Home Types,6,2018,Toronto E08,51,"$39,549,200 ","$775,475 ","$701,000 ",102,53.40%,120,2.2,97%,18,0
All Home Types,6,2018,Toronto E09,89,"$51,935,087 ","$583,540 ","$608,000 ",184,56.00%,181,1.9,99%,21,0
All Home Types,6,2018,Toronto E10,52,"$43,383,668 ","$834,301 ","$760,000 ",112,44.60%,140,2.8,98%,19,0
All Home Types,6,2018,Toronto E11,81,"$43,957,000 ","$542,679 ","$540,000 ",99,58.00%,91,2,98%,17,0
All Home Types,7,2018,All TRREB Areas,6961,"$5,444,398,517 ","$782,129 ","$670,000 ",13868,48.70%,19725,2.6,98%,25,0
All Home Types,7,2018,Halton Region,736,"$629,291,700 ","$855,016 ","$750,000 ",1287,50.10%,2020,2.8,97%,28,0
All Home Types,7,2018,Burlington,189,"$149,633,526 ","$791,712 ","$699,900 ",313,55.60%,532,2.5,98%,30,0
All Home Types,7,2018,Halton Hills,77,"$57,582,628 ","$747,826 ","$660,000 ",121,58.70%,180,2,98%,23,0
All Home Types,7,2018,Milton,184,"$130,896,530 ","$711,394 ","$670,000 ",349,53.30%,401,2.2,98%,23,0
All Home Types,7,2018,Oakville,286,"$291,179,016 ","$1,018,108 ","$885,000 ",504,43.30%,907,3.5,97%,30,0
All Home Types,7,2018,Peel Region,1466,"$1,049,768,753 ","$716,077 ","$670,000 ",2825,50.40%,3523,2.3,98%,23,0
All Home Types,7,2018,Brampton,668,"$472,287,539 ","$707,017 ","$671,000 ",1393,48.80%,1588,2.3,98%,22,0
All Home Types,7,2018,Caledon,69,"$62,391,405 ","$904,223 ","$790,000 ",133,44.60%,281,3.7,96%,36,0
All Home Types,7,2018,Mississauga,729,"$515,089,809 ","$706,570 ","$650,000 ",1299,52.90%,1654,2.2,98%,24,0
All Home Types,7,2018,City of Toronto,2574,"$2,121,839,764 ","$824,336 ","$650,000 ",4511,58.00%,5479,1.9,99%,21,0
All Home Types,7,2018,Toronto West,692,"$500,660,737 ","$723,498 ","$645,000 ",1151,59.60%,1429,1.9,99%,24,0
All Home Types,7,2018,Toronto Central,1240,"$1,155,025,894 ","$931,472 ","$640,000 ",2215,58.10%,2778,1.9,99%,20,0
All Home Types,7,2018,Toronto East,642,"$466,153,133 ","$726,095 ","$681,000 ",1145,56.20%,1272,1.9,101%,20,0
All Home Types,7,2018,York Region,1083,"$1,000,697,335 ","$924,005 ","$825,000 ",2937,33.80%,5254,4.6,96%,31,0
All Home Types,7,2018,Aurora,77,"$65,155,518 ","$846,176 ","$800,000 ",197,31.50%,374,4.9,96%,31,0
All Home Types,7,2018,East Gwillimbury,44,"$36,445,100 ","$828,298 ","$721,000 ",147,26.20%,274,7,96%,33,0
All Home Types,7,2018,Georgina,56,"$34,705,538 ","$619,742 ","$520,000 ",184,33.90%,338,5,96%,30,0
All Home Types,7,2018,King,29,"$34,812,499 ","$1,200,431 ","$1,000,000 ",89,25.70%,247,8.5,94%,41,0
All Home Types,7,2018,Markham,291,"$265,685,142 ","$913,007 ","$830,000 ",667,38.30%,1124,3.8,97%,28,0
All Home Types,7,2018,Newmarket,116,"$89,950,604 ","$775,436 ","$718,900 ",268,33.70%,447,4.4,97%,35,0
All Home Types,7,2018,Richmond Hill,180,"$191,004,537 ","$1,061,136 ","$931,500 ",540,30.40%,1012,5.3,96%,33,0
All Home Types,7,2018,Vaughan,244,"$245,999,109 ","$1,008,193 ","$862,500 ",692,35.50%,1134,4.2,96%,30,0
All Home Types,7,2018,Whitchurch-Stouffville,46,"$36,939,288 ","$803,028 ","$750,000 ",153,33.50%,304,4.9,96%,31,0
All Home Types,7,2018,Durham Region,794,"$463,800,127 ","$584,131 ","$560,000 ",1675,48.80%,2194,2.4,98%,24,0
All Home Types,7,2018,Ajax,124,"$79,870,199 ","$644,115 ","$630,000 ",257,52.70%,260,1.9,99%,22,0
All Home Types,7,2018,Brock,19,"$10,156,500 ","$534,553 ","$462,000 ",33,42.20%,88,4.6,97%,30,0
All Home Types,7,2018,Clarington,141,"$77,385,611 ","$548,834 ","$515,000 ",305,51.40%,358,2.1,98%,21,0
All Home Types,7,2018,Oshawa,221,"$107,297,162 ","$485,508 ","$475,000 ",504,46.70%,632,2.3,98%,23,0
All Home Types,7,2018,Pickering,117,"$79,685,130 ","$681,069 ","$648,200 ",178,49.40%,231,2.4,97%,23,0
All Home Types,7,2018,Scugog,31,"$19,763,150 ","$637,521 ","$580,000 ",57,46.60%,124,3.8,97%,34,0
All Home Types,7,2018,Uxbridge,10,"$6,661,900 ","$666,190 ","$670,000 ",37,43.00%,130,4.5,99%,26,0
All Home Types,7,2018,Whitby,131,"$82,980,475 ","$633,439 ","$585,000 ",304,48.40%,371,2.2,98%,27,0
All Home Types,7,2018,Dufferin County,58,"$31,017,125 ","$534,778 ","$516,538 ",82,66.70%,105,1.8,98%,27,0
All Home Types,7,2018,Orangeville,58,"$31,017,125 ","$534,778 ","$516,538 ",82,66.70%,105,1.8,98%,27,0
All Home Types,7,2018,Simcoe County,250,"$147,983,713 ","$591,935 ","$572,500 ",551,36.30%,1150,4.9,97%,40,0
All Home Types,7,2018,Adjala-Tosorontio,14,"$8,526,000 ","$609,000 ","$692,000 ",28,46.30%,61,4.7,98%,31,0
All Home Types,7,2018,Bradford,62,"$41,630,225 ","$671,455 ","$641,500 ",130,34.50%,249,4.7,98%,39,0
All Home Types,7,2018,Innisfil,67,"$38,141,799 ","$569,281 ","$550,000 ",203,27.00%,453,7,96%,35,0
All Home Types,7,2018,New Tecumseth,77,"$42,490,399 ","$551,823 ","$534,000 ",120,46.40%,244,3.9,97%,45,0
All Home Types,7,2018,All TRREB Areas,6961,"$5,444,398,517 ","$782,129 ","$670,000 ",13868,48.70%,19725,2.6,98%,25,0
All Home Types,7,2018,City of Toronto,2574,"$2,121,839,764 ","$824,336 ","$650,000 ",4511,58.00%,5479,1.9,99%,21,0
All Home Types,7,2018,Toronto West,692,"$500,660,737 ","$723,498 ","$645,000 ",1151,59.60%,1429,1.9,99%,24,0
All Home Types,7,2018,Toronto W01,39,"$32,424,000 ","$831,385 ","$600,000 ",50,71.40%,52,1.2,100%,16,0
All Home Types,7,2018,Toronto W02,61,"$57,257,900 ","$938,654 ","$842,000 ",85,69.60%,61,1.1,102%,12,0
All Home Types,7,2018,Toronto W03,41,"$30,172,800 ","$735,922 ","$722,000 ",77,57.50%,101,1.9,100%,25,0
All Home Types,7,2018,Toronto W04,65,"$39,635,300 ","$609,774 ","$550,000 ",155,53.80%,195,2.5,100%,25,0
All Home Types,7,2018,Toronto W05,110,"$61,808,875 ","$561,899 ","$577,500 ",187,56.60%,248,2.4,98%,25,0
All Home Types,7,2018,Toronto W06,125,"$80,628,065 ","$645,025 ","$599,000 ",216,59.10%,279,2,100%,24,0
All Home Types,7,2018,Toronto W07,22,"$24,290,485 ","$1,104,113 ","$975,000 ",26,63.60%,34,1.6,100%,26,0
All Home Types,7,2018,Toronto W08,111,"$100,790,820 ","$908,025 ","$645,000 ",186,61.30%,226,1.7,98%,26,0
All Home Types,7,2018,Toronto W09,40,"$34,082,888 ","$852,072 ","$887,500 ",56,53.40%,92,2.5,98%,33,0
All Home Types,7,2018,Toronto W10,78,"$39,569,604 ","$507,303 ","$398,500 ",113,56.00%,141,2.3,97%,25,0
All Home Types,7,2018,Toronto Central,1240,"$1,155,025,894 ","$931,472 ","$640,000 ",2215,58.10%,2778,1.9,99%,20,0
All Home Types,7,2018,Toronto C01,431,"$311,280,518 ","$722,229 ","$608,900 ",677,67.30%,658,1.4,101%,17,0
All Home Types,7,2018,Toronto C02,67,"$88,995,700 ","$1,328,294 ","$1,025,000 ",91,58.60%,140,2.1,100%,18,0
All Home Types,7,2018,Toronto C03,37,"$62,821,600 ","$1,697,881 ","$1,125,000 ",63,54.00%,89,2.1,98%,22,0
All Home Types,7,2018,Toronto C04,58,"$107,505,205 ","$1,853,538 ","$1,713,000 ",107,47.70%,160,2.4,99%,22,0
All Home Types,7,2018,Toronto C06,30,"$22,699,700 ","$756,657 ","$554,750 ",47,53.40%,70,2.4,97%,25,0
All Home Types,7,2018,Toronto C07,82,"$70,790,100 ","$863,294 ","$641,900 ",179,44.20%,293,3.2,98%,24,0
All Home Types,7,2018,Toronto C08,152,"$108,422,934 ","$713,309 ","$634,500 ",267,69.60%,245,1.3,101%,21,0
All Home Types,7,2018,Toronto C09,15,"$41,979,001 ","$2,798,600 ","$1,155,001 ",29,62.50%,39,1.9,95%,27,0
All Home Types,7,2018,Toronto C10,39,"$36,286,600 ","$930,426 ","$714,000 ",61,66.00%,71,1.3,101%,18,0
All Home Types,7,2018,Toronto C11,25,"$23,382,350 ","$935,294 ","$640,000 ",54,61.20%,54,1.6,99%,19,0
All Home Types,7,2018,Toronto C12,28,"$62,352,396 ","$2,226,871 ","$1,975,000 ",53,34.70%,125,5.1,94%,30,0
All Home Types,7,2018,Toronto C13,46,"$44,722,300 ","$972,224 ","$626,250 ",83,52.80%,124,2.2,96%,22,0
All Home Types,7,2018,Toronto C14,117,"$84,333,166 ","$720,796 ","$558,000 ",244,51.60%,351,2.4,98%,21,0
All Home Types,7,2018,Toronto C15,113,"$89,454,324 ","$791,631 ","$560,000 ",260,49.80%,359,2.6,96%,23,0
All Home Types,7,2018,Toronto East,642,"$466,153,133 ","$726,095 ","$681,000 ",1145,56.20%,1272,1.9,101%,20,0
All Home Types,7,2018,Toronto E01,52,"$51,268,450 ","$985,932 ","$885,700 ",61,69.50%,34,0.9,108%,12,0
All Home Types,7,2018,Toronto E02,42,"$53,285,374 ","$1,268,699 ","$1,077,500 ",38,67.10%,37,1.1,103%,15,0
All Home Types,7,2018,Toronto E03,64,"$54,005,858 ","$843,842 ","$871,000 ",107,59.50%,102,1.4,105%,14,0
All Home Types,7,2018,Toronto E04,81,"$49,764,619 ","$614,378 ","$643,000 ",162,57.40%,150,1.8,100%,19,0
All Home Types,7,2018,Toronto E05,58,"$37,854,764 ","$652,668 ","$571,250 ",139,47.80%,187,2.7,100%,24,0
All Home Types,7,2018,Toronto E06,20,"$15,418,686 ","$770,934 ","$715,000 ",56,46.20%,71,2.2,99%,15,0
All Home Types,7,2018,Toronto E07,74,"$43,867,668 ","$592,806 ","$517,500 ",146,54.10%,192,2.4,99%,24,0
All Home Types,7,2018,Toronto E08,56,"$44,463,325 ","$793,988 ","$739,000 ",89,53.60%,104,2.2,97%,24,0
All Home Types,7,2018,Toronto E09,89,"$47,463,988 ","$533,303 ","$473,000 ",155,56.90%,172,1.8,98%,23,0
All Home Types,7,2018,Toronto E10,49,"$36,925,400 ","$753,580 ","$729,000 ",96,45.10%,137,2.8,97%,23,0
All Home Types,7,2018,Toronto E11,57,"$31,835,001 ","$558,509 ","$555,000 ",96,59.90%,86,1.8,99%,19,0
All Home Types,8,2018,All TRREB Areas,6839,"$5,233,679,489 ","$765,270 ","$659,900 ",12166,48.80%,17864,2.6,98%,27,0
All Home Types,8,2018,Halton Region,727,"$619,115,980 ","$851,604 ","$737,500 ",1096,50.80%,1742,2.7,97%,32,0
All Home Types,8,2018,Burlington,208,"$159,598,847 ","$767,302 ","$676,500 ",294,56.70%,470,2.5,97%,33,0
All Home Types,8,2018,Halton Hills,88,"$66,574,567 ","$756,529 ","$670,000 ",87,61.00%,130,2,97%,32,0
All Home Types,8,2018,Milton,172,"$126,047,750 ","$732,836 ","$694,000 ",287,53.20%,360,2.2,97%,23,0
All Home Types,8,2018,Oakville,259,"$266,894,816 ","$1,030,482 ","$866,000 ",428,43.80%,782,3.5,97%,36,0
All Home Types,8,2018,Peel Region,1446,"$1,017,032,249 ","$703,342 ","$663,250 ",2647,50.90%,3325,2.3,98%,24,0
All Home Types,8,2018,Brampton,671,"$476,287,696 ","$709,818 ","$670,500 ",1361,48.90%,1599,2.3,98%,23,0
All Home Types,8,2018,Caledon,65,"$55,232,951 ","$849,738 ","$785,000 ",152,45.30%,293,3.6,97%,34,0
All Home Types,8,2018,Mississauga,710,"$485,511,602 ","$683,819 ","$625,500 ",1134,53.60%,1433,2.2,98%,25,0
All Home Types,8,2018,City of Toronto,2441,"$1,916,728,902 ","$785,223 ","$637,500 ",3752,57.80%,4808,1.9,99%,24,0
All Home Types,8,2018,Toronto West,656,"$455,632,241 ","$694,561 ","$625,250 ",895,59.80%,1210,1.9,99%,25,0
All Home Types,8,2018,Toronto Central,1156,"$1,027,317,465 ","$888,683 ","$630,500 ",1843,57.50%,2428,1.9,98%,25,0
All Home Types,8,2018,Toronto East,629,"$433,779,196 ","$689,633 ","$650,000 ",1014,56.20%,1170,1.9,100%,21,0
All Home Types,8,2018,York Region,1111,"$1,025,622,110 ","$923,152 ","$835,000 ",2587,34.00%,4772,4.6,97%,34,0
All Home Types,8,2018,Aurora,82,"$76,953,351 ","$938,456 ","$828,750 ",173,32.40%,317,4.8,96%,31,0
All Home Types,8,2018,East Gwillimbury,40,"$31,510,900 ","$787,773 ","$742,500 ",105,26.90%,261,7,97%,49,0
All Home Types,8,2018,Georgina,54,"$29,124,300 ","$539,339 ","$526,500 ",161,33.00%,332,5.1,96%,44,0
All Home Types,8,2018,King,27,"$44,840,600 ","$1,660,763 ","$1,455,800 ",79,25.90%,231,8.5,92%,59,0
All Home Types,8,2018,Markham,295,"$258,178,664 ","$875,182 ","$830,000 ",627,38.50%,994,3.8,97%,30,0
All Home Types,8,2018,Newmarket,93,"$70,239,951 ","$755,268 ","$694,000 ",212,34.20%,404,4.5,97%,37,0
All Home Types,8,2018,Richmond Hill,222,"$221,847,056 ","$999,311 ","$950,000 ",498,30.80%,914,5.2,97%,30,0
All Home Types,8,2018,Vaughan,236,"$235,430,500 ","$997,587 ","$922,500 ",589,35.30%,1024,4.3,97%,31,0
All Home Types,8,2018,Whitchurch-Stouffville,62,"$57,496,788 ","$927,368 ","$814,000 ",143,33.30%,295,5,96%,41,0
All Home Types,8,2018,Durham Region,843,"$497,965,430 ","$590,706 ","$560,000 ",1466,49.00%,2014,2.4,98%,28,0
All Home Types,8,2018,Ajax,123,"$77,166,986 ","$627,374 ","$590,000 ",200,52.80%,244,1.9,98%,24,0
All Home Types,8,2018,Brock,20,"$10,279,900 ","$513,995 ","$437,500 ",44,42.60%,85,4.6,96%,46,0
All Home Types,8,2018,Clarington,163,"$92,829,260 ","$569,505 ","$520,000 ",262,52.30%,333,2.1,98%,28,0
All Home Types,8,2018,Oshawa,241,"$122,032,934 ","$506,361 ","$490,000 ",452,46.50%,580,2.4,98%,25,0
All Home Types,8,2018,Pickering,78,"$50,973,400 ","$653,505 ","$652,750 ",161,49.40%,221,2.4,98%,26,0
All Home Types,8,2018,Scugog,30,"$21,847,400 ","$728,247 ","$627,500 ",56,45.90%,116,3.9,98%,37,0
All Home Types,8,2018,Uxbridge,20,"$16,593,200 ","$829,660 ","$705,000 ",50,43.30%,125,4.6,96%,52,0
All Home Types,8,2018,Whitby,168,"$106,242,350 ","$632,395 ","$595,450 ",241,48.80%,310,2.1,98%,27,0
All Home Types,8,2018,Dufferin County,45,"$24,030,965 ","$534,021 ","$510,000 ",84,65.20%,115,1.8,98%,26,0
All Home Types,8,2018,Orangeville,45,"$24,030,965 ","$534,021 ","$510,000 ",84,65.20%,115,1.8,98%,26,0
All Home Types,8,2018,Simcoe County,226,"$133,183,853 ","$589,309 ","$537,500 ",534,36.50%,1088,4.9,97%,40,0
All Home Types,8,2018,Adjala-Tosorontio,14,"$10,752,500 ","$768,036 ","$721,250 ",30,46.50%,66,4.6,95%,42,0
All Home Types,8,2018,Bradford,48,"$30,943,900 ","$644,665 ","$623,500 ",119,34.30%,242,4.8,97%,37,0
All Home Types,8,2018,Innisfil,64,"$34,472,563 ","$538,634 ","$500,250 ",192,27.20%,419,7,97%,43,0
All Home Types,8,2018,New Tecumseth,67,"$36,964,490 ","$551,709 ","$510,000 ",127,47.00%,232,3.8,97%,40,0
All Home Types,8,2018,All TRREB Areas,6839,"$5,233,679,489 ","$765,270 ","$659,900 ",12166,48.80%,17864,2.6,98%,27,0
All Home Types,8,2018,City of Toronto,2441,"$1,916,728,902 ","$785,223 ","$637,500 ",3752,57.80%,4808,1.9,99%,24,0
All Home Types,8,2018,Toronto West,656,"$455,632,241 ","$694,561 ","$625,250 ",895,59.80%,1210,1.9,99%,25,0
All Home Types,8,2018,Toronto W01,31,"$23,903,011 ","$771,065 ","$610,000 ",43,70.70%,48,1.2,104%,18,0
All Home Types,8,2018,Toronto W02,40,"$36,920,850 ","$923,021 ","$840,900 ",49,68.70%,45,1.1,100%,18,0
All Home Types,8,2018,Toronto W03,47,"$32,924,475 ","$700,521 ","$701,000 ",60,58.50%,82,1.8,100%,20,0
All Home Types,8,2018,Toronto W04,76,"$49,082,749 ","$645,826 ","$587,500 ",112,53.90%,166,2.5,98%,22,0
All Home Types,8,2018,Toronto W05,104,"$55,699,803 ","$535,575 ","$562,500 ",141,57.80%,210,2.4,98%,30,0
All Home Types,8,2018,Toronto W06,129,"$98,215,618 ","$761,361 ","$640,000 ",166,59.10%,237,2,99%,25,0
All Home Types,8,2018,Toronto W07,21,"$19,564,162 ","$931,627 ","$905,000 ",16,64.70%,21,1.5,101%,30,0
All Home Types,8,2018,Toronto W08,99,"$76,322,173 ","$770,931 ","$518,000 ",164,60.70%,210,1.8,98%,26,0
All Home Types,8,2018,Toronto W09,34,"$25,719,600 ","$756,459 ","$755,500 ",51,53.50%,75,2.5,97%,26,0
All Home Types,8,2018,Toronto W10,75,"$37,279,800 ","$497,064 ","$422,000 ",93,57.60%,116,2.2,97%,25,0
All Home Types,8,2018,Toronto Central,1156,"$1,027,317,465 ","$888,683 ","$630,500 ",1843,57.50%,2428,1.9,98%,25,0
All Home Types,8,2018,Toronto C01,396,"$285,197,100 ","$720,195 ","$619,000 ",544,66.60%,558,1.4,100%,22,0
All Home Types,8,2018,Toronto C02,61,"$96,943,896 ","$1,589,244 ","$1,285,000 ",85,58.90%,114,2.1,99%,34,0
All Home Types,8,2018,Toronto C03,31,"$40,286,518 ","$1,299,565 ","$870,000 ",43,55.00%,64,2,98%,27,0
All Home Types,8,2018,Toronto C04,45,"$74,957,710 ","$1,665,727 ","$1,530,000 ",74,47.00%,125,2.4,97%,28,0
All Home Types,8,2018,Toronto C06,22,"$19,500,080 ","$886,367 ","$757,000 ",46,52.20%,68,2.5,98%,31,0
All Home Types,8,2018,Toronto C07,70,"$49,891,588 ","$712,737 ","$597,000 ",177,43.10%,294,3.3,97%,31,0
All Home Types,8,2018,Toronto C08,149,"$100,979,276 ","$677,713 ","$623,000 ",211,67.40%,209,1.3,100%,18,0
All Home Types,8,2018,Toronto C09,8,"$14,514,000 ","$1,814,250 ","$1,247,500 ",12,61.80%,31,1.9,101%,20,0
All Home Types,8,2018,Toronto C10,41,"$36,044,890 ","$879,144 ","$675,000 ",52,66.90%,52,1.3,99%,20,0
All Home Types,8,2018,Toronto C11,29,"$19,984,850 ","$689,133 ","$420,000 ",45,61.40%,56,1.6,98%,21,0
All Home Types,8,2018,Toronto C12,28,"$69,222,000 ","$2,472,214 ","$1,855,000 ",48,35.20%,111,5,93%,36,0
All Home Types,8,2018,Toronto C13,33,"$31,660,625 ","$959,413 ","$629,000 ",84,51.00%,123,2.3,98%,21,0
All Home Types,8,2018,Toronto C14,122,"$97,693,952 ","$800,770 ","$577,500 ",210,51.40%,307,2.4,98%,29,0
All Home Types,8,2018,Toronto C15,121,"$90,440,980 ","$747,446 ","$544,000 ",212,50.10%,316,2.6,100%,26,0
All Home Types,8,2018,Toronto East,629,"$433,779,196 ","$689,633 ","$650,000 ",1014,56.20%,1170,1.9,100%,21,0
All Home Types,8,2018,Toronto E01,38,"$34,971,937 ","$920,314 ","$839,550 ",61,68.20%,38,0.9,105%,17,0
All Home Types,8,2018,Toronto E02,29,"$32,390,725 ","$1,116,922 ","$1,020,000 ",41,66.90%,29,1.1,103%,19,0
All Home Types,8,2018,Toronto E03,50,"$47,203,200 ","$944,064 ","$887,500 ",76,59.10%,84,1.4,102%,16,0
All Home Types,8,2018,Toronto E04,87,"$53,381,700 ","$613,583 ","$660,000 ",117,57.70%,130,1.8,99%,20,0
All Home Types,8,2018,Toronto E05,76,"$47,651,300 ","$626,991 ","$577,250 ",129,48.10%,167,2.7,99%,24,0
All Home Types,8,2018,Toronto E06,21,"$17,291,300 ","$823,395 ","$715,000 ",41,45.50%,65,2.3,98%,19,0
All Home Types,8,2018,Toronto E07,74,"$43,578,289 ","$588,896 ","$458,500 ",144,53.90%,173,2.3,98%,24,0
All Home Types,8,2018,Toronto E08,50,"$35,913,400 ","$718,268 ","$710,000 ",79,54.50%,102,2.1,98%,17,0
All Home Types,8,2018,Toronto E09,99,"$55,180,645 ","$557,380 ","$513,000 ",141,58.10%,162,1.8,99%,24,0
All Home Types,8,2018,Toronto E10,50,"$33,335,500 ","$666,710 ","$647,500 ",80,45.70%,117,2.8,98%,25,0
All Home Types,8,2018,Toronto E11,55,"$32,881,200 ","$597,840 ","$570,000 ",105,59.90%,103,1.8,100%,20,0
All Home Types,9,2018,All TRREB Areas,6455,"$5,143,253,496 ","$796,786 ","$680,000 ",15920,49.00%,20089,2.6,99%,26,0
All Home Types,9,2018,Halton Region,636,"$543,521,864 ","$854,594 ","$737,500 ",1513,51.10%,1970,2.7,98%,29,0
All Home Types,9,2018,Burlington,205,"$153,488,600 ","$748,725 ","$679,900 ",399,58.10%,516,2.4,98%,31,0
All Home Types,9,2018,Halton Hills,58,"$40,845,689 ","$704,236 ","$693,000 ",156,59.80%,168,2,98%,22,0
All Home Types,9,2018,Milton,139,"$100,273,713 ","$721,394 ","$687,000 ",313,52.70%,390,2.2,98%,23,0
All Home Types,9,2018,Oakville,234,"$248,913,862 ","$1,063,734 ","$888,000 ",645,44.20%,896,3.5,97%,32,0
All Home Types,9,2018,Peel Region,1315,"$955,235,010 ","$726,414 ","$665,000 ",2952,51.50%,3549,2.3,98%,23,0
All Home Types,9,2018,Brampton,618,"$427,204,115 ","$691,269 ","$660,000 ",1387,49.40%,1644,2.3,98%,23,0
All Home Types,9,2018,Caledon,82,"$76,066,650 ","$927,642 ","$819,125 ",212,46.40%,327,3.6,97%,30,0
All Home Types,9,2018,Mississauga,615,"$451,964,245 ","$734,901 ","$653,000 ",1353,54.40%,1578,2.1,97%,23,0
All Home Types,9,2018,City of Toronto,2468,"$2,133,030,181 ","$864,275 ","$690,000 ",5456,57.70%,5830,1.9,101%,21,0
All Home Types,9,2018,Toronto West,682,"$547,526,262 ","$802,824 ","$690,500 ",1491,60.20%,1526,1.9,101%,21,0
All Home Types,9,2018,Toronto Central,1185,"$1,141,685,587 ","$963,448 ","$681,000 ",2652,57.10%,2928,2,100%,22,0
All Home Types,9,2018,Toronto East,601,"$443,818,332 ","$738,466 ","$705,000 ",1313,56.40%,1376,1.9,102%,20,0
All Home Types,9,2018,York Region,983,"$888,341,009 ","$903,704 ","$830,000 ",3493,34.10%,5356,4.7,97%,32,0
All Home Types,9,2018,Aurora,57,"$46,290,400 ","$812,112 ","$810,000 ",264,32.60%,387,4.8,97%,28,0
All Home Types,9,2018,East Gwillimbury,36,"$26,983,900 ","$749,553 ","$679,250 ",148,27.40%,280,7,96%,47,0
All Home Types,9,2018,Georgina,68,"$35,738,600 ","$525,568 ","$467,500 ",183,34.10%,315,5,96%,42,0
All Home Types,9,2018,King,22,"$32,585,000 ","$1,481,136 ","$1,417,500 ",141,25.20%,262,8.8,95%,50,0
All Home Types,9,2018,Markham,247,"$221,675,212 ","$897,470 ","$852,500 ",757,38.30%,1114,3.9,98%,29,0
All Home Types,9,2018,Newmarket,94,"$72,827,075 ","$774,756 ","$736,150 ",303,34.50%,451,4.5,96%,36,0
All Home Types,9,2018,Richmond Hill,173,"$173,829,456 ","$1,004,795 ","$885,000 ",681,31.20%,1054,5.3,97%,31,0
All Home Types,9,2018,Vaughan,229,"$227,785,566 ","$994,697 ","$910,000 ",848,35.20%,1174,4.3,97%,28,0
All Home Types,9,2018,Whitchurch-Stouffville,57,"$50,625,800 ","$888,172 ","$820,000 ",168,33.70%,319,5.1,97%,38,0
All Home Types,9,2018,Durham Region,773,"$453,757,888 ","$587,009 ","$560,000 ",1823,48.90%,2171,2.4,98%,27,0
All Home Types,9,2018,Ajax,134,"$85,543,807 ","$638,387 ","$624,000 ",259,53.40%,256,1.9,98%,24,0
All Home Types,9,2018,Brock,20,"$8,557,000 ","$427,850 ","$387,500 ",46,40.30%,87,4.7,96%,45,0
All Home Types,9,2018,Clarington,133,"$76,646,043 ","$576,286 ","$545,000 ",334,51.50%,370,2.1,98%,26,0
All Home Types,9,2018,Oshawa,207,"$101,696,927 ","$491,290 ","$457,500 ",505,46.10%,605,2.4,98%,25,0
All Home Types,9,2018,Pickering,97,"$67,384,474 ","$694,685 ","$640,000 ",231,49.90%,262,2.4,99%,23,0
All Home Types,9,2018,Scugog,28,"$18,032,800 ","$644,029 ","$642,500 ",56,46.10%,111,3.9,98%,45,0
All Home Types,9,2018,Uxbridge,20,"$13,359,699 ","$667,985 ","$604,500 ",75,43.10%,142,4.8,96%,57,0
All Home Types,9,2018,Whitby,134,"$82,537,138 ","$615,949 ","$575,000 ",317,49.20%,338,2.2,98%,23,0
All Home Types,9,2018,Dufferin County,53,"$29,287,800 ","$552,600 ","$535,000 ",83,66.40%,115,1.9,98%,32,0
All Home Types,9,2018,Orangeville,53,"$29,287,800 ","$552,600 ","$535,000 ",83,66.40%,115,1.9,98%,32,0
All Home Types,9,2018,Simcoe County,227,"$140,079,744 ","$617,091 ","$580,000 ",600,37.50%,1098,4.9,97%,41,0
All Home Types,9,2018,Adjala-Tosorontio,15,"$11,506,300 ","$767,087 ","$760,000 ",28,48.40%,61,4.4,95%,48,0
All Home Types,9,2018,Bradford,61,"$41,253,250 ","$676,283 ","$679,000 ",161,36.10%,251,4.6,98%,39,0
All Home Types,9,2018,Innisfil,52,"$32,090,300 ","$617,121 ","$552,500 ",199,27.80%,422,7,96%,41,0
All Home Types,9,2018,New Tecumseth,66,"$38,275,950 ","$579,939 ","$556,750 ",146,47.70%,241,3.8,96%,42,0
All Home Types,9,2018,All TRREB Areas,6455,"$5,143,253,496 ","$796,786 ","$680,000 ",15920,49.00%,20089,2.6,99%,26,0
All Home Types,9,2018,City of Toronto,2468,"$2,133,030,181 ","$864,275 ","$690,000 ",5456,57.70%,5830,1.9,101%,21,0
All Home Types,9,2018,Toronto West,682,"$547,526,262 ","$802,824 ","$690,500 ",1491,60.20%,1526,1.9,101%,21,0
All Home Types,9,2018,Toronto W01,60,"$61,825,389 ","$1,030,423 ","$744,500 ",95,72.40%,60,1.1,101%,18,0
All Home Types,9,2018,Toronto W02,63,"$67,142,871 ","$1,065,760 ","$1,002,000 ",126,70.30%,82,1,107%,14,0
All Home Types,9,2018,Toronto W03,52,"$39,318,057 ","$756,116 ","$715,750 ",126,56.80%,120,1.8,102%,18,0
All Home Types,9,2018,Toronto W04,68,"$42,149,300 ","$619,843 ","$554,250 ",164,53.30%,199,2.5,100%,20,0
All Home Types,9,2018,Toronto W05,87,"$50,651,635 ","$582,203 ","$635,000 ",202,58.20%,259,2.4,99%,27,0
All Home Types,9,2018,Toronto W06,123,"$91,101,381 ","$740,662 ","$664,000 ",229,59.80%,254,2,100%,24,0
All Home Types,9,2018,Toronto W07,22,"$31,047,060 ","$1,411,230 ","$1,237,500 ",51,64.20%,38,1.5,103%,10,0
All Home Types,9,2018,Toronto W08,120,"$111,946,869 ","$932,891 ","$582,500 ",300,60.60%,293,1.7,100%,17,0
All Home Types,9,2018,Toronto W09,34,"$23,912,000 ","$703,294 ","$640,000 ",75,54.60%,87,2.4,98%,27,0
All Home Types,9,2018,Toronto W10,53,"$28,431,700 ","$536,447 ","$524,000 ",123,58.70%,134,2.1,97%,27,0
All Home Types,9,2018,Toronto Central,1185,"$1,141,685,587 ","$963,448 ","$681,000 ",2652,57.10%,2928,2,100%,22,0
All Home Types,9,2018,Toronto C01,385,"$293,641,469 ","$762,705 ","$635,000 ",676,66.50%,634,1.4,101%,20,0
All Home Types,9,2018,Toronto C02,60,"$85,310,751 ","$1,421,846 ","$965,000 ",138,58.50%,147,2.1,100%,22,0
All Home Types,9,2018,Toronto C03,30,"$42,778,159 ","$1,425,939 ","$1,202,000 ",88,53.80%,93,2.1,103%,21,0
All Home Types,9,2018,Toronto C04,68,"$138,231,401 ","$2,032,815 ","$1,796,250 ",202,46.40%,190,2.4,101%,18,0
All Home Types,9,2018,Toronto C06,28,"$20,216,700 ","$722,025 ","$560,950 ",61,53.10%,81,2.5,96%,21,0
All Home Types,9,2018,Toronto C07,88,"$77,490,052 ","$880,569 ","$651,500 ",240,43.10%,325,3.4,97%,24,0
All Home Types,9,2018,Toronto C08,150,"$112,048,057 ","$746,987 ","$647,000 ",285,66.70%,241,1.3,101%,20,0
All Home Types,9,2018,Toronto C09,21,"$41,830,545 ","$1,991,931 ","$1,585,000 ",55,63.70%,54,1.9,106%,18,0
All Home Types,9,2018,Toronto C10,42,"$42,732,175 ","$1,017,433 ","$872,000 ",97,65.50%,85,1.3,100%,21,0
All Home Types,9,2018,Toronto C11,32,"$29,955,900 ","$936,122 ","$421,250 ",58,63.90%,74,1.6,100%,25,0
All Home Types,9,2018,Toronto C12,17,"$39,760,000 ","$2,338,824 ","$2,125,000 ",109,33.60%,153,5.3,97%,40,0
All Home Types,9,2018,Toronto C13,52,"$52,677,626 ","$1,013,031 ","$771,500 ",116,52.40%,146,2.3,97%,23,0
All Home Types,9,2018,Toronto C14,114,"$94,927,676 ","$832,699 ","$574,100 ",271,50.50%,337,2.5,96%,28,0
All Home Types,9,2018,Toronto C15,98,"$70,085,076 ","$715,154 ","$593,500 ",256,49.90%,368,2.7,98%,26,0
All Home Types,9,2018,Toronto East,601,"$443,818,332 ","$738,466 ","$705,000 ",1313,56.40%,1376,1.9,102%,20,0
All Home Types,9,2018,Toronto E01,67,"$66,763,446 ","$996,469 ","$958,106 ",131,68.00%,70,0.9,112%,9,0
All Home Types,9,2018,Toronto E02,44,"$42,616,488 ","$968,557 ","$882,500 ",95,67.90%,54,1.1,107%,9,0
All Home Types,9,2018,Toronto E03,66,"$62,101,454 ","$940,931 ","$894,500 ",158,59.90%,123,1.4,104%,17,0
All Home Types,9,2018,Toronto E04,68,"$42,129,700 ","$619,554 ","$680,000 ",167,57.60%,171,1.8,101%,21,0
All Home Types,9,2018,Toronto E05,56,"$35,273,588 ","$629,886 ","$547,500 ",142,47.80%,176,2.7,98%,28,0
All Home Types,9,2018,Toronto E06,26,"$23,812,315 ","$915,858 ","$722,500 ",79,45.50%,90,2.4,100%,16,0
All Home Types,9,2018,Toronto E07,60,"$37,718,663 ","$628,644 ","$545,000 ",122,53.30%,178,2.3,99%,25,0
All Home Types,9,2018,Toronto E08,49,"$33,162,400 ","$676,784 ","$665,000 ",98,54.20%,109,2.2,99%,20,0
All Home Types,9,2018,Toronto E09,75,"$40,565,488 ","$540,873 ","$470,000 ",114,59.80%,145,1.8,99%,25,0
All Home Types,9,2018,Toronto E10,41,"$30,744,701 ","$749,871 ","$765,000 ",115,45.10%,148,2.9,98%,31,0
All Home Types,9,2018,Toronto E11,49,"$28,930,089 ","$590,410 ","$598,000 ",92,60.90%,112,1.8,100%,22,0
All Home Types,10,2018,All TRREB Areas,7492,"$6,048,594,504 ","$807,340 ","$683,000 ",14431,49.30%,18926,2.6,99%,24,0
All Home Types,10,2018,Halton Region,736,"$652,044,510 ","$885,930 ","$731,000 ",1355,51.60%,1833,2.7,97%,27,0
All Home Types,10,2018,Burlington,220,"$174,195,450 ","$791,798 ","$667,400 ",349,58.30%,490,2.4,97%,29,0
All Home Types,10,2018,Halton Hills,81,"$58,681,013 ","$724,457 ","$630,000 ",141,58.50%,151,2,98%,23,0
All Home Types,10,2018,Milton,179,"$131,287,861 ","$733,452 ","$685,000 ",311,53.50%,340,2.2,98%,21,0
All Home Types,10,2018,Oakville,256,"$287,880,186 ","$1,124,532 ","$879,000 ",554,45.00%,852,3.5,96%,31,0
All Home Types,10,2018,Peel Region,1457,"$1,038,547,322 ","$712,798 ","$660,000 ",2638,52.10%,3215,2.2,98%,24,0
All Home Types,10,2018,Brampton,685,"$480,276,034 ","$701,133 ","$662,000 ",1285,50.00%,1472,2.2,98%,24,0
All Home Types,10,2018,Caledon,81,"$78,772,489 ","$972,500 ","$885,000 ",156,46.70%,312,3.6,96%,30,0
All Home Types,10,2018,Mississauga,691,"$479,498,799 ","$693,920 ","$625,000 ",1197,55.00%,1431,2.1,98%,23,0
All Home Types,10,2018,City of Toronto,3031,"$2,636,576,288 ","$869,870 ","$699,000 ",5292,57.80%,5665,1.9,100%,20,0
All Home Types,10,2018,Toronto West,862,"$686,255,318 ","$796,120 ","$706,000 ",1418,60.10%,1503,1.9,101%,20,0
All Home Types,10,2018,Toronto Central,1432,"$1,404,359,403 ","$980,698 ","$680,000 ",2576,57.00%,2843,2,99%,19,0
All Home Types,10,2018,Toronto East,737,"$545,961,567 ","$740,789 ","$710,000 ",1298,56.80%,1319,1.8,102%,20,0
All Home Types,10,2018,York Region,1164,"$1,067,396,706 ","$917,007 ","$823,250 ",2960,34.60%,5057,4.7,96%,32,0
All Home Types,10,2018,Aurora,79,"$72,423,126 ","$916,748 ","$810,000 ",217,33.90%,365,4.7,95%,35,0
All Home Types,10,2018,East Gwillimbury,49,"$39,264,976 ","$801,326 ","$780,000 ",109,28.90%,248,6.7,97%,39,0
All Home Types,10,2018,Georgina,74,"$42,747,300 ","$577,666 ","$533,500 ",161,34.70%,276,4.9,96%,36,0
All Home Types,10,2018,King,29,"$35,894,180 ","$1,237,730 ","$1,240,000 ",99,25.30%,243,9,94%,35,0
All Home Types,10,2018,Markham,283,"$262,111,695 ","$926,190 ","$846,000 ",688,38.80%,1070,3.9,97%,30,0
All Home Types,10,2018,Newmarket,119,"$89,407,716 ","$751,325 ","$712,000 ",286,35.40%,429,4.4,97%,26,0
All Home Types,10,2018,Richmond Hill,193,"$191,775,630 ","$993,656 ","$895,000 ",553,31.30%,1008,5.3,96%,36,0
All Home Types,10,2018,Vaughan,276,"$279,677,562 ","$1,013,325 ","$900,000 ",722,35.30%,1129,4.3,97%,29,0
All Home Types,10,2018,Whitchurch-Stouffville,62,"$54,094,521 ","$872,492 ","$802,500 ",125,34.40%,289,5.2,96%,41,0
All Home Types,10,2018,Durham Region,798,"$469,996,820 ","$588,968 ","$555,750 ",1644,48.80%,2082,2.4,98%,24,0
All Home Types,10,2018,Ajax,124,"$76,010,779 ","$612,990 ","$605,250 ",225,53.60%,250,1.9,99%,22,0
All Home Types,10,2018,Brock,20,"$8,868,000 ","$443,400 ","$421,250 ",34,42.20%,78,4.6,98%,35,0
All Home Types,10,2018,Clarington,146,"$78,979,037 ","$540,952 ","$507,500 ",274,51.20%,337,2.2,98%,22,0
All Home Types,10,2018,Oshawa,211,"$105,320,408 ","$499,149 ","$465,000 ",496,45.80%,592,2.5,98%,24,0
All Home Types,10,2018,Pickering,100,"$67,591,557 ","$675,916 ","$635,000 ",194,50.50%,251,2.4,98%,23,0
All Home Types,10,2018,Scugog,30,"$19,333,500 ","$644,450 ","$615,000 ",58,46.60%,107,3.9,97%,36,0
All Home Types,10,2018,Uxbridge,24,"$20,186,250 ","$841,094 ","$791,000 ",55,42.50%,132,4.9,96%,43,0
All Home Types,10,2018,Whitby,143,"$93,707,289 ","$655,296 ","$630,000 ",308,48.60%,335,2.2,98%,23,0
All Home Types,10,2018,Dufferin County,57,"$31,993,788 ","$561,295 ","$527,000 ",56,67.80%,83,1.8,98%,30,0
All Home Types,10,2018,Orangeville,57,"$31,993,788 ","$561,295 ","$527,000 ",56,67.80%,83,1.8,98%,30,0
All Home Types,10,2018,Simcoe County,249,"$152,039,070 ","$610,599 ","$576,000 ",486,39.00%,991,4.7,97%,42,0
All Home Types,10,2018,Adjala-Tosorontio,20,"$15,268,000 ","$763,400 ","$682,500 ",24,51.60%,51,4,96%,40,0
All Home Types,10,2018,Bradford,65,"$42,528,800 ","$654,289 ","$630,000 ",122,38.00%,219,4.4,96%,47,0
All Home Types,10,2018,Innisfil,66,"$39,323,883 ","$595,816 ","$550,000 ",190,28.40%,405,6.9,96%,42,0
All Home Types,10,2018,New Tecumseth,73,"$42,717,987 ","$585,178 ","$570,000 ",107,49.90%,211,3.6,97%,37,0
All Home Types,10,2018,All TRREB Areas,7492,"$6,048,594,504 ","$807,340 ","$683,000 ",14431,49.30%,18926,2.6,99%,24,0
All Home Types,10,2018,City of Toronto,3031,"$2,636,576,288 ","$869,870 ","$699,000 ",5292,57.80%,5665,1.9,100%,20,0
All Home Types,10,2018,Toronto West,862,"$686,255,318 ","$796,120 ","$706,000 ",1418,60.10%,1503,1.9,101%,20,0
All Home Types,10,2018,Toronto W01,60,"$69,052,871 ","$1,150,881 ","$967,750 ",84,72.00%,60,1.1,106%,10,0
All Home Types,10,2018,Toronto W02,92,"$94,701,730 ","$1,029,367 ","$970,500 ",132,69.30%,84,1,107%,10,0
All Home Types,10,2018,Toronto W03,78,"$58,093,343 ","$744,786 ","$710,000 ",97,58.80%,100,1.7,101%,27,0
All Home Types,10,2018,Toronto W04,91,"$62,254,000 ","$684,110 ","$652,900 ",135,54.60%,173,2.4,98%,25,0
All Home Types,10,2018,Toronto W05,98,"$56,833,486 ","$579,934 ","$612,500 ",168,59.30%,239,2.3,98%,25,0
All Home Types,10,2018,Toronto W06,144,"$106,793,232 ","$741,620 ","$655,000 ",272,58.60%,284,2,99%,19,0
All Home Types,10,2018,Toronto W07,36,"$42,830,390 ","$1,189,733 ","$1,055,000 ",60,65.80%,38,1.4,101%,13,0
All Home Types,10,2018,Toronto W08,161,"$134,745,466 ","$836,928 ","$695,000 ",261,60.30%,288,1.7,99%,19,0
All Home Types,10,2018,Toronto W09,35,"$22,131,700 ","$632,334 ","$555,000 ",81,53.40%,96,2.4,101%,19,0
All Home Types,10,2018,Toronto W10,67,"$38,819,100 ","$579,390 ","$648,000 ",128,57.50%,141,2,97%,24,0
All Home Types,10,2018,Toronto Central,1432,"$1,404,359,403 ","$980,698 ","$680,000 ",2576,57.00%,2843,2,99%,19,0
All Home Types,10,2018,Toronto C01,456,"$365,871,708 ","$802,350 ","$639,950 ",716,66.30%,618,1.4,101%,17,0
All Home Types,10,2018,Toronto C02,92,"$149,210,656 ","$1,621,855 ","$1,165,800 ",153,58.40%,147,2,99%,18,0
All Home Types,10,2018,Toronto C03,62,"$80,916,073 ","$1,305,098 ","$1,050,090 ",88,55.50%,80,2,102%,14,0
All Home Types,10,2018,Toronto C04,93,"$159,965,113 ","$1,720,055 ","$1,660,000 ",179,46.80%,187,2.4,99%,16,0
All Home Types,10,2018,Toronto C06,29,"$22,888,526 ","$789,260 ","$560,000 ",59,52.40%,79,2.5,99%,25,0
All Home Types,10,2018,Toronto C07,94,"$85,089,587 ","$905,208 ","$685,000 ",200,44.30%,320,3.3,97%,28,0
All Home Types,10,2018,Toronto C08,158,"$113,345,926 ","$717,379 ","$641,000 ",315,64.50%,265,1.4,101%,14,0
All Home Types,10,2018,Toronto C09,26,"$44,425,000 ","$1,708,654 ","$1,685,000 ",46,60.40%,55,2,100%,21,0
All Home Types,10,2018,Toronto C10,50,"$47,854,800 ","$957,096 ","$728,500 ",92,63.90%,81,1.4,101%,18,0
All Home Types,10,2018,Toronto C11,37,"$43,934,000 ","$1,187,405 ","$901,000 ",71,61.80%,72,1.6,100%,26,0
All Home Types,10,2018,Toronto C12,20,"$51,356,000 ","$2,567,800 ","$2,260,000 ",82,33.50%,162,5.4,96%,25,0
All Home Types,10,2018,Toronto C13,60,"$54,962,065 ","$916,034 ","$767,500 ",110,52.30%,144,2.3,96%,21,0
All Home Types,10,2018,Toronto C14,124,"$96,419,070 ","$777,573 ","$622,500 ",236,51.20%,320,2.5,97%,22,0
All Home Types,10,2018,Toronto C15,131,"$88,120,879 ","$672,678 ","$541,000 ",229,50.60%,313,2.6,98%,26,0
All Home Types,10,2018,Toronto East,737,"$545,961,567 ","$740,789 ","$710,000 ",1298,56.80%,1319,1.8,102%,20,0
All Home Types,10,2018,Toronto E01,94,"$94,306,323 ","$1,003,259 ","$946,000 ",125,68.60%,60,0.9,113%,9,0
All Home Types,10,2018,Toronto E02,57,"$61,864,527 ","$1,085,343 ","$950,000 ",95,66.50%,59,1.1,106%,12,0
All Home Types,10,2018,Toronto E03,92,"$78,592,114 ","$854,262 ","$859,000 ",151,60.50%,125,1.3,103%,13,0
All Home Types,10,2018,Toronto E04,76,"$46,457,230 ","$611,279 ","$671,500 ",138,58.50%,156,1.8,99%,20,0
All Home Types,10,2018,Toronto E05,62,"$40,406,887 ","$651,724 ","$560,000 ",123,48.20%,173,2.7,98%,32,0
All Home Types,10,2018,Toronto E06,36,"$30,221,600 ","$839,489 ","$829,000 ",73,45.70%,87,2.4,98%,22,0
All Home Types,10,2018,Toronto E07,64,"$35,908,200 ","$561,066 ","$436,750 ",128,53.50%,171,2.4,100%,28,0
All Home Types,10,2018,Toronto E08,43,"$32,159,193 ","$747,888 ","$759,000 ",103,53.30%,119,2.2,97%,25,0
All Home Types,10,2018,Toronto E09,92,"$51,172,320 ","$556,221 ","$552,500 ",154,60.50%,135,1.7,100%,26,0
All Home Types,10,2018,Toronto E10,67,"$47,027,074 ","$701,897 ","$710,000 ",107,48.30%,125,2.7,97%,25,0
All Home Types,10,2018,Toronto E11,54,"$27,846,099 ","$515,669 ","$448,500 ",101,59.40%,109,1.8,100%,18,0
All Home Types,11,2018,All TRREB Areas,6251,"$4,927,942,693 ","$788,345 ","$670,000 ",10534,49.80%,16420,2.6,98%,27,0
All Home Types,11,2018,Halton Region,531,"$448,976,524 ","$845,530 ","$725,000 ",927,51.60%,1625,2.7,97%,32,0
All Home Types,11,2018,Burlington,168,"$128,760,941 ","$766,434 ","$678,500 ",247,58.40%,414,2.4,97%,35,0
All Home Types,11,2018,Halton Hills,53,"$42,493,400 ","$801,762 ","$679,900 ",105,57.00%,151,2.1,97%,32,0
All Home Types,11,2018,Milton,121,"$83,879,137 ","$693,216 ","$685,500 ",198,53.90%,299,2.2,98%,25,0
All Home Types,11,2018,Oakville,189,"$193,843,046 ","$1,025,625 ","$840,000 ",377,45.10%,761,3.5,97%,34,0
All Home Types,11,2018,Peel Region,1228,"$883,728,889 ","$719,649 ","$664,000 ",1931,52.80%,2706,2.2,98%,26,0
All Home Types,11,2018,Brampton,592,"$406,000,565 ","$685,812 ","$660,000 ",929,51.20%,1217,2.2,98%,25,0
All Home Types,11,2018,Caledon,64,"$58,583,545 ","$915,368 ","$812,000 ",118,46.70%,264,3.7,96%,32,0
All Home Types,11,2018,Mississauga,572,"$419,144,779 ","$732,771 ","$649,500 ",884,55.20%,1225,2.1,97%,26,0
All Home Types,11,2018,City of Toronto,2563,"$2,159,284,943 ","$842,483 ","$670,000 ",3892,58.00%,4946,1.9,100%,22,0
All Home Types,11,2018,Toronto West,702,"$518,440,699 ","$738,520 ","$657,500 ",996,60.60%,1340,1.9,100%,23,0
All Home Types,11,2018,Toronto Central,1237,"$1,186,583,275 ","$959,243 ","$664,000 ",1962,57.00%,2476,2,99%,22,0
All Home Types,11,2018,Toronto East,624,"$454,260,969 ","$727,982 ","$683,694 ",934,57.30%,1130,1.8,101%,21,0
All Home Types,11,2018,York Region,999,"$886,143,454 ","$887,030 ","$805,000 ",2156,35.40%,4398,4.7,97%,34,0
All Home Types,11,2018,Aurora,78,"$67,369,661 ","$863,714 ","$786,250 ",162,35.30%,301,4.6,98%,32,0
All Home Types,11,2018,East Gwillimbury,34,"$27,816,400 ","$818,129 ","$737,500 ",93,29.90%,213,6.6,96%,49,0
All Home Types,11,2018,Georgina,54,"$31,173,699 ","$577,291 ","$540,000 ",102,34.90%,232,5,96%,41,0
All Home Types,11,2018,King,31,"$42,436,800 ","$1,368,929 ","$1,290,000 ",91,25.40%,229,9,96%,40,0
All Home Types,11,2018,Markham,253,"$219,735,388 ","$868,519 ","$820,000 ",436,40.30%,914,3.8,97%,33,0
All Home Types,11,2018,Newmarket,86,"$59,980,877 ","$697,452 ","$661,750 ",192,36.00%,372,4.4,97%,30,0
All Home Types,11,2018,Richmond Hill,163,"$162,284,921 ","$995,613 ","$887,000 ",408,31.80%,873,5.4,96%,34,0
All Home Types,11,2018,Vaughan,262,"$235,166,915 ","$897,584 ","$840,750 ",588,36.30%,1019,4.3,97%,29,0
All Home Types,11,2018,Whitchurch-Stouffville,38,"$40,178,793 ","$1,057,337 ","$884,250 ",84,34.40%,245,5.4,95%,48,0
All Home Types,11,2018,Durham Region,730,"$430,994,176 ","$590,403 ","$550,000 ",1179,49.10%,1772,2.5,98%,27,0
All Home Types,11,2018,Ajax,113,"$72,035,614 ","$637,483 ","$620,000 ",194,54.50%,226,1.9,98%,22,0
All Home Types,11,2018,Brock,14,"$7,300,400 ","$521,457 ","$467,450 ",29,41.50%,72,4.8,94%,48,0
All Home Types,11,2018,Clarington,118,"$64,327,381 ","$545,147 ","$525,000 ",224,50.30%,306,2.2,98%,27,0
All Home Types,11,2018,Oshawa,221,"$110,906,711 ","$501,840 ","$473,000 ",317,46.50%,462,2.5,98%,27,0
All Home Types,11,2018,Pickering,94,"$66,488,566 ","$707,325 ","$628,250 ",131,52.20%,216,2.4,97%,25,0
All Home Types,11,2018,Scugog,22,"$13,070,040 ","$594,093 ","$538,750 ",27,45.90%,88,4.1,97%,35,0
All Home Types,11,2018,Uxbridge,23,"$17,067,000 ","$742,043 ","$705,000 ",40,41.30%,116,5.1,98%,53,0
All Home Types,11,2018,Whitby,125,"$79,798,464 ","$638,388 ","$600,000 ",217,48.80%,286,2.2,98%,25,0
All Home Types,11,2018,Dufferin County,31,"$16,927,991 ","$546,064 ","$550,000 ",51,66.70%,77,1.9,97%,38,0
All Home Types,11,2018,Orangeville,31,"$16,927,991 ","$546,064 ","$550,000 ",51,66.70%,77,1.9,97%,38,0
All Home Types,11,2018,Simcoe County,169,"$101,886,716 ","$602,880 ","$568,000 ",398,39.00%,896,4.7,97%,43,0
All Home Types,11,2018,Adjala-Tosorontio,8,"$5,264,900 ","$658,113 ","$600,000 ",13,50.20%,47,4,97%,64,0
All Home Types,11,2018,Bradford,54,"$37,115,000 ","$687,315 ","$655,000 ",110,39.00%,195,4.3,96%,38,0
All Home Types,11,2018,Innisfil,45,"$24,716,949 ","$549,266 ","$541,000 ",149,28.10%,375,7,96%,40,0
All Home Types,11,2018,New Tecumseth,41,"$23,416,800 ","$571,141 ","$575,000 ",82,50.40%,183,3.6,98%,43,0
All Home Types,11,2018,All TRREB Areas,6251,"$4,927,942,693 ","$788,345 ","$670,000 ",10534,49.80%,16420,2.6,98%,27,0
All Home Types,11,2018,City of Toronto,2563,"$2,159,284,943 ","$842,483 ","$670,000 ",3892,58.00%,4946,1.9,100%,22,0
All Home Types,11,2018,Toronto West,702,"$518,440,699 ","$738,520 ","$657,500 ",996,60.60%,1340,1.9,100%,23,0
All Home Types,11,2018,Toronto W01,41,"$43,174,501 ","$1,053,037 ","$945,000 ",65,71.20%,57,1.1,102%,19,0
All Home Types,11,2018,Toronto W02,78,"$71,272,545 ","$913,751 ","$837,500 ",87,70.60%,63,1,105%,11,0
All Home Types,11,2018,Toronto W03,58,"$42,280,127 ","$728,968 ","$688,750 ",71,60.20%,84,1.7,102%,21,0
All Home Types,11,2018,Toronto W04,63,"$37,383,600 ","$593,390 ","$499,000 ",122,54.40%,185,2.5,99%,28,0
All Home Types,11,2018,Toronto W05,76,"$42,949,980 ","$565,131 ","$580,500 ",108,58.70%,211,2.4,97%,33,0
All Home Types,11,2018,Toronto W06,123,"$83,084,471 ","$675,484 ","$630,000 ",200,59.10%,263,2,100%,22,0
All Home Types,11,2018,Toronto W07,23,"$30,569,300 ","$1,329,100 ","$1,050,000 ",32,67.70%,30,1.4,97%,13,0
All Home Types,11,2018,Toronto W08,128,"$104,400,175 ","$815,626 ","$553,000 ",155,61.10%,238,1.7,98%,23,0
All Home Types,11,2018,Toronto W09,53,"$32,814,300 ","$619,138 ","$615,000 ",64,56.90%,81,2.3,100%,22,0
All Home Types,11,2018,Toronto W10,59,"$30,511,700 ","$517,147 ","$452,000 ",92,57.00%,128,2.1,97%,28,0
All Home Types,11,2018,Toronto Central,1237,"$1,186,583,275 ","$959,243 ","$664,000 ",1962,57.00%,2476,2,99%,22,0
All Home Types,11,2018,Toronto C01,386,"$292,447,705 ","$757,637 ","$631,000 ",586,66.00%,558,1.4,100%,19,0
All Home Types,11,2018,Toronto C02,82,"$112,366,838 ","$1,370,327 ","$1,130,000 ",113,59.00%,120,2,103%,18,0
All Home Types,11,2018,Toronto C03,36,"$50,831,000 ","$1,411,972 ","$1,029,500 ",57,55.60%,76,2,99%,18,0
All Home Types,11,2018,Toronto C04,65,"$118,121,568 ","$1,817,255 ","$1,590,000 ",133,46.10%,170,2.5,99%,16,0
All Home Types,11,2018,Toronto C06,22,"$17,663,645 ","$802,893 ","$597,500 ",47,52.10%,75,2.6,96%,28,0
All Home Types,11,2018,Toronto C07,81,"$71,271,553 ","$879,896 ","$625,000 ",157,44.60%,282,3.4,96%,35,0
All Home Types,11,2018,Toronto C08,157,"$113,831,100 ","$725,039 ","$618,800 ",227,64.20%,215,1.4,100%,17,0
All Home Types,11,2018,Toronto C09,29,"$65,571,515 ","$2,261,087 ","$1,754,000 ",23,62.60%,30,2,98%,26,0
All Home Types,11,2018,Toronto C10,46,"$43,026,900 ","$935,367 ","$707,500 ",61,64.50%,60,1.4,98%,24,0
All Home Types,11,2018,Toronto C11,37,"$31,449,100 ","$849,976 ","$575,000 ",54,61.10%,70,1.7,99%,22,0
All Home Types,11,2018,Toronto C12,21,"$58,268,388 ","$2,774,685 ","$2,280,000 ",68,32.10%,151,5.6,91%,54,0
All Home Types,11,2018,Toronto C13,57,"$52,813,449 ","$926,552 ","$720,000 ",89,53.60%,119,2.3,99%,21,0
All Home Types,11,2018,Toronto C14,104,"$80,019,988 ","$769,423 ","$592,000 ",174,50.90%,275,2.5,100%,21,0
All Home Types,11,2018,Toronto C15,114,"$78,900,526 ","$692,110 ","$510,000 ",173,51.60%,275,2.6,98%,28,0
All Home Types,11,2018,Toronto East,624,"$454,260,969 ","$727,982 ","$683,694 ",934,57.30%,1130,1.8,101%,21,0
All Home Types,11,2018,Toronto E01,58,"$54,783,229 ","$944,538 ","$903,000 ",93,68.30%,63,0.9,109%,10,0
All Home Types,11,2018,Toronto E02,59,"$66,232,400 ","$1,122,583 ","$1,065,000 ",76,68.70%,51,1,102%,14,0
All Home Types,11,2018,Toronto E03,61,"$58,323,700 ","$956,126 ","$891,300 ",88,61.10%,104,1.3,105%,16,0
All Home Types,11,2018,Toronto E04,89,"$56,330,288 ","$632,925 ","$681,000 ",118,60.00%,129,1.8,100%,24,0
All Home Types,11,2018,Toronto E05,56,"$34,372,800 ","$613,800 ","$585,000 ",92,49.10%,142,2.7,99%,26,0
All Home Types,11,2018,Toronto E06,30,"$25,083,600 ","$836,120 ","$757,500 ",55,45.80%,71,2.5,101%,18,0
All Home Types,11,2018,Toronto E07,55,"$29,506,426 ","$536,480 ","$466,000 ",80,53.90%,146,2.4,97%,34,0
All Home Types,11,2018,Toronto E08,50,"$31,245,811 ","$624,916 ","$625,000 ",81,54.30%,103,2.1,97%,23,0
All Home Types,11,2018,Toronto E09,71,"$38,010,813 ","$535,364 ","$487,000 ",108,60.00%,126,1.7,99%,19,0
All Home Types,11,2018,Toronto E10,46,"$34,021,602 ","$739,600 ","$700,051 ",79,48.30%,112,2.7,97%,25,0
All Home Types,11,2018,Toronto E11,49,"$26,350,300 ","$537,761 ","$512,000 ",64,59.70%,83,1.8,98%,27,0
All Home Types,12,2018,All TRREB Areas,3781,"$2,836,432,431 ","$750,180 ","$653,000 ",4308,49.70%,11431,2.7,97%,31,0
All Home Types,12,2018,Halton Region,351,"$293,584,988 ","$836,424 ","$738,000 ",376,51.50%,1139,2.8,96%,38,0
All Home Types,12,2018,Burlington,103,"$76,877,173 ","$746,380 ","$680,000 ",95,58.10%,283,2.4,97%,40,0
All Home Types,12,2018,Halton Hills,36,"$24,840,200 ","$690,006 ","$632,500 ",33,56.60%,105,2.2,98%,33,0
All Home Types,12,2018,Milton,91,"$65,775,401 ","$722,807 ","$673,777 ",99,54.20%,198,2.2,98%,28,0
All Home Types,12,2018,Oakville,121,"$126,092,214 ","$1,042,084 ","$910,000 ",149,44.90%,553,3.5,95%,44,0
All Home Types,12,2018,Peel Region,782,"$548,515,686 ","$701,427 ","$650,000 ",878,52.80%,1896,2.2,97%,28,0
All Home Types,12,2018,Brampton,379,"$263,774,648 ","$695,975 ","$659,000 ",483,51.20%,906,2.2,98%,27,0
All Home Types,12,2018,Caledon,43,"$42,119,190 ","$979,516 ","$845,000 ",59,46.50%,198,3.7,95%,35,0
All Home Types,12,2018,Mississauga,360,"$242,621,848 ","$673,950 ","$610,000 ",336,55.30%,792,2.1,97%,29,0
All Home Types,12,2018,City of Toronto,1473,"$1,123,349,728 ","$762,627 ","$640,000 ",1426,57.90%,3270,1.9,98%,27,0
All Home Types,12,2018,Toronto West,445,"$303,103,631 ","$681,132 ","$617,000 ",421,60.40%,911,1.9,99%,28,0
All Home Types,12,2018,Toronto Central,640,"$559,655,787 ","$874,462 ","$650,000 ",653,56.60%,1636,2,98%,26,0
All Home Types,12,2018,Toronto East,388,"$260,590,310 ","$671,625 ","$645,000 ",352,57.70%,723,1.8,100%,26,0
All Home Types,12,2018,York Region,590,"$526,420,269 ","$892,238 ","$810,000 ",861,35.40%,3092,4.7,96%,37,0
All Home Types,12,2018,Aurora,44,"$41,216,600 ","$936,741 ","$806,500 ",56,35.90%,194,4.5,96%,46,0
All Home Types,12,2018,East Gwillimbury,20,"$16,794,300 ","$839,715 ","$834,000 ",41,29.90%,168,6.6,95%,48,0
All Home Types,12,2018,Georgina,33,"$18,125,700 ","$549,264 ","$500,000 ",64,33.90%,178,5.1,96%,42,0
All Home Types,12,2018,King,7,"$12,750,000 ","$1,821,429 ","$1,350,000 ",30,25.00%,177,9.2,96%,46,0
All Home Types,12,2018,Markham,142,"$120,958,031 ","$851,817 ","$778,000 ",217,40.10%,659,3.9,95%,35,0
All Home Types,12,2018,Newmarket,64,"$44,275,000 ","$691,797 ","$707,500 ",60,36.60%,238,4.4,97%,32,0
All Home Types,12,2018,Richmond Hill,100,"$100,635,300 ","$1,006,353 ","$892,500 ",149,31.90%,615,5.4,95%,39,0
All Home Types,12,2018,Vaughan,155,"$150,585,650 ","$971,520 ","$890,000 ",214,36.30%,702,4.3,97%,36,0
All Home Types,12,2018,Whitchurch-Stouffville,25,"$21,079,688 ","$843,188 ","$725,000 ",30,34.50%,161,5.4,97%,33,0
All Home Types,12,2018,Durham Region,446,"$261,891,345 ","$587,200 ","$555,000 ",543,49.00%,1289,2.5,98%,34,0
All Home Types,12,2018,Ajax,85,"$56,451,280 ","$664,133 ","$620,000 ",78,55.00%,142,1.9,98%,31,0
All Home Types,12,2018,Brock,10,"$3,981,000 ","$398,100 ","$380,000 ",18,42.10%,64,4.8,97%,77,0
All Home Types,12,2018,Clarington,69,"$38,591,800 ","$559,301 ","$545,000 ",79,50.20%,233,2.3,97%,38,0
All Home Types,12,2018,Oshawa,128,"$66,160,578 ","$516,880 ","$475,000 ",186,46.00%,357,2.5,98%,29,0
All Home Types,12,2018,Pickering,57,"$37,573,888 ","$659,191 ","$620,000 ",77,51.90%,160,2.4,98%,32,0
All Home Types,12,2018,Scugog,12,"$7,167,000 ","$597,250 ","$587,500 ",21,45.60%,65,4.1,95%,56,0
All Home Types,12,2018,Uxbridge,15,"$9,844,500 ","$656,300 ","$635,000 ",10,42.90%,75,5,97%,56,0
All Home Types,12,2018,Whitby,70,"$42,121,299 ","$601,733 ","$566,250 ",74,48.90%,193,2.3,98%,29,0
All Home Types,12,2018,Dufferin County,37,"$19,408,165 ","$524,545 ","$515,000 ",34,66.40%,50,1.9,98%,32,0
All Home Types,12,2018,Orangeville,37,"$19,408,165 ","$524,545 ","$515,000 ",34,66.40%,50,1.9,98%,32,0
All Home Types,12,2018,Simcoe County,102,"$63,262,250 ","$620,218 ","$558,750 ",190,38.60%,695,4.8,97%,46,0
All Home Types,12,2018,Adjala-Tosorontio,8,"$5,635,000 ","$704,375 ","$581,500 ",12,48.10%,35,4.2,95%,53,0
All Home Types,12,2018,Bradford,35,"$24,376,500 ","$696,471 ","$720,000 ",31,40.60%,143,4.2,97%,48,0
All Home Types,12,2018,Innisfil,25,"$15,488,000 ","$619,520 ","$522,500 ",80,27.90%,283,7.1,97%,40,0
All Home Types,12,2018,New Tecumseth,28,"$15,064,250 ","$538,009 ","$535,000 ",42,48.80%,149,3.7,97%,46,0
All Home Types,12,2018,All TRREB Areas,3781,"$2,836,432,431 ","$750,180 ","$653,000 ",4308,49.70%,11431,2.7,97%,31,0
All Home Types,12,2018,City of Toronto,1473,"$1,123,349,728 ","$762,627 ","$640,000 ",1426,57.90%,3270,1.9,98%,27,0
All Home Types,12,2018,Toronto West,445,"$303,103,631 ","$681,132 ","$617,000 ",421,60.40%,911,1.9,99%,28,0
All Home Types,12,2018,Toronto W01,25,"$20,672,200 ","$826,888 ","$695,000 ",15,71.70%,24,1.1,102%,28,0
All Home Types,12,2018,Toronto W02,32,"$27,478,000 ","$858,688 ","$809,500 ",36,69.60%,40,1,104%,17,0
All Home Types,12,2018,Toronto W03,31,"$22,071,407 ","$711,981 ","$738,000 ",29,60.00%,54,1.7,100%,21,0
All Home Types,12,2018,Toronto W04,56,"$33,305,923 ","$594,749 ","$573,500 ",50,54.70%,132,2.5,99%,32,0
All Home Types,12,2018,Toronto W05,67,"$38,013,654 ","$567,368 ","$635,000 ",68,58.50%,160,2.4,97%,34,0
All Home Types,12,2018,Toronto W06,68,"$44,107,519 ","$648,640 ","$580,000 ",82,58.20%,208,2.1,100%,23,0
All Home Types,12,2018,Toronto W07,7,"$8,555,500 ","$1,222,214 ","$1,228,000 ",3,66.70%,18,1.4,99%,38,0
All Home Types,12,2018,Toronto W08,83,"$62,955,288 ","$758,497 ","$535,000 ",67,60.80%,141,1.8,97%,28,0
All Home Types,12,2018,Toronto W09,31,"$25,141,740 ","$811,024 ","$699,900 ",21,58.70%,41,2.1,95%,31,0
All Home Types,12,2018,Toronto W10,45,"$20,802,400 ","$462,276 ","$395,000 ",50,57.70%,93,2,97%,27,0
All Home Types,12,2018,Toronto Central,640,"$559,655,787 ","$874,462 ","$650,000 ",653,56.60%,1636,2,98%,26,0
All Home Types,12,2018,Toronto C01,233,"$183,614,681 ","$788,046 ","$655,000 ",195,66.30%,345,1.4,99%,22,0
All Home Types,12,2018,Toronto C02,28,"$35,920,976 ","$1,282,892 ","$905,000 ",36,58.30%,80,2,98%,32,0
All Home Types,12,2018,Toronto C03,21,"$28,541,218 ","$1,359,106 ","$1,007,000 ",16,55.30%,40,2,100%,18,0
All Home Types,12,2018,Toronto C04,24,"$30,023,299 ","$1,250,971 ","$1,040,000 ",26,45.90%,98,2.6,95%,29,0
All Home Types,12,2018,Toronto C06,20,"$15,904,500 ","$795,225 ","$631,500 ",14,53.20%,43,2.5,97%,34,0
All Home Types,12,2018,Toronto C07,50,"$39,538,600 ","$790,772 ","$617,250 ",46,44.90%,177,3.4,96%,35,0
All Home Types,12,2018,Toronto C08,72,"$47,189,461 ","$655,409 ","$595,000 ",82,62.60%,145,1.4,99%,20,0
All Home Types,12,2018,Toronto C09,12,"$18,244,000 ","$1,520,333 ","$1,198,750 ",9,63.50%,14,1.9,101%,28,0
All Home Types,12,2018,Toronto C10,23,"$23,122,500 ","$1,005,326 ","$682,000 ",20,63.90%,30,1.4,96%,23,0
All Home Types,12,2018,Toronto C11,23,"$17,778,638 ","$772,984 ","$434,500 ",28,61.30%,48,1.7,98%,34,0
All Home Types,12,2018,Toronto C12,12,"$25,239,000 ","$2,103,250 ","$1,310,000 ",18,31.60%,111,5.9,90%,34,0
All Home Types,12,2018,Toronto C13,14,"$13,299,000 ","$949,929 ","$646,500 ",23,52.10%,87,2.4,97%,19,0
All Home Types,12,2018,Toronto C14,58,"$49,980,288 ","$861,729 ","$626,750 ",67,49.80%,203,2.6,95%,33,0
All Home Types,12,2018,Toronto C15,50,"$31,259,626 ","$625,193 ","$520,250 ",73,50.40%,215,2.7,98%,28,0
All Home Types,12,2018,Toronto East,388,"$260,590,310 ","$671,625 ","$645,000 ",352,57.70%,723,1.8,100%,26,0
All Home Types,12,2018,Toronto E01,31,"$29,056,000 ","$937,290 ","$850,000 ",23,69.10%,30,0.9,107%,13,0
All Home Types,12,2018,Toronto E02,19,"$21,733,900 ","$1,143,889 ","$950,000 ",16,68.00%,27,1,100%,25,0
All Home Types,12,2018,Toronto E03,46,"$38,679,087 ","$840,850 ","$815,000 ",34,62.40%,47,1.3,101%,20,0
All Home Types,12,2018,Toronto E04,55,"$30,001,800 ","$545,487 ","$563,000 ",46,60.10%,80,1.7,99%,24,0
All Home Types,12,2018,Toronto E05,40,"$24,485,750 ","$612,144 ","$553,000 ",46,50.10%,108,2.7,97%,35,0
All Home Types,12,2018,Toronto E06,26,"$19,779,900 ","$760,765 ","$655,000 ",21,47.10%,40,2.4,98%,26,0
All Home Types,12,2018,Toronto E07,38,"$19,603,708 ","$515,887 ","$407,500 ",36,53.50%,95,2.4,98%,37,0
All Home Types,12,2018,Toronto E08,32,"$20,882,515 ","$652,579 ","$693,000 ",30,55.70%,63,2.1,97%,27,0
All Home Types,12,2018,Toronto E09,50,"$28,328,200 ","$566,564 ","$525,000 ",46,60.10%,85,1.7,99%,26,0
All Home Types,12,2018,Toronto E10,24,"$14,611,700 ","$608,821 ","$627,950 ",20,48.60%,81,2.7,98%,30,0
All Home Types,12,2018,Toronto E11,27,"$13,427,750 ","$497,324 ","$498,000 ",34,59.40%,67,1.8,99%,28,0
All Home Types,1,2019,All TRREB Areas,4009,"$3,000,045,686 ","$748,328 ","$650,000 ",9456,49.40%,11962,2.7,98%,33,0
All Home Types,1,2019,Halton Region,425,"$363,270,505 ","$854,754 ","$752,500 ",980,51.20%,1265,2.7,97%,37,0
All Home Types,1,2019,Burlington,124,"$90,134,814 ","$726,894 ","$665,000 ",262,57.50%,322,2.4,97%,32,0
All Home Types,1,2019,Halton Hills,40,"$30,115,350 ","$752,884 ","$677,675 ",90,55.50%,115,2.2,97%,37,0
All Home Types,1,2019,Milton,108,"$82,364,577 ","$762,635 ","$735,000 ",208,54.10%,224,2.2,98%,36,0
All Home Types,1,2019,Oakville,153,"$160,655,764 ","$1,050,038 ","$920,000 ",420,44.90%,604,3.5,96%,43,0
All Home Types,1,2019,Peel Region,894,"$622,840,642 ","$696,690 ","$649,250 ",1713,52.70%,1896,2.2,98%,29,0
All Home Types,1,2019,Brampton,466,"$316,245,522 ","$678,638 ","$651,000 ",800,51.50%,829,2.2,98%,29,0
All Home Types,1,2019,Caledon,42,"$34,278,155 ","$816,147 ","$810,000 ",116,46.20%,190,3.7,97%,44,0
All Home Types,1,2019,Mississauga,386,"$272,316,965 ","$705,484 ","$603,750 ",797,54.80%,877,2.1,97%,29,0
All Home Types,1,2019,City of Toronto,1422,"$1,105,852,860 ","$777,674 ","$647,000 ",3144,57.30%,3575,1.9,99%,29,0
All Home Types,1,2019,Toronto West,411,"$279,166,494 ","$679,237 ","$623,000 ",816,59.90%,957,1.9,99%,29,0
All Home Types,1,2019,Toronto Central,656,"$577,985,671 ","$881,076 ","$640,000 ",1677,55.70%,1903,2,98%,28,0
All Home Types,1,2019,Toronto East,355,"$248,700,695 ","$700,565 ","$675,000 ",651,57.70%,715,1.8,101%,31,0
All Home Types,1,2019,York Region,589,"$513,219,697 ","$871,341 ","$795,000 ",1994,35.40%,3095,4.7,96%,41,0
All Home Types,1,2019,Aurora,51,"$43,875,200 ","$860,298 ","$752,000 ",143,36.00%,190,4.5,91%,40,0
All Home Types,1,2019,East Gwillimbury,22,"$20,049,499 ","$911,341 ","$823,500 ",102,30.00%,181,6.5,95%,65,0
All Home Types,1,2019,Georgina,40,"$22,837,600 ","$570,940 ","$517,250 ",127,34.30%,179,5,96%,40,0
All Home Types,1,2019,King,18,"$23,716,260 ","$1,317,570 ","$1,187,500 ",78,25.30%,167,9.1,96%,62,0
All Home Types,1,2019,Markham,150,"$121,596,628 ","$810,644 ","$795,500 ",473,39.80%,673,3.9,98%,36,0
All Home Types,1,2019,Newmarket,48,"$36,028,300 ","$750,590 ","$730,000 ",168,36.60%,256,4.4,97%,41,0
All Home Types,1,2019,Richmond Hill,111,"$102,542,760 ","$923,809 ","$780,000 ",347,32.00%,590,5.4,94%,39,0
All Home Types,1,2019,Vaughan,129,"$122,999,150 ","$953,482 ","$868,000 ",464,36.00%,691,4.3,97%,40,0
All Home Types,1,2019,Whitchurch-Stouffville,20,"$19,574,300 ","$978,715 ","$808,500 ",92,34.40%,168,5.5,96%,46,0
All Home Types,1,2019,Durham Region,508,"$293,591,182 ","$577,935 ","$535,000 ",1181,48.60%,1378,2.5,98%,32,0
All Home Types,1,2019,Ajax,69,"$45,064,300 ","$653,106 ","$634,000 ",147,54.60%,156,1.9,98%,25,0
All Home Types,1,2019,Brock,13,"$6,238,500 ","$479,885 ","$522,000 ",28,43.40%,60,4.8,96%,39,0
All Home Types,1,2019,Clarington,101,"$55,657,700 ","$551,066 ","$520,000 ",251,49.30%,269,2.3,98%,29,0
All Home Types,1,2019,Oshawa,156,"$75,482,183 ","$483,860 ","$458,850 ",333,45.80%,358,2.5,98%,29,0
All Home Types,1,2019,Pickering,50,"$33,943,599 ","$678,872 ","$655,500 ",120,52.30%,163,2.4,99%,30,0
All Home Types,1,2019,Scugog,17,"$13,747,500 ","$808,676 ","$635,000 ",40,44.60%,65,4.1,94%,60,0
All Home Types,1,2019,Uxbridge,19,"$14,310,500 ","$753,184 ","$680,000 ",55,41.40%,86,5.2,97%,71,0
All Home Types,1,2019,Whitby,83,"$49,146,900 ","$592,131 ","$550,000 ",207,48.20%,221,2.3,97%,32,0
All Home Types,1,2019,Dufferin County,30,"$16,059,300 ","$535,310 ","$519,500 ",56,65.70%,59,1.8,99%,29,0
All Home Types,1,2019,Orangeville,30,"$16,059,300 ","$535,310 ","$519,500 ",56,65.70%,59,1.8,99%,29,0
All Home Types,1,2019,Simcoe County,141,"$85,211,500 ","$604,337 ","$575,000 ",388,38.40%,694,4.8,97%,50,0
All Home Types,1,2019,Adjala-Tosorontio,7,"$4,482,300 ","$640,329 ","$639,900 ",15,48.30%,36,4.1,97%,39,0
All Home Types,1,2019,Bradford,37,"$25,706,000 ","$694,757 ","$660,000 ",100,40.20%,138,4.2,98%,41,0
All Home Types,1,2019,Innisfil,48,"$28,316,000 ","$589,917 ","$523,250 ",157,28.10%,284,7.1,97%,55,0
All Home Types,1,2019,New Tecumseth,36,"$19,995,800 ","$555,439 ","$552,000 ",69,49.40%,137,3.7,97%,55,0
All Home Types,1,2019,All TRREB Areas,4009,"$3,000,045,686 ","$748,328 ","$650,000 ",9456,49.40%,11962,2.7,98%,33,0
All Home Types,1,2019,City of Toronto,1422,"$1,105,852,860 ","$777,674 ","$647,000 ",3144,57.30%,3575,1.9,99%,29,0
All Home Types,1,2019,Toronto West,411,"$279,166,494 ","$679,237 ","$623,000 ",816,59.90%,957,1.9,99%,29,0
All Home Types,1,2019,Toronto W01,14,"$8,441,500 ","$602,964 ","$543,500 ",27,71.60%,22,1.1,100%,17,0
All Home Types,1,2019,Toronto W02,33,"$29,817,748 ","$903,568 ","$785,000 ",57,68.90%,44,1,106%,12,0
All Home Types,1,2019,Toronto W03,22,"$17,444,000 ","$792,909 ","$764,000 ",43,60.90%,46,1.7,98%,28,0
All Home Types,1,2019,Toronto W04,42,"$25,691,279 ","$611,697 ","$550,250 ",91,53.80%,135,2.5,98%,35,0
All Home Types,1,2019,Toronto W05,61,"$36,997,314 ","$606,513 ","$640,000 ",118,58.30%,163,2.4,97%,39,0
All Home Types,1,2019,Toronto W06,86,"$59,898,153 ","$696,490 ","$614,000 ",186,57.70%,230,2.1,99%,28,0
All Home Types,1,2019,Toronto W07,8,"$8,866,000 ","$1,108,250 ","$1,097,500 ",14,65.10%,16,1.4,98%,22,0
All Home Types,1,2019,Toronto W08,71,"$51,993,700 ","$732,306 ","$517,000 ",148,60.50%,157,1.8,98%,27,0
All Home Types,1,2019,Toronto W09,21,"$13,641,500 ","$649,595 ","$581,000 ",51,56.80%,51,2.2,98%,34,0
All Home Types,1,2019,Toronto W10,53,"$26,375,300 ","$497,647 ","$423,000 ",81,56.40%,93,2.1,97%,34,0
All Home Types,1,2019,Toronto Central,656,"$577,985,671 ","$881,076 ","$640,000 ",1677,55.70%,1903,2,98%,28,0
All Home Types,1,2019,Toronto C01,207,"$146,273,169 ","$706,634 ","$620,000 ",446,65.10%,430,1.4,100%,25,0
All Home Types,1,2019,Toronto C02,35,"$51,385,600 ","$1,468,160 ","$1,185,500 ",99,57.40%,109,2,97%,28,0
All Home Types,1,2019,Toronto C03,19,"$24,034,000 ","$1,264,947 ","$1,050,000 ",58,54.90%,55,2,103%,12,0
All Home Types,1,2019,Toronto C04,25,"$38,476,400 ","$1,539,056 ","$1,462,000 ",94,44.90%,121,2.6,97%,31,0
All Home Types,1,2019,Toronto C06,13,"$10,023,688 ","$771,053 ","$609,000 ",36,52.20%,45,2.5,97%,20,0
All Home Types,1,2019,Toronto C07,45,"$35,243,290 ","$783,184 ","$600,000 ",118,44.30%,177,3.4,94%,45,0
All Home Types,1,2019,Toronto C08,80,"$58,609,325 ","$732,617 ","$610,000 ",219,61.00%,209,1.4,100%,19,0
All Home Types,1,2019,Toronto C09,9,"$22,350,900 ","$2,483,433 ","$1,850,000 ",30,62.60%,31,1.9,104%,13,0
All Home Types,1,2019,Toronto C10,34,"$30,930,988 ","$909,735 ","$709,500 ",61,64.50%,42,1.3,100%,17,0
All Home Types,1,2019,Toronto C11,24,"$14,021,788 ","$584,241 ","$441,000 ",38,61.90%,43,1.6,99%,21,0
All Home Types,1,2019,Toronto C12,12,"$23,836,525 ","$1,986,377 ","$1,112,250 ",80,29.80%,131,6.2,92%,40,0
All Home Types,1,2019,Toronto C13,27,"$26,987,399 ","$999,533 ","$699,999 ",70,52.00%,81,2.4,97%,38,0
All Home Types,1,2019,Toronto C14,61,"$51,554,300 ","$845,152 ","$599,000 ",165,49.20%,211,2.7,96%,31,0
All Home Types,1,2019,Toronto C15,65,"$44,258,299 ","$680,897 ","$580,000 ",163,49.50%,218,2.8,98%,37,0
All Home Types,1,2019,Toronto East,355,"$248,700,695 ","$700,565 ","$675,000 ",651,57.70%,715,1.8,101%,31,0
All Home Types,1,2019,Toronto E01,20,"$20,361,423 ","$1,018,071 ","$960,000 ",41,68.40%,37,0.9,111%,16,0
All Home Types,1,2019,Toronto E02,20,"$20,028,200 ","$1,001,410 ","$951,500 ",36,68.50%,33,1,110%,19,0
All Home Types,1,2019,Toronto E03,28,"$27,725,625 ","$990,201 ","$865,000 ",53,62.30%,57,1.3,106%,23,0
All Home Types,1,2019,Toronto E04,57,"$36,347,500 ","$637,675 ","$675,000 ",91,60.50%,87,1.7,99%,27,0
All Home Types,1,2019,Toronto E05,41,"$28,425,800 ","$693,312 ","$559,000 ",69,51.10%,81,2.6,97%,36,0
All Home Types,1,2019,Toronto E06,15,"$11,027,000 ","$735,133 ","$630,000 ",38,45.40%,45,2.5,99%,19,0
All Home Types,1,2019,Toronto E07,45,"$26,336,589 ","$585,258 ","$450,000 ",75,53.90%,91,2.4,97%,40,0
All Home Types,1,2019,Toronto E08,25,"$15,486,000 ","$619,440 ","$661,000 ",43,55.40%,59,2.1,99%,39,0
All Home Types,1,2019,Toronto E09,52,"$26,916,276 ","$517,621 ","$443,000 ",78,60.30%,70,1.7,99%,30,0
All Home Types,1,2019,Toronto E10,25,"$19,173,582 ","$766,943 ","$730,000 ",51,49.00%,74,2.7,98%,45,0
All Home Types,1,2019,Toronto E11,27,"$16,872,700 ","$624,915 ","$590,000 ",76,57.50%,81,1.8,97%,29,0
All Home Types,2,2019,All TRREB Areas,5025,"$3,921,495,250 ","$780,397 ","$674,900 ",9828,49.50%,13284,2.7,99%,25,0
All Home Types,2,2019,Halton Region,508,"$402,634,223 ","$792,587 ","$717,500 ",1053,51.20%,1461,2.8,98%,27,0
All Home Types,2,2019,Burlington,151,"$104,594,728 ","$692,680 ","$643,500 ",268,57.60%,364,2.4,98%,30,0
All Home Types,2,2019,Halton Hills,55,"$38,776,949 ","$705,035 ","$670,500 ",108,55.30%,132,2.2,98%,24,0
All Home Types,2,2019,Milton,144,"$103,410,705 ","$718,130 ","$680,500 ",250,54.40%,251,2.1,98%,22,0
All Home Types,2,2019,Oakville,158,"$155,851,841 ","$986,404 ","$884,000 ",427,44.50%,714,3.6,97%,31,0
All Home Types,2,2019,Peel Region,1055,"$751,817,135 ","$712,623 ","$667,500 ",1801,53.00%,2052,2.2,98%,21,0
All Home Types,2,2019,Brampton,488,"$341,593,957 ","$699,988 ","$674,500 ",806,51.90%,865,2.1,98%,22,0
All Home Types,2,2019,Caledon,44,"$37,520,400 ","$852,736 ","$785,950 ",124,45.50%,232,3.8,97%,37,0
All Home Types,2,2019,Mississauga,523,"$372,702,778 ","$712,625 ","$636,000 ",871,55.20%,955,2.1,98%,20,0
All Home Types,2,2019,City of Toronto,1879,"$1,578,755,992 ","$840,211 ","$677,000 ",3301,57.10%,3932,2,100%,22,0
All Home Types,2,2019,Toronto West,518,"$385,035,624 ","$743,312 ","$650,000 ",908,59.30%,1090,1.9,100%,21,0
All Home Types,2,2019,Toronto Central,913,"$864,901,910 ","$947,319 ","$685,000 ",1638,55.60%,2033,2.1,99%,23,0
All Home Types,2,2019,Toronto East,448,"$328,818,458 ","$733,970 ","$700,000 ",755,57.60%,809,1.8,103%,22,0
All Home Types,2,2019,York Region,795,"$728,011,061 ","$915,737 ","$830,000 ",2058,35.60%,3480,4.7,97%,31,0
All Home Types,2,2019,Aurora,50,"$46,962,650 ","$939,253 ","$790,000 ",152,36.20%,238,4.5,98%,32,0
All Home Types,2,2019,East Gwillimbury,34,"$26,310,300 ","$773,832 ","$761,000 ",107,30.20%,200,6.5,97%,43,0
All Home Types,2,2019,Georgina,46,"$26,590,515 ","$578,055 ","$598,000 ",122,34.80%,206,5,97%,35,0
All Home Types,2,2019,King,16,"$22,330,500 ","$1,395,656 ","$1,198,000 ",68,25.50%,186,9.1,95%,33,0
All Home Types,2,2019,Markham,189,"$169,538,845 ","$897,031 ","$839,999 ",429,40.20%,719,3.8,97%,28,0
All Home Types,2,2019,Newmarket,79,"$62,601,014 ","$792,418 ","$760,000 ",200,37.10%,298,4.3,97%,32,0
All Home Types,2,2019,Richmond Hill,153,"$157,785,187 ","$1,031,276 ","$900,000 ",390,32.50%,669,5.4,96%,34,0
All Home Types,2,2019,Vaughan,193,"$185,564,650 ","$961,475 ","$880,000 ",495,36.00%,781,4.3,97%,26,0
All Home Types,2,2019,Whitchurch-Stouffville,35,"$30,327,400 ","$866,497 ","$785,000 ",95,34.60%,183,5.6,97%,45,0
All Home Types,2,2019,Durham Region,585,"$339,734,449 ","$580,743 ","$555,000 ",1140,48.70%,1503,2.5,98%,24,0
All Home Types,2,2019,Ajax,101,"$65,749,650 ","$650,987 ","$610,000 ",159,55.00%,158,1.9,99%,22,0
All Home Types,2,2019,Brock,12,"$5,224,500 ","$435,375 ","$436,750 ",27,43.00%,61,4.9,95%,36,0
All Home Types,2,2019,Clarington,110,"$60,258,199 ","$547,802 ","$512,000 ",240,48.70%,293,2.4,98%,23,0
All Home Types,2,2019,Oshawa,155,"$74,693,301 ","$481,892 ","$460,000 ",300,45.80%,387,2.6,99%,24,0
All Home Types,2,2019,Pickering,69,"$44,057,100 ","$638,509 ","$580,000 ",143,52.30%,190,2.4,99%,22,0
All Home Types,2,2019,Scugog,17,"$11,435,900 ","$672,700 ","$568,500 ",31,46.40%,70,4,97%,36,0
All Home Types,2,2019,Uxbridge,20,"$15,593,499 ","$779,675 ","$738,750 ",43,41.80%,96,5.3,96%,32,0
All Home Types,2,2019,Whitby,101,"$62,722,300 ","$621,013 ","$586,500 ",197,48.40%,248,2.3,99%,21,0
All Home Types,2,2019,Dufferin County,34,"$18,099,340 ","$532,334 ","$520,950 ",47,65.90%,62,1.8,98%,27,0
All Home Types,2,2019,Orangeville,34,"$18,099,340 ","$532,334 ","$520,950 ",47,65.90%,62,1.8,98%,27,0
All Home Types,2,2019,Simcoe County,169,"$102,443,050 ","$606,172 ","$568,500 ",428,38.90%,794,4.8,97%,42,0
All Home Types,2,2019,Adjala-Tosorontio,11,"$7,068,400 ","$642,582 ","$675,000 ",11,50.90%,34,4.1,96%,70,0
All Home Types,2,2019,Bradford,46,"$31,402,500 ","$682,663 ","$687,500 ",104,41.10%,151,4.1,97%,32,0
All Home Types,2,2019,Innisfil,50,"$26,829,350 ","$536,587 ","$515,750 ",148,29.00%,321,7,96%,42,0
All Home Types,2,2019,New Tecumseth,38,"$25,006,500 ","$658,066 ","$575,000 ",104,48.40%,174,3.8,99%,52,0
All Home Types,2,2019,All TRREB Areas,5025,"$3,921,495,250 ","$780,397 ","$674,900 ",9828,49.50%,13284,2.7,99%,25,0
All Home Types,2,2019,City of Toronto,1879,"$1,578,755,992 ","$840,211 ","$677,000 ",3301,57.10%,3932,2,100%,22,0
All Home Types,2,2019,Toronto West,518,"$385,035,624 ","$743,312 ","$650,000 ",908,59.30%,1090,1.9,100%,21,0
All Home Types,2,2019,Toronto W01,23,"$23,671,300 ","$1,029,187 ","$899,000 ",50,71.00%,41,1.1,108%,13,0
All Home Types,2,2019,Toronto W02,37,"$34,630,100 ","$935,949 ","$930,000 ",75,67.40%,70,1,104%,13,0
All Home Types,2,2019,Toronto W03,34,"$25,187,600 ","$740,812 ","$737,150 ",60,59.70%,60,1.7,104%,18,0
All Home Types,2,2019,Toronto W04,55,"$36,407,200 ","$661,949 ","$615,000 ",81,54.60%,129,2.5,99%,20,0
All Home Types,2,2019,Toronto W05,81,"$50,180,040 ","$619,507 ","$649,000 ",109,58.50%,163,2.4,98%,27,0
All Home Types,2,2019,Toronto W06,99,"$71,741,311 ","$724,660 ","$652,000 ",198,56.70%,260,2.1,99%,23,0
All Home Types,2,2019,Toronto W07,7,"$7,226,000 ","$1,032,286 ","$1,080,000 ",22,64.20%,23,1.4,101%,9,0
All Home Types,2,2019,Toronto W08,104,"$91,070,099 ","$875,674 ","$560,150 ",198,59.20%,199,1.8,100%,17,0
All Home Types,2,2019,Toronto W09,28,"$18,806,900 ","$671,675 ","$704,500 ",55,56.50%,62,2.2,100%,20,0
All Home Types,2,2019,Toronto W10,50,"$26,115,074 ","$522,301 ","$435,000 ",60,57.20%,83,2.1,98%,27,0
All Home Types,2,2019,Toronto Central,913,"$864,901,910 ","$947,319 ","$685,000 ",1638,55.60%,2033,2.1,99%,23,0
All Home Types,2,2019,Toronto C01,289,"$222,455,123 ","$769,741 ","$660,000 ",493,64.50%,480,1.4,101%,19,0
All Home Types,2,2019,Toronto C02,57,"$87,790,040 ","$1,540,176 ","$1,200,000 ",81,58.60%,102,2,100%,27,0
All Home Types,2,2019,Toronto C03,39,"$64,620,418 ","$1,656,934 ","$1,358,000 ",57,57.20%,58,1.9,101%,22,0
All Home Types,2,2019,Toronto C04,42,"$64,209,070 ","$1,528,787 ","$1,515,000 ",99,44.70%,145,2.7,98%,23,0
All Home Types,2,2019,Toronto C06,25,"$19,667,124 ","$786,685 ","$558,800 ",33,52.10%,41,2.5,94%,17,0
All Home Types,2,2019,Toronto C07,54,"$48,784,400 ","$903,415 ","$672,500 ",137,44.10%,199,3.4,97%,26,0
All Home Types,2,2019,Toronto C08,127,"$93,675,938 ","$737,606 ","$637,000 ",203,60.90%,215,1.5,100%,20,0
All Home Types,2,2019,Toronto C09,14,"$20,259,575 ","$1,447,113 ","$929,500 ",25,62.10%,34,1.9,100%,33,0
All Home Types,2,2019,Toronto C10,37,"$34,717,300 ","$938,305 ","$660,000 ",66,65.20%,53,1.3,100%,17,0
All Home Types,2,2019,Toronto C11,28,"$27,044,118 ","$965,861 ","$675,000 ",34,62.50%,39,1.6,96%,27,0
All Home Types,2,2019,Toronto C12,17,"$33,001,200 ","$1,941,247 ","$1,070,100 ",48,30.30%,140,6.3,96%,24,0
All Home Types,2,2019,Toronto C13,42,"$29,717,726 ","$707,565 ","$558,500 ",82,51.80%,96,2.4,98%,17,0
All Home Types,2,2019,Toronto C14,66,"$62,090,978 ","$940,772 ","$611,400 ",135,48.90%,218,2.7,94%,30,0
All Home Types,2,2019,Toronto C15,76,"$56,868,900 ","$748,275 ","$552,500 ",145,49.30%,213,2.8,97%,31,0
All Home Types,2,2019,Toronto East,448,"$328,818,458 ","$733,970 ","$700,000 ",755,57.60%,809,1.8,103%,22,0
All Home Types,2,2019,Toronto E01,39,"$40,958,400 ","$1,050,215 ","$999,000 ",73,67.30%,58,0.9,111%,8,0
All Home Types,2,2019,Toronto E02,30,"$32,680,226 ","$1,089,341 ","$1,027,500 ",78,64.70%,63,1.1,109%,11,0
All Home Types,2,2019,Toronto E03,44,"$46,758,050 ","$1,062,683 ","$1,011,250 ",90,60.70%,75,1.4,108%,16,0
All Home Types,2,2019,Toronto E04,60,"$38,393,325 ","$639,889 ","$667,500 ",91,60.40%,95,1.7,101%,24,0
All Home Types,2,2019,Toronto E05,55,"$35,112,418 ","$638,408 ","$566,000 ",70,52.70%,77,2.5,99%,32,0
All Home Types,2,2019,Toronto E06,16,"$15,209,500 ","$950,594 ","$847,500 ",50,45.30%,61,2.5,99%,23,0
All Home Types,2,2019,Toronto E07,42,"$25,358,489 ","$603,774 ","$478,000 ",55,55.00%,84,2.4,100%,28,0
All Home Types,2,2019,Toronto E08,33,"$22,300,600 ","$675,776 ","$665,000 ",54,53.60%,70,2.2,98%,32,0
All Home Types,2,2019,Toronto E09,53,"$28,827,150 ","$543,908 ","$490,000 ",79,61.40%,77,1.7,100%,17,0
All Home Types,2,2019,Toronto E10,27,"$17,417,100 ","$645,078 ","$680,800 ",49,49.80%,71,2.6,97%,25,0
All Home Types,2,2019,Toronto E11,49,"$25,803,200 ","$526,596 ","$500,000 ",66,58.00%,78,1.8,99%,22,0
All Home Types,3,2019,All TRREB Areas,7187,"$5,665,764,187 ","$788,335 ","$690,000 ",13996,49.70%,15576,2.7,99%,21,0
All Home Types,3,2019,Halton Region,775,"$649,960,004 ","$838,658 ","$748,000 ",1480,51.70%,1716,2.7,98%,25,0
All Home Types,3,2019,Burlington,215,"$163,882,215 ","$762,243 ","$700,500 ",385,58.30%,445,2.4,98%,26,0
All Home Types,3,2019,Halton Hills,82,"$59,583,305 ","$726,626 ","$689,000 ",131,55.90%,142,2.2,98%,30,0
All Home Types,3,2019,Milton,194,"$139,181,825 ","$717,432 ","$686,250 ",350,54.70%,286,2.1,99%,15,0
All Home Types,3,2019,Oakville,284,"$287,312,659 ","$1,011,664 ","$867,900 ",614,44.90%,843,3.6,97%,29,0
All Home Types,3,2019,Peel Region,1537,"$1,128,798,396 ","$734,417 ","$687,000 ",2791,53.30%,2527,2.2,98%,18,0
All Home Types,3,2019,Brampton,742,"$524,962,541 ","$707,497 ","$685,000 ",1292,52.60%,1037,2.1,99%,18,0
All Home Types,3,2019,Caledon,82,"$77,161,771 ","$940,997 ","$825,000 ",191,45.20%,276,3.8,96%,30,0
All Home Types,3,2019,Mississauga,713,"$526,674,084 ","$738,673 ","$670,000 ",1308,55.10%,1214,2.1,99%,17,0
All Home Types,3,2019,City of Toronto,2545,"$2,112,459,034 ","$830,043 ","$682,000 ",4527,56.50%,4577,2,101%,19,0
All Home Types,3,2019,Toronto West,719,"$535,251,622 ","$744,439 ","$667,000 ",1243,58.60%,1238,1.9,101%,19,0
All Home Types,3,2019,Toronto Central,1158,"$1,073,498,866 ","$927,028 ","$670,500 ",2209,54.70%,2439,2.1,100%,18,0
All Home Types,3,2019,Toronto East,668,"$503,708,546 ","$754,055 ","$714,500 ",1075,57.70%,900,1.8,103%,18,0
All Home Types,3,2019,York Region,1183,"$1,082,696,482 ","$915,213 ","$837,000 ",2893,36.50%,4015,4.6,97%,26,0
All Home Types,3,2019,Aurora,89,"$76,972,508 ","$864,860 ","$805,000 ",237,36.30%,302,4.4,98%,20,0
All Home Types,3,2019,East Gwillimbury,48,"$35,700,245 ","$743,755 ","$710,000 ",121,32.20%,220,6.1,97%,27,0
All Home Types,3,2019,Georgina,66,"$37,523,080 ","$568,532 ","$545,000 ",165,35.90%,244,4.9,96%,33,0
All Home Types,3,2019,King,32,"$39,199,000 ","$1,224,969 ","$1,187,500 ",92,26.40%,206,9,97%,34,0
All Home Types,3,2019,Markham,300,"$279,330,728 ","$931,102 ","$892,500 ",636,41.40%,824,3.8,98%,25,0
All Home Types,3,2019,Newmarket,122,"$94,418,000 ","$773,918 ","$749,000 ",271,38.90%,325,4.1,98%,25,0
All Home Types,3,2019,Richmond Hill,192,"$198,639,571 ","$1,034,581 ","$925,000 ",569,33.00%,800,5.3,96%,28,0
All Home Types,3,2019,Vaughan,279,"$268,024,560 ","$960,662 ","$879,000 ",656,36.50%,868,4.3,98%,25,0
All Home Types,3,2019,Whitchurch-Stouffville,55,"$52,888,790 ","$961,614 ","$837,000 ",146,35.40%,226,5.5,97%,27,0
All Home Types,3,2019,Durham Region,839,"$507,423,958 ","$604,796 ","$575,000 ",1617,49.00%,1746,2.5,99%,21,0
All Home Types,3,2019,Ajax,131,"$86,656,461 ","$661,500 ","$645,000 ",257,54.90%,219,1.9,99%,18,0
All Home Types,3,2019,Brock,16,"$7,914,875 ","$494,680 ","$497,500 ",31,43.60%,64,4.9,95%,44,0
All Home Types,3,2019,Clarington,153,"$83,712,133 ","$547,138 ","$519,000 ",284,49.60%,318,2.4,99%,18,0
All Home Types,3,2019,Oshawa,232,"$114,469,810 ","$493,404 ","$475,000 ",436,45.90%,435,2.6,99%,20,0
All Home Types,3,2019,Pickering,108,"$76,307,749 ","$706,553 ","$660,000 ",208,52.60%,227,2.4,99%,18,0
All Home Types,3,2019,Scugog,21,"$12,864,850 ","$612,612 ","$596,250 ",37,46.20%,74,4.2,97%,48,0
All Home Types,3,2019,Uxbridge,23,"$23,879,100 ","$1,038,222 ","$703,500 ",50,42.00%,106,5.3,95%,41,0
All Home Types,3,2019,Whitby,155,"$101,618,980 ","$655,606 ","$627,500 ",314,48.70%,303,2.3,99%,22,0
All Home Types,3,2019,Dufferin County,54,"$31,710,590 ","$587,233 ","$549,000 ",90,65.30%,80,1.9,98%,26,0
All Home Types,3,2019,Orangeville,54,"$31,710,590 ","$587,233 ","$549,000 ",90,65.30%,80,1.9,98%,26,0
All Home Types,3,2019,Simcoe County,254,"$152,715,723 ","$601,243 ","$578,750 ",598,40.40%,915,4.7,97%,35,0
All Home Types,3,2019,Adjala-Tosorontio,11,"$7,928,000 ","$720,727 ","$590,000 ",27,50.70%,37,4.1,97%,29,0
All Home Types,3,2019,Bradford,66,"$44,807,598 ","$678,903 ","$652,500 ",130,43.40%,163,3.9,98%,25,0
All Home Types,3,2019,Innisfil,77,"$43,422,100 ","$563,923 ","$525,000 ",229,30.00%,375,6.8,97%,44,0
All Home Types,3,2019,New Tecumseth,58,"$35,356,916 ","$609,602 ","$571,500 ",122,49.90%,202,3.8,97%,29,0
All Home Types,3,2019,All TRREB Areas,7187,"$5,665,764,187 ","$788,335 ","$690,000 ",13996,49.70%,15576,2.7,99%,21,0
All Home Types,3,2019,City of Toronto,2545,"$2,112,459,034 ","$830,043 ","$682,000 ",4527,56.50%,4577,2,101%,19,0
All Home Types,3,2019,Toronto West,719,"$535,251,622 ","$744,439 ","$667,000 ",1243,58.60%,1238,1.9,101%,19,0
All Home Types,3,2019,Toronto W01,56,"$51,668,924 ","$922,659 ","$725,500 ",69,69.80%,44,1.1,106%,9,0
All Home Types,3,2019,Toronto W02,64,"$58,953,789 ","$921,153 ","$874,000 ",102,65.70%,68,1.1,108%,11,0
All Home Types,3,2019,Toronto W03,47,"$36,976,870 ","$786,742 ","$743,000 ",82,59.40%,73,1.8,101%,12,0
All Home Types,3,2019,Toronto W04,73,"$47,781,731 ","$654,544 ","$645,000 ",141,54.00%,146,2.5,98%,31,0
All Home Types,3,2019,Toronto W05,99,"$58,022,062 ","$586,081 ","$545,000 ",165,58.30%,182,2.4,99%,24,0
All Home Types,3,2019,Toronto W06,114,"$84,155,018 ","$738,202 ","$649,500 ",221,55.40%,283,2.2,100%,21,0
All Home Types,3,2019,Toronto W07,14,"$15,664,000 ","$1,118,857 ","$1,152,500 ",27,61.50%,29,1.5,102%,15,0
All Home Types,3,2019,Toronto W08,144,"$113,872,652 ","$790,782 ","$573,500 ",255,58.30%,232,1.8,100%,16,0
All Home Types,3,2019,Toronto W09,42,"$29,417,888 ","$700,426 ","$682,250 ",71,57.40%,73,2.1,100%,20,0
All Home Types,3,2019,Toronto W10,66,"$38,738,688 ","$586,950 ","$618,000 ",110,57.40%,108,2,98%,27,0
All Home Types,3,2019,Toronto Central,1158,"$1,073,498,866 ","$927,028 ","$670,500 ",2209,54.70%,2439,2.1,100%,18,0
All Home Types,3,2019,Toronto C01,377,"$292,796,229 ","$776,648 ","$638,000 ",646,63.20%,561,1.5,102%,16,0
All Home Types,3,2019,Toronto C02,48,"$66,797,328 ","$1,391,611 ","$1,312,500 ",100,56.80%,122,2,100%,31,0
All Home Types,3,2019,Toronto C03,32,"$45,921,018 ","$1,435,032 ","$1,012,500 ",73,54.80%,85,2,101%,14,0
All Home Types,3,2019,Toronto C04,65,"$107,548,742 ","$1,654,596 ","$1,620,000 ",115,46.50%,155,2.6,99%,18,0
All Home Types,3,2019,Toronto C06,18,"$14,845,388 ","$824,744 ","$619,000 ",47,51.70%,54,2.6,97%,18,0
All Home Types,3,2019,Toronto C07,78,"$67,028,280 ","$859,337 ","$639,000 ",171,43.70%,232,3.4,98%,22,0
All Home Types,3,2019,Toronto C08,164,"$115,649,519 ","$705,180 ","$627,500 ",256,59.50%,230,1.5,102%,15,0
All Home Types,3,2019,Toronto C09,11,"$27,947,000 ","$2,540,636 ","$1,402,000 ",34,58.30%,52,2.1,98%,16,0
All Home Types,3,2019,Toronto C10,47,"$42,401,200 ","$902,153 ","$749,000 ",88,63.70%,75,1.3,100%,11,0
All Home Types,3,2019,Toronto C11,24,"$22,346,389 ","$931,100 ","$529,695 ",45,61.40%,52,1.7,100%,21,0
All Home Types,3,2019,Toronto C12,19,"$43,384,000 ","$2,283,368 ","$1,625,000 ",78,29.40%,154,6.6,97%,31,0
All Home Types,3,2019,Toronto C13,52,"$46,469,538 ","$893,645 ","$690,000 ",110,50.40%,136,2.5,99%,19,0
All Home Types,3,2019,Toronto C14,104,"$88,871,598 ","$854,535 ","$589,000 ",226,48.30%,275,2.8,96%,18,0
All Home Types,3,2019,Toronto C15,119,"$91,492,637 ","$768,846 ","$611,000 ",220,49.70%,256,2.8,98%,26,0
All Home Types,3,2019,Toronto East,668,"$503,708,546 ","$754,055 ","$714,500 ",1075,57.70%,900,1.8,103%,18,0
All Home Types,3,2019,Toronto E01,65,"$65,048,148 ","$1,000,741 ","$985,000 ",98,66.40%,58,0.9,113%,10,0
All Home Types,3,2019,Toronto E02,57,"$64,585,322 ","$1,133,076 ","$1,030,000 ",83,63.80%,55,1.1,104%,11,0
All Home Types,3,2019,Toronto E03,69,"$61,579,968 ","$892,463 ","$940,000 ",116,59.10%,87,1.4,107%,10,0
All Home Types,3,2019,Toronto E04,86,"$57,895,325 ","$673,201 ","$694,950 ",126,60.80%,101,1.7,100%,16,0
All Home Types,3,2019,Toronto E05,62,"$39,636,864 ","$639,304 ","$582,500 ",105,53.90%,99,2.4,99%,24,0
All Home Types,3,2019,Toronto E06,36,"$28,701,799 ","$797,272 ","$742,500 ",57,46.30%,56,2.5,100%,17,0
All Home Types,3,2019,Toronto E07,69,"$41,032,488 ","$594,674 ","$470,000 ",113,55.00%,101,2.4,101%,23,0
All Home Types,3,2019,Toronto E08,46,"$36,404,182 ","$791,395 ","$733,000 ",79,53.90%,80,2.2,96%,18,0
All Home Types,3,2019,Toronto E09,73,"$44,093,500 ","$604,021 ","$645,000 ",131,60.60%,103,1.7,100%,22,0
All Home Types,3,2019,Toronto E10,48,"$33,275,750 ","$693,245 ","$687,500 ",87,50.60%,84,2.6,98%,23,0
All Home Types,3,2019,Toronto E11,57,"$31,455,200 ","$551,846 ","$555,000 ",80,60.10%,76,1.7,99%,31,0
All Home Types,4,2019,All TRREB Areas,9042,"$7,415,774,564 ","$820,148 ","$709,000 ",17205,50.10%,18037,2.6,99%,19,0
All Home Types,4,2019,Halton Region,965,"$825,572,513 ","$855,516 ","$770,000 ",1738,52.70%,1928,2.7,98%,21,0
All Home Types,4,2019,Burlington,272,"$215,611,747 ","$792,690 ","$730,000 ",441,59.50%,501,2.4,98%,24,0
All Home Types,4,2019,Halton Hills,93,"$72,166,499 ","$775,984 ","$725,000 ",160,56.80%,170,2.2,98%,16,0
All Home Types,4,2019,Milton,257,"$188,019,837 ","$731,595 ","$716,000 ",394,56.20%,312,2,99%,16,0
All Home Types,4,2019,Oakville,343,"$349,774,430 ","$1,019,751 ","$878,000 ",743,45.60%,945,3.5,97%,25,0
All Home Types,4,2019,Peel Region,1925,"$1,448,708,221 ","$752,576 ","$707,500 ",3411,53.50%,2973,2.1,99%,15,0
All Home Types,4,2019,Brampton,899,"$646,185,418 ","$718,782 ","$701,000 ",1626,52.50%,1252,2.1,99%,14,0
All Home Types,4,2019,Caledon,107,"$97,389,576 ","$910,183 ","$815,000 ",224,45.20%,293,3.8,97%,21,0
All Home Types,4,2019,Mississauga,919,"$705,133,227 ","$767,283 ","$700,000 ",1561,55.70%,1428,2.1,99%,16,0
All Home Types,4,2019,City of Toronto,3234,"$2,923,508,662 ","$903,992 ","$720,000 ",5734,56.40%,5368,2,101%,17,0
All Home Types,4,2019,Toronto West,912,"$754,604,264 ","$827,417 ","$725,000 ",1549,59.00%,1417,1.9,101%,17,0
All Home Types,4,2019,Toronto Central,1473,"$1,506,974,076 ","$1,023,065 ","$697,000 ",2746,54.40%,2820,2.1,100%,18,0
All Home Types,4,2019,Toronto East,849,"$661,930,322 ","$779,659 ","$744,000 ",1439,57.80%,1131,1.8,103%,15,0
All Home Types,4,2019,York Region,1468,"$1,340,570,363 ","$913,195 ","$845,000 ",3548,37.40%,4643,4.4,98%,23,0
All Home Types,4,2019,Aurora,99,"$87,950,353 ","$888,387 ","$770,000 ",237,37.50%,339,4.3,98%,20,0
All Home Types,4,2019,East Gwillimbury,56,"$45,258,499 ","$808,187 ","$747,500 ",173,32.50%,241,6,99%,27,0
All Home Types,4,2019,Georgina,81,"$45,418,900 ","$560,727 ","$537,000 ",207,36.60%,277,4.7,97%,24,0
All Home Types,4,2019,King,29,"$37,490,000 ","$1,292,759 ","$1,276,250 ",127,26.60%,253,8.9,96%,41,0
All Home Types,4,2019,Markham,382,"$348,780,678 ","$913,038 ","$850,750 ",822,42.10%,969,3.6,99%,23,0
All Home Types,4,2019,Newmarket,135,"$97,970,915 ","$725,710 ","$684,000 ",302,40.00%,372,3.9,98%,20,0
All Home Types,4,2019,Richmond Hill,252,"$256,086,492 ","$1,016,216 ","$933,900 ",664,33.70%,925,5.1,97%,26,0
All Home Types,4,2019,Vaughan,374,"$373,050,788 ","$997,462 ","$925,000 ",833,37.50%,990,4.1,98%,22,0
All Home Types,4,2019,Whitchurch-Stouffville,60,"$48,563,738 ","$809,396 ","$737,500 ",183,36.20%,277,5.3,98%,18,0
All Home Types,4,2019,Durham Region,1075,"$658,109,877 ","$612,195 ","$585,000 ",1993,49.50%,2005,2.5,99%,20,0
All Home Types,4,2019,Ajax,187,"$122,602,908 ","$655,631 ","$635,000 ",317,55.70%,253,1.8,99%,17,0
All Home Types,4,2019,Brock,20,"$10,652,000 ","$532,600 ","$505,500 ",63,41.70%,94,5,91%,32,0
All Home Types,4,2019,Clarington,191,"$109,365,605 ","$572,595 ","$533,000 ",334,49.70%,340,2.4,99%,21,0
All Home Types,4,2019,Oshawa,264,"$132,739,989 ","$502,803 ","$485,500 ",509,47.00%,515,2.5,99%,20,0
All Home Types,4,2019,Pickering,142,"$98,376,996 ","$692,796 ","$675,500 ",236,52.80%,238,2.4,99%,18,0
All Home Types,4,2019,Scugog,21,"$12,578,500 ","$598,976 ","$570,000 ",55,46.40%,96,4.2,96%,47,0
All Home Types,4,2019,Uxbridge,48,"$37,707,200 ","$785,567 ","$750,000 ",67,45.20%,106,4.9,97%,39,0
All Home Types,4,2019,Whitby,202,"$134,086,679 ","$663,795 ","$640,000 ",412,48.50%,363,2.3,99%,17,0
All Home Types,4,2019,Dufferin County,63,"$34,183,798 ","$542,600 ","$538,700 ",94,65.50%,87,1.8,99%,21,0
All Home Types,4,2019,Orangeville,63,"$34,183,798 ","$542,600 ","$538,700 ",94,65.50%,87,1.8,99%,21,0
All Home Types,4,2019,Simcoe County,312,"$185,121,130 ","$593,337 ","$573,000 ",687,40.80%,1033,4.6,98%,29,0
All Home Types,4,2019,Adjala-Tosorontio,19,"$12,289,900 ","$646,837 ","$620,000 ",31,51.40%,46,3.9,98%,26,0
All Home Types,4,2019,Bradford,66,"$46,229,500 ","$700,447 ","$648,250 ",161,43.10%,187,3.8,98%,26,0
All Home Types,4,2019,Innisfil,78,"$44,883,950 ","$575,435 ","$575,000 ",223,30.40%,415,6.6,97%,30,0
All Home Types,4,2019,New Tecumseth,84,"$48,592,790 ","$578,486 ","$570,000 ",166,50.70%,230,3.6,98%,28,0
All Home Types,4,2019,All TRREB Areas,9042,"$7,415,774,564 ","$820,148 ","$709,000 ",17205,50.10%,18037,2.6,99%,19,0
All Home Types,4,2019,City of Toronto,3234,"$2,923,508,662 ","$903,992 ","$720,000 ",5734,56.40%,5368,2,101%,17,0
All Home Types,4,2019,Toronto West,912,"$754,604,264 ","$827,417 ","$725,000 ",1549,59.00%,1417,1.9,101%,17,0
All Home Types,4,2019,Toronto W01,62,"$67,785,317 ","$1,093,312 ","$835,000 ",96,67.90%,57,1.1,105%,12,0
All Home Types,4,2019,Toronto W02,106,"$109,349,358 ","$1,031,598 ","$923,000 ",158,66.50%,81,1,106%,10,0
All Home Types,4,2019,Toronto W03,64,"$48,622,859 ","$759,732 ","$723,000 ",122,59.60%,100,1.7,103%,17,0
All Home Types,4,2019,Toronto W04,90,"$61,237,588 ","$680,418 ","$654,750 ",163,53.70%,173,2.5,102%,19,0
All Home Types,4,2019,Toronto W05,118,"$72,936,598 ","$618,107 ","$655,000 ",214,58.30%,217,2.3,99%,20,0
All Home Types,4,2019,Toronto W06,152,"$113,855,953 ","$749,052 ","$646,000 ",263,56.30%,305,2.2,100%,19,0
All Home Types,4,2019,Toronto W07,21,"$25,885,400 ","$1,232,638 ","$1,175,000 ",49,60.20%,41,1.6,105%,12,0
All Home Types,4,2019,Toronto W08,176,"$176,425,137 ","$1,002,416 ","$848,500 ",311,58.50%,268,1.8,99%,15,0
All Home Types,4,2019,Toronto W09,54,"$39,113,855 ","$724,331 ","$777,000 ",66,60.10%,66,2,101%,21,0
All Home Types,4,2019,Toronto W10,69,"$39,392,199 ","$570,901 ","$487,500 ",107,59.30%,109,2,100%,17,0
All Home Types,4,2019,Toronto Central,1473,"$1,506,974,076 ","$1,023,065 ","$697,000 ",2746,54.40%,2820,2.1,100%,18,0
All Home Types,4,2019,Toronto C01,443,"$340,513,643 ","$768,654 ","$660,000 ",744,62.70%,653,1.5,102%,16,0
All Home Types,4,2019,Toronto C02,80,"$123,529,938 ","$1,544,124 ","$1,326,475 ",157,56.70%,151,2,100%,15,0
All Home Types,4,2019,Toronto C03,56,"$75,852,356 ","$1,354,506 ","$1,186,250 ",83,55.20%,80,2,102%,13,0
All Home Types,4,2019,Toronto C04,72,"$128,106,459 ","$1,779,256 ","$1,650,000 ",172,46.10%,188,2.7,98%,20,0
All Home Types,4,2019,Toronto C06,26,"$20,836,900 ","$801,419 ","$606,500 ",53,50.90%,62,2.6,97%,16,0
All Home Types,4,2019,Toronto C07,99,"$95,654,437 ","$966,206 ","$648,000 ",224,44.00%,284,3.4,97%,23,0
All Home Types,4,2019,Toronto C08,180,"$132,432,373 ","$735,735 ","$643,000 ",295,59.30%,259,1.6,101%,15,0
All Home Types,4,2019,Toronto C09,36,"$94,701,643 ","$2,630,601 ","$2,320,500 ",63,58.40%,61,2.1,99%,20,0
All Home Types,4,2019,Toronto C10,50,"$51,525,801 ","$1,030,516 ","$755,000 ",103,61.50%,96,1.4,102%,14,0
All Home Types,4,2019,Toronto C11,58,"$66,281,048 ","$1,142,777 ","$632,500 ",88,60.50%,58,1.7,101%,18,0
All Home Types,4,2019,Toronto C12,34,"$91,895,946 ","$2,702,822 ","$2,166,900 ",122,28.30%,181,6.8,95%,33,0
All Home Types,4,2019,Toronto C13,68,"$63,349,300 ","$931,607 ","$756,000 ",118,50.50%,148,2.5,100%,21,0
All Home Types,4,2019,Toronto C14,126,"$102,457,556 ","$813,155 ","$606,500 ",256,48.30%,303,2.8,98%,18,0
All Home Types,4,2019,Toronto C15,145,"$119,836,676 ","$826,460 ","$646,000 ",268,49.70%,296,2.8,98%,20,0
All Home Types,4,2019,Toronto East,849,"$661,930,322 ","$779,659 ","$744,000 ",1439,57.80%,1131,1.8,103%,15,0
All Home Types,4,2019,Toronto E01,76,"$87,676,795 ","$1,153,642 ","$1,105,000 ",128,64.20%,79,1,111%,10,0
All Home Types,4,2019,Toronto E02,67,"$76,669,832 ","$1,144,326 ","$987,500 ",131,61.40%,89,1.2,104%,9,0
All Home Types,4,2019,Toronto E03,89,"$88,605,281 ","$995,565 ","$940,000 ",177,59.20%,126,1.4,108%,10,0
All Home Types,4,2019,Toronto E04,87,"$56,115,728 ","$645,008 ","$685,000 ",147,60.00%,129,1.7,101%,14,0
All Home Types,4,2019,Toronto E05,81,"$56,478,376 ","$697,264 ","$630,000 ",135,54.30%,121,2.3,100%,18,0
All Home Types,4,2019,Toronto E06,49,"$40,217,250 ","$820,760 ","$765,000 ",105,45.70%,79,2.5,101%,13,0
All Home Types,4,2019,Toronto E07,85,"$54,939,502 ","$646,347 ","$615,000 ",133,56.20%,118,2.3,100%,19,0
All Home Types,4,2019,Toronto E08,57,"$38,988,455 ","$684,008 ","$650,000 ",112,54.00%,104,2.2,99%,21,0
All Home Types,4,2019,Toronto E09,106,"$62,101,800 ","$585,866 ","$562,500 ",140,62.10%,94,1.6,101%,15,0
All Home Types,4,2019,Toronto E10,58,"$43,707,100 ","$753,571 ","$775,000 ",106,51.40%,105,2.5,99%,17,0
All Home Types,4,2019,Toronto E11,94,"$56,430,203 ","$600,321 ","$590,000 ",125,61.70%,87,1.7,101%,17,0
All Home Types,5,2019,All TRREB Areas,9989,"$8,376,175,174 ","$838,540 ","$725,000 ",19386,51.40%,20017,2.5,99%,19,0
All Home Types,5,2019,Halton Region,1015,"$868,470,818 ","$855,636 ","$762,500 ",1897,53.90%,2090,2.6,98%,22,0
All Home Types,5,2019,Burlington,279,"$214,872,150 ","$770,151 ","$715,500 ",473,60.70%,529,2.3,98%,25,0
All Home Types,5,2019,Halton Hills,95,"$77,023,250 ","$810,771 ","$737,000 ",229,56.20%,234,2.2,99%,17,0
All Home Types,5,2019,Milton,271,"$208,656,381 ","$769,950 ","$710,377 ",453,57.50%,352,1.9,99%,16,0
All Home Types,5,2019,Oakville,370,"$367,919,037 ","$994,376 ","$880,000 ",742,47.10%,975,3.4,97%,25,0
All Home Types,5,2019,Peel Region,2162,"$1,630,483,221 ","$754,155 ","$700,000 ",3712,55.10%,3234,2.1,99%,17,0
All Home Types,5,2019,Brampton,1014,"$733,549,057 ","$723,421 ","$700,000 ",1752,54.10%,1366,1.9,99%,16,0
All Home Types,5,2019,Caledon,106,"$108,697,300 ","$1,025,446 ","$924,000 ",228,45.50%,318,3.8,97%,37,0
All Home Types,5,2019,Mississauga,1042,"$788,236,864 ","$756,465 ","$685,000 ",1732,57.50%,1550,2,99%,16,0
All Home Types,5,2019,City of Toronto,3715,"$3,483,943,680 ","$937,804 ","$753,000 ",6648,57.30%,6039,2,101%,16,0
All Home Types,5,2019,Toronto West,1056,"$896,712,717 ","$849,160 ","$750,500 ",1779,60.00%,1561,1.9,102%,17,0
All Home Types,5,2019,Toronto Central,1695,"$1,803,993,321 ","$1,064,303 ","$744,000 ",3279,54.70%,3227,2.1,100%,17,0
All Home Types,5,2019,Toronto East,964,"$783,237,642 ","$812,487 ","$760,000 ",1590,59.40%,1251,1.7,103%,15,0
All Home Types,5,2019,York Region,1531,"$1,423,346,069 ","$929,684 ","$857,000 ",3869,38.90%,5116,4.2,98%,23,0
All Home Types,5,2019,Aurora,118,"$101,392,813 ","$859,261 ","$839,357 ",287,38.70%,367,4.1,99%,23,0
All Home Types,5,2019,East Gwillimbury,64,"$51,905,100 ","$811,017 ","$769,000 ",187,33.70%,262,5.7,97%,33,0
All Home Types,5,2019,Georgina,75,"$42,363,900 ","$564,852 ","$550,000 ",241,37.40%,335,4.5,97%,29,0
All Home Types,5,2019,King,24,"$33,786,500 ","$1,407,771 ","$1,220,000 ",134,25.90%,273,9.2,95%,33,0
All Home Types,5,2019,Markham,390,"$377,499,967 ","$967,949 ","$912,500 ",853,44.00%,1049,3.5,99%,22,0
All Home Types,5,2019,Newmarket,142,"$105,526,967 ","$743,148 ","$713,500 ",323,42.90%,409,3.7,99%,23,0
All Home Types,5,2019,Richmond Hill,267,"$273,623,139 ","$1,024,806 ","$925,000 ",767,35.30%,1047,4.9,97%,26,0
All Home Types,5,2019,Vaughan,372,"$364,662,954 ","$980,277 ","$925,000 ",874,39.20%,1070,3.9,98%,21,0
All Home Types,5,2019,Whitchurch-Stouffville,79,"$72,584,729 ","$918,794 ","$830,000 ",203,37.50%,304,5.1,97%,25,0
All Home Types,5,2019,Durham Region,1176,"$731,814,939 ","$622,292 ","$595,000 ",2392,50.90%,2309,2.4,99%,19,0
All Home Types,5,2019,Ajax,213,"$147,417,101 ","$692,099 ","$660,000 ",360,57.30%,295,1.7,99%,16,0
All Home Types,5,2019,Brock,25,"$12,033,900 ","$481,356 ","$440,000 ",55,44.30%,105,4.8,95%,32,0
All Home Types,5,2019,Clarington,182,"$102,830,509 ","$565,003 ","$540,000 ",414,49.90%,413,2.4,99%,21,0
All Home Types,5,2019,Oshawa,314,"$162,895,900 ","$518,777 ","$494,000 ",631,49.00%,579,2.4,99%,18,0
All Home Types,5,2019,Pickering,142,"$100,654,300 ","$708,833 ","$644,000 ",306,53.40%,291,2.3,99%,16,0
All Home Types,5,2019,Scugog,20,"$12,168,950 ","$608,448 ","$617,450 ",73,46.70%,117,4.2,97%,25,0
All Home Types,5,2019,Uxbridge,38,"$28,904,280 ","$760,639 ","$706,000 ",91,45.30%,131,4.8,96%,25,0
All Home Types,5,2019,Whitby,242,"$164,909,999 ","$681,446 ","$645,000 ",462,50.60%,378,2.2,99%,18,0
All Home Types,5,2019,Dufferin County,72,"$41,840,102 ","$581,113 ","$567,000 ",119,65.20%,98,1.8,99%,18,0
All Home Types,5,2019,Orangeville,72,"$41,840,102 ","$581,113 ","$567,000 ",119,65.20%,98,1.8,99%,18,0
All Home Types,5,2019,Simcoe County,318,"$196,276,345 ","$617,221 ","$574,000 ",749,42.20%,1131,4.4,97%,34,0
All Home Types,5,2019,Adjala-Tosorontio,15,"$10,206,900 ","$680,460 ","$682,000 ",37,54.00%,53,3.7,97%,41,0
All Home Types,5,2019,Bradford,66,"$45,777,650 ","$693,601 ","$662,500 ",163,44.50%,209,3.7,97%,23,0
All Home Types,5,2019,Innisfil,77,"$48,370,290 ","$628,186 ","$530,000 ",270,31.50%,473,6.5,95%,38,0
All Home Types,5,2019,New Tecumseth,99,"$59,848,900 ","$604,534 ","$585,000 ",175,51.70%,249,3.5,98%,32,0
All Home Types,5,2019,All TRREB Areas,9989,"$8,376,175,174 ","$838,540 ","$725,000 ",19386,51.40%,20017,2.5,99%,19,0
All Home Types,5,2019,City of Toronto,3715,"$3,483,943,680 ","$937,804 ","$753,000 ",6648,57.30%,6039,2,101%,16,0
All Home Types,5,2019,Toronto West,1056,"$896,712,717 ","$849,160 ","$750,500 ",1779,60.00%,1561,1.9,102%,17,0
All Home Types,5,2019,Toronto W01,92,"$105,255,308 ","$1,144,079 ","$1,025,450 ",103,71.70%,48,1,107%,12,0
All Home Types,5,2019,Toronto W02,107,"$110,722,234 ","$1,034,787 ","$932,500 ",170,66.80%,101,1,107%,11,0
All Home Types,5,2019,Toronto W03,81,"$62,696,313 ","$774,029 ","$760,500 ",116,61.80%,89,1.7,105%,16,0
All Home Types,5,2019,Toronto W04,104,"$74,827,800 ","$719,498 ","$738,500 ",179,55.20%,187,2.4,100%,21,0
All Home Types,5,2019,Toronto W05,140,"$89,393,381 ","$638,524 ","$669,000 ",233,59.40%,242,2.2,98%,25,0
All Home Types,5,2019,Toronto W06,167,"$124,646,500 ","$746,386 ","$713,000 ",325,56.10%,340,2.2,101%,19,0
All Home Types,5,2019,Toronto W07,41,"$57,400,204 ","$1,400,005 ","$1,195,000 ",75,59.40%,55,1.6,104%,14,0
All Home Types,5,2019,Toronto W08,199,"$190,526,841 ","$957,421 ","$802,000 ",344,58.90%,300,1.8,99%,14,0
All Home Types,5,2019,Toronto W09,38,"$32,655,935 ","$859,367 ","$875,500 ",100,60.20%,91,2,100%,11,0
All Home Types,5,2019,Toronto W10,87,"$48,588,201 ","$558,485 ","$490,000 ",134,62.10%,108,1.9,99%,22,0
All Home Types,5,2019,Toronto Central,1695,"$1,803,993,321 ","$1,064,303 ","$744,000 ",3279,54.70%,3227,2.1,100%,17,0
All Home Types,5,2019,Toronto C01,504,"$412,811,899 ","$819,071 ","$682,750 ",851,62.90%,716,1.5,102%,16,0
All Home Types,5,2019,Toronto C02,111,"$169,342,244 ","$1,525,606 ","$1,150,000 ",203,56.90%,167,2,102%,15,0
All Home Types,5,2019,Toronto C03,59,"$82,767,583 ","$1,402,840 ","$980,000 ",128,55.00%,105,2,101%,21,0
All Home Types,5,2019,Toronto C04,121,"$232,197,655 ","$1,918,989 ","$1,770,000 ",223,47.70%,211,2.6,99%,18,0
All Home Types,5,2019,Toronto C06,25,"$23,243,450 ","$929,738 ","$976,600 ",67,49.40%,81,2.7,97%,21,0
All Home Types,5,2019,Toronto C07,107,"$98,020,017 ","$916,075 ","$666,000 ",266,44.70%,336,3.4,98%,21,0
All Home Types,5,2019,Toronto C08,226,"$176,159,461 ","$779,467 ","$654,000 ",390,60.10%,307,1.5,101%,15,0
All Home Types,5,2019,Toronto C09,43,"$111,273,093 ","$2,587,746 ","$2,226,000 ",78,56.00%,75,2.1,99%,13,0
All Home Types,5,2019,Toronto C10,79,"$80,959,512 ","$1,024,804 ","$775,300 ",136,60.80%,101,1.4,102%,13,0
All Home Types,5,2019,Toronto C11,54,"$69,261,199 ","$1,282,615 ","$1,274,500 ",76,63.30%,55,1.6,100%,13,0
All Home Types,5,2019,Toronto C12,27,"$62,606,900 ","$2,318,774 ","$1,961,200 ",113,28.50%,206,6.9,94%,26,0
All Home Types,5,2019,Toronto C13,77,"$69,351,900 ","$900,674 ","$737,000 ",148,50.90%,167,2.5,99%,19,0
All Home Types,5,2019,Toronto C14,113,"$97,359,668 ","$861,590 ","$610,000 ",303,48.10%,370,2.9,97%,20,0
All Home Types,5,2019,Toronto C15,149,"$118,638,740 ","$796,233 ","$638,000 ",297,51.00%,330,2.7,99%,21,0
All Home Types,5,2019,Toronto East,964,"$783,237,642 ","$812,487 ","$760,000 ",1590,59.40%,1251,1.7,103%,15,0
All Home Types,5,2019,Toronto E01,94,"$101,095,402 ","$1,075,483 ","$975,000 ",143,65.80%,74,0.9,112%,10,0
All Home Types,5,2019,Toronto E02,97,"$117,090,594 ","$1,207,120 ","$1,050,000 ",146,63.10%,89,1.1,107%,11,0
All Home Types,5,2019,Toronto E03,119,"$120,786,118 ","$1,015,009 ","$951,000 ",183,59.50%,126,1.4,106%,14,0
All Home Types,5,2019,Toronto E04,106,"$76,186,502 ","$718,741 ","$742,500 ",168,62.20%,142,1.6,101%,17,0
All Home Types,5,2019,Toronto E05,86,"$56,380,364 ","$655,586 ","$586,500 ",139,56.20%,133,2.2,100%,15,0
All Home Types,5,2019,Toronto E06,49,"$46,762,729 ","$954,341 ","$815,000 ",86,48.50%,78,2.3,99%,13,0
All Home Types,5,2019,Toronto E07,80,"$51,192,076 ","$639,901 ","$688,000 ",128,58.20%,128,2.2,101%,18,0
All Home Types,5,2019,Toronto E08,67,"$48,713,088 ","$727,061 ","$726,000 ",147,54.60%,134,2.1,101%,14,0
All Home Types,5,2019,Toronto E09,111,"$65,171,648 ","$587,132 ","$520,000 ",178,63.50%,121,1.5,102%,16,0
All Home Types,5,2019,Toronto E10,69,"$50,345,320 ","$729,642 ","$727,000 ",131,53.20%,124,2.4,98%,16,0
All Home Types,5,2019,Toronto E11,86,"$49,513,801 ","$575,742 ","$556,250 ",141,62.80%,102,1.6,101%,16,0
All Home Types,6,2019,All TRREB Areas,8860,"$7,377,744,309 ","$832,703 ","$720,000 ",15816,51.90%,19655,2.5,99%,21,0
All Home Types,6,2019,Halton Region,907,"$800,844,363 ","$882,960 ","$766,000 ",1520,54.50%,1969,2.5,99%,23,0
All Home Types,6,2019,Burlington,252,"$202,173,242 ","$802,275 ","$729,000 ",370,61.10%,495,2.3,98%,26,0
All Home Types,6,2019,Halton Hills,109,"$84,366,398 ","$774,004 ","$730,110 ",183,56.10%,213,2.2,98%,23,0
All Home Types,6,2019,Milton,240,"$186,231,337 ","$775,964 ","$718,500 ",364,58.40%,328,1.8,103%,17,0
All Home Types,6,2019,Oakville,306,"$328,073,386 ","$1,072,135 ","$931,250 ",603,47.60%,933,3.3,97%,26,0
All Home Types,6,2019,Peel Region,1902,"$1,442,560,756 ","$758,444 ","$703,500 ",3118,56.00%,3244,2,98%,19,0
All Home Types,6,2019,Brampton,932,"$693,957,719 ","$744,590 ","$707,000 ",1491,55.20%,1386,1.9,99%,18,0
All Home Types,6,2019,Caledon,110,"$102,960,950 ","$936,009 ","$838,000 ",210,46.20%,326,3.7,97%,24,0
All Home Types,6,2019,Mississauga,860,"$645,642,087 ","$750,747 ","$676,893 ",1417,58.20%,1532,1.9,98%,19,0
All Home Types,6,2019,City of Toronto,3201,"$2,930,454,957 ","$915,481 ","$741,000 ",5401,57.30%,5907,2,101%,18,0
All Home Types,6,2019,Toronto West,880,"$731,155,491 ","$830,859 ","$729,950 ",1348,60.50%,1465,1.8,101%,19,0
All Home Types,6,2019,Toronto Central,1483,"$1,513,564,509 ","$1,020,610 ","$717,000 ",2652,54.50%,3180,2.2,99%,18,0
All Home Types,6,2019,Toronto East,838,"$685,734,957 ","$818,299 ","$768,750 ",1401,59.40%,1262,1.7,103%,15,0
All Home Types,6,2019,York Region,1407,"$1,309,710,071 ","$930,853 ","$854,000 ",3098,39.60%,4979,4.1,98%,25,0
All Home Types,6,2019,Aurora,101,"$92,843,764 ","$919,245 ","$816,200 ",229,39.00%,338,4,97%,29,0
All Home Types,6,2019,East Gwillimbury,66,"$51,374,494 ","$778,401 ","$736,250 ",129,35.00%,228,5.4,99%,24,0
All Home Types,6,2019,Georgina,83,"$47,463,587 ","$571,850 ","$523,300 ",195,38.10%,343,4.5,97%,25,0
All Home Types,6,2019,King,29,"$31,039,750 ","$1,070,336 ","$894,750 ",109,25.70%,289,9.5,94%,39,0
All Home Types,6,2019,Markham,342,"$312,853,374 ","$914,776 ","$873,500 ",703,44.50%,1044,3.4,99%,23,0
All Home Types,6,2019,Newmarket,130,"$100,404,324 ","$772,341 ","$750,250 ",269,42.80%,383,3.6,98%,25,0
All Home Types,6,2019,Richmond Hill,244,"$264,173,163 ","$1,082,677 ","$963,000 ",643,35.90%,1079,4.7,97%,25,0
All Home Types,6,2019,Vaughan,337,"$343,027,727 ","$1,017,886 ","$930,000 ",673,40.20%,993,3.8,98%,23,0
All Home Types,6,2019,Whitchurch-Stouffville,75,"$66,529,888 ","$887,065 ","$790,000 ",148,39.00%,282,5,97%,31,0
All Home Types,6,2019,Durham Region,1093,"$678,213,267 ","$620,506 ","$590,000 ",1959,51.60%,2320,2.4,98%,22,0
All Home Types,6,2019,Ajax,181,"$117,731,463 ","$650,450 ","$625,000 ",321,56.80%,300,1.8,99%,17,0
All Home Types,6,2019,Brock,22,"$9,255,000 ","$420,682 ","$407,500 ",47,45.50%,106,4.6,96%,36,0
All Home Types,6,2019,Clarington,196,"$110,633,682 ","$564,458 ","$527,500 ",331,50.90%,399,2.3,98%,22,0
All Home Types,6,2019,Oshawa,277,"$148,614,133 ","$536,513 ","$515,000 ",500,50.50%,586,2.3,99%,23,0
All Home Types,6,2019,Pickering,130,"$90,729,179 ","$697,917 ","$653,250 ",247,52.80%,302,2.3,98%,19,0
All Home Types,6,2019,Scugog,38,"$26,276,400 ","$691,484 ","$659,450 ",68,48.70%,129,4.1,97%,42,0
All Home Types,6,2019,Uxbridge,36,"$30,483,768 ","$846,771 ","$827,500 ",61,47.00%,115,4.6,97%,36,0
All Home Types,6,2019,Whitby,213,"$144,489,642 ","$678,355 ","$658,000 ",384,51.40%,383,2.1,99%,17,0
All Home Types,6,2019,Dufferin County,62,"$33,363,250 ","$538,117 ","$529,950 ",84,67.70%,93,1.7,99%,22,0
All Home Types,6,2019,Orangeville,62,"$33,363,250 ","$538,117 ","$529,950 ",84,67.70%,93,1.7,99%,22,0
All Home Types,6,2019,Simcoe County,288,"$182,597,645 ","$634,020 ","$592,500 ",636,43.10%,1143,4.3,97%,34,0
All Home Types,6,2019,Adjala-Tosorontio,17,"$13,219,750 ","$777,632 ","$628,000 ",27,56.00%,53,3.7,98%,27,0
All Home Types,6,2019,Bradford,69,"$51,251,500 ","$742,775 ","$730,500 ",137,45.70%,206,3.5,98%,30,0
All Home Types,6,2019,Innisfil,75,"$42,416,948 ","$565,559 ","$510,000 ",246,31.60%,500,6.5,96%,31,0
All Home Types,6,2019,New Tecumseth,84,"$53,656,557 ","$638,769 ","$605,000 ",149,53.10%,255,3.3,98%,38,0
All Home Types,6,2019,All TRREB Areas,8860,"$7,377,744,309 ","$832,703 ","$720,000 ",15816,51.90%,19655,2.5,99%,21,0
All Home Types,6,2019,City of Toronto,3201,"$2,930,454,957 ","$915,481 ","$741,000 ",5401,57.30%,5907,2,101%,18,0
All Home Types,6,2019,Toronto West,880,"$731,155,491 ","$830,859 ","$729,950 ",1348,60.50%,1465,1.8,101%,19,0
All Home Types,6,2019,Toronto W01,56,"$56,669,837 ","$1,011,961 ","$925,000 ",77,72.40%,52,1,107%,13,0
All Home Types,6,2019,Toronto W02,85,"$92,036,940 ","$1,082,788 ","$975,000 ",121,66.20%,91,1,105%,11,0
All Home Types,6,2019,Toronto W03,57,"$46,712,333 ","$819,515 ","$760,000 ",104,61.70%,97,1.7,104%,14,0
All Home Types,6,2019,Toronto W04,88,"$64,999,576 ","$738,632 ","$723,500 ",132,56.60%,164,2.3,97%,26,0
All Home Types,6,2019,Toronto W05,114,"$71,921,258 ","$630,888 ","$670,000 ",169,60.60%,222,2.2,99%,23,0
All Home Types,6,2019,Toronto W06,147,"$113,094,022 ","$769,347 ","$650,000 ",233,56.90%,301,2.2,101%,22,0
All Home Types,6,2019,Toronto W07,24,"$29,631,200 ","$1,234,633 ","$1,200,000 ",36,59.30%,51,1.6,102%,18,0
All Home Types,6,2019,Toronto W08,176,"$170,677,045 ","$969,756 ","$804,000 ",268,59.00%,284,1.8,100%,18,0
All Home Types,6,2019,Toronto W09,60,"$40,018,855 ","$666,981 ","$578,750 ",74,61.00%,77,1.9,99%,19,0
All Home Types,6,2019,Toronto W10,73,"$45,394,425 ","$621,841 ","$681,525 ",134,62.50%,126,1.8,99%,17,0
All Home Types,6,2019,Toronto Central,1483,"$1,513,564,509 ","$1,020,610 ","$717,000 ",2652,54.50%,3180,2.2,99%,18,0
All Home Types,6,2019,Toronto C01,428,"$343,602,082 ","$802,809 ","$673,500 ",712,62.10%,711,1.5,102%,16,0
All Home Types,6,2019,Toronto C02,81,"$115,070,678 ","$1,420,626 ","$1,250,000 ",166,56.10%,187,2,101%,13,0
All Home Types,6,2019,Toronto C03,66,"$121,954,017 ","$1,847,788 ","$1,282,250 ",111,56.20%,104,1.9,100%,15,0
All Home Types,6,2019,Toronto C04,81,"$138,280,829 ","$1,707,171 ","$1,650,000 ",183,47.10%,208,2.6,98%,17,0
All Home Types,6,2019,Toronto C06,33,"$29,194,288 ","$884,675 ","$698,000 ",57,51.40%,74,2.7,98%,18,0
All Home Types,6,2019,Toronto C07,95,"$90,915,465 ","$957,005 ","$700,000 ",200,44.50%,328,3.5,97%,24,0
All Home Types,6,2019,Toronto C08,189,"$144,147,438 ","$762,685 ","$659,000 ",303,58.80%,282,1.6,101%,17,0
All Home Types,6,2019,Toronto C09,33,"$66,122,801 ","$2,003,721 ","$1,800,000 ",47,57.20%,68,2.1,97%,18,0
All Home Types,6,2019,Toronto C10,70,"$65,709,390 ","$938,706 ","$755,000 ",106,59.00%,97,1.5,101%,19,0
All Home Types,6,2019,Toronto C11,41,"$54,767,088 ","$1,335,783 ","$1,110,000 ",51,64.00%,47,1.6,99%,14,0
All Home Types,6,2019,Toronto C12,24,"$52,907,850 ","$2,204,494 ","$1,428,000 ",109,27.70%,224,7.2,91%,35,0
All Home Types,6,2019,Toronto C13,71,"$82,809,829 ","$1,166,336 ","$903,728 ",127,51.60%,157,2.6,97%,17,0
All Home Types,6,2019,Toronto C14,128,"$102,735,516 ","$802,621 ","$626,250 ",248,48.50%,376,2.9,98%,25,0
All Home Types,6,2019,Toronto C15,143,"$105,347,238 ","$736,694 ","$589,000 ",232,52.20%,317,2.6,99%,20,0
All Home Types,6,2019,Toronto East,838,"$685,734,957 ","$818,299 ","$768,750 ",1401,59.40%,1262,1.7,103%,15,0
All Home Types,6,2019,Toronto E01,79,"$86,147,378 ","$1,090,473 ","$1,000,000 ",107,65.60%,60,0.9,111%,10,0
All Home Types,6,2019,Toronto E02,88,"$106,856,695 ","$1,214,281 ","$1,132,500 ",108,64.40%,67,1.1,105%,12,0
All Home Types,6,2019,Toronto E03,86,"$81,090,147 ","$942,909 ","$937,500 ",160,58.40%,123,1.4,105%,11,0
All Home Types,6,2019,Toronto E04,90,"$62,650,432 ","$696,116 ","$728,000 ",172,60.50%,151,1.6,103%,15,0
All Home Types,6,2019,Toronto E05,87,"$66,178,847 ","$760,676 ","$752,888 ",147,56.70%,142,2.1,100%,19,0
All Home Types,6,2019,Toronto E06,42,"$36,405,988 ","$866,809 ","$731,000 ",75,49.80%,73,2.2,100%,15,0
All Home Types,6,2019,Toronto E07,80,"$51,104,968 ","$638,812 ","$601,500 ",143,58.60%,148,2.1,102%,20,0
All Home Types,6,2019,Toronto E08,61,"$46,343,040 ","$759,722 ","$780,000 ",114,55.00%,132,2.1,100%,14,0
All Home Types,6,2019,Toronto E09,92,"$58,740,712 ","$638,486 ","$692,000 ",158,64.60%,140,1.5,101%,16,0
All Home Types,6,2019,Toronto E10,59,"$46,218,950 ","$783,372 ","$782,500 ",107,53.90%,123,2.3,98%,22,0
All Home Types,6,2019,Toronto E11,74,"$43,997,800 ","$594,565 ","$616,500 ",110,61.70%,103,1.6,100%,17,0
All Home Types,7,2019,All TRREB Areas,8595,"$6,934,056,644 ","$806,755 ","$705,000 ",14393,52.80%,17938,2.4,99%,23,0
All Home Types,7,2019,Halton Region,866,"$765,948,161 ","$884,467 ","$780,000 ",1265,55.40%,1731,2.4,98%,27,0
All Home Types,7,2019,Burlington,228,"$184,693,323 ","$810,058 ","$739,950 ",313,62.10%,435,2.2,98%,29,0
All Home Types,7,2019,Halton Hills,108,"$82,187,935 ","$760,999 ","$703,750 ",145,57.10%,174,2.1,98%,21,0
All Home Types,7,2019,Milton,212,"$157,108,230 ","$741,077 ","$714,500 ",304,59.90%,296,1.7,99%,18,0
All Home Types,7,2019,Oakville,318,"$341,958,673 ","$1,075,342 ","$956,231 ",503,48.20%,826,3.2,97%,33,0
All Home Types,7,2019,Peel Region,1809,"$1,377,529,422 ","$761,487 ","$702,000 ",2897,57.00%,3006,1.9,98%,19,0
All Home Types,7,2019,Brampton,858,"$631,832,107 ","$736,401 ","$699,950 ",1433,56.30%,1313,1.8,99%,18,0
All Home Types,7,2019,Caledon,108,"$101,255,300 ","$937,549 ","$842,500 ",180,47.20%,287,3.6,97%,27,0
All Home Types,7,2019,Mississauga,843,"$644,442,015 ","$764,463 ","$684,500 ",1284,59.10%,1406,1.9,98%,20,0
All Home Types,7,2019,City of Toronto,3110,"$2,612,223,392 ","$839,943 ","$705,000 ",4762,58.00%,5265,1.9,100%,20,0
All Home Types,7,2019,Toronto West,829,"$646,577,033 ","$779,948 ","$710,000 ",1180,61.40%,1265,1.8,100%,21,0
All Home Types,7,2019,Toronto Central,1442,"$1,338,488,614 ","$928,217 ","$692,000 ",2332,55.00%,2849,2.1,99%,22,0
All Home Types,7,2019,Toronto East,839,"$627,157,745 ","$747,506 ","$715,000 ",1250,60.40%,1151,1.6,101%,18,0
All Home Types,7,2019,York Region,1444,"$1,343,752,579 ","$930,577 ","$858,950 ",2897,40.70%,4565,4,98%,28,0
All Home Types,7,2019,Aurora,97,"$82,713,208 ","$852,713 ","$815,000 ",146,40.80%,277,3.9,98%,29,0
All Home Types,7,2019,East Gwillimbury,58,"$45,620,826 ","$786,566 ","$782,500 ",117,36.70%,208,5.2,97%,31,0
All Home Types,7,2019,Georgina,78,"$43,457,800 ","$557,151 ","$557,500 ",163,39.70%,310,4.3,97%,32,0
All Home Types,7,2019,King,30,"$44,591,700 ","$1,486,390 ","$1,347,500 ",111,25.20%,291,9.6,95%,43,0
All Home Types,7,2019,Markham,398,"$378,043,898 ","$949,859 ","$884,000 ",759,45.40%,959,3.3,99%,26,0
All Home Types,7,2019,Newmarket,134,"$105,380,305 ","$786,420 ","$759,500 ",230,44.00%,345,3.5,98%,29,0
All Home Types,7,2019,Richmond Hill,262,"$264,107,867 ","$1,008,045 ","$945,000 ",610,36.90%,996,4.6,97%,27,0
All Home Types,7,2019,Vaughan,323,"$322,949,475 ","$999,844 ","$939,000 ",638,41.50%,917,3.6,98%,25,0
All Home Types,7,2019,Whitchurch-Stouffville,64,"$56,887,500 ","$888,867 ","$826,500 ",123,40.80%,262,4.8,97%,32,0
All Home Types,7,2019,Durham Region,1041,"$629,740,888 ","$604,938 ","$575,000 ",1892,52.40%,2176,2.3,98%,23,0
All Home Types,7,2019,Ajax,171,"$109,910,174 ","$642,750 ","$620,000 ",287,57.80%,275,1.7,99%,20,0
All Home Types,7,2019,Brock,17,"$9,456,000 ","$556,235 ","$505,000 ",40,44.40%,98,4.7,96%,37,0
All Home Types,7,2019,Clarington,171,"$94,853,415 ","$554,698 ","$530,000 ",334,51.40%,388,2.3,99%,24,0
All Home Types,7,2019,Oshawa,300,"$150,356,035 ","$501,187 ","$485,000 ",527,51.90%,532,2.2,99%,22,0
All Home Types,7,2019,Pickering,127,"$96,014,275 ","$756,018 ","$660,000 ",240,51.80%,287,2.4,98%,24,0
All Home Types,7,2019,Scugog,31,"$22,455,700 ","$724,377 ","$632,000 ",71,47.70%,135,4.1,97%,36,0
All Home Types,7,2019,Uxbridge,25,"$17,940,500 ","$717,620 ","$658,000 ",66,47.00%,125,4.4,97%,34,0
All Home Types,7,2019,Whitby,199,"$128,754,789 ","$647,009 ","$610,000 ",327,53.00%,336,2,99%,21,0
All Home Types,7,2019,Dufferin County,47,"$27,118,800 ","$576,996 ","$580,000 ",80,66.70%,101,1.7,99%,28,0
All Home Types,7,2019,Orangeville,47,"$27,118,800 ","$576,996 ","$580,000 ",80,66.70%,101,1.7,99%,28,0
All Home Types,7,2019,Simcoe County,278,"$177,743,402 ","$639,365 ","$605,200 ",600,43.30%,1094,4.2,97%,35,0
All Home Types,7,2019,Adjala-Tosorontio,18,"$12,824,764 ","$712,487 ","$661,250 ",31,56.70%,53,3.6,97%,54,0
All Home Types,7,2019,Bradford,70,"$49,848,500 ","$712,121 ","$682,500 ",130,46.40%,190,3.4,98%,27,0
All Home Types,7,2019,Innisfil,84,"$46,639,938 ","$555,237 ","$527,000 ",237,31.90%,473,6.4,97%,34,0
All Home Types,7,2019,New Tecumseth,84,"$56,438,800 ","$671,890 ","$595,000 ",129,53.20%,236,3.3,97%,41,0
All Home Types,7,2019,All TRREB Areas,8595,"$6,934,056,644 ","$806,755 ","$705,000 ",14393,52.80%,17938,2.4,99%,23,0
All Home Types,7,2019,City of Toronto,3110,"$2,612,223,392 ","$839,943 ","$705,000 ",4762,58.00%,5265,1.9,100%,20,0
All Home Types,7,2019,Toronto West,829,"$646,577,033 ","$779,948 ","$710,000 ",1180,61.40%,1265,1.8,100%,21,0
All Home Types,7,2019,Toronto W01,52,"$45,064,103 ","$866,617 ","$692,000 ",71,72.00%,56,1,102%,15,0
All Home Types,7,2019,Toronto W02,77,"$78,761,778 ","$1,022,880 ","$960,000 ",101,66.60%,71,1,104%,14,0
All Home Types,7,2019,Toronto W03,66,"$50,969,537 ","$772,266 ","$757,500 ",98,62.80%,79,1.6,102%,22,0
All Home Types,7,2019,Toronto W04,75,"$55,370,150 ","$738,269 ","$721,000 ",120,58.70%,141,2.2,99%,22,0
All Home Types,7,2019,Toronto W05,111,"$72,222,899 ","$650,657 ","$690,500 ",161,61.60%,197,2.2,99%,22,0
All Home Types,7,2019,Toronto W06,141,"$103,485,380 ","$733,939 ","$646,000 ",201,57.90%,259,2.2,99%,26,0
All Home Types,7,2019,Toronto W07,16,"$17,029,500 ","$1,064,344 ","$1,006,000 ",30,57.20%,41,1.7,99%,18,0
All Home Types,7,2019,Toronto W08,156,"$128,796,735 ","$825,620 ","$572,750 ",204,60.30%,239,1.8,98%,21,0
All Home Types,7,2019,Toronto W09,49,"$41,752,450 ","$852,091 ","$900,000 ",63,61.70%,53,1.8,98%,19,0
All Home Types,7,2019,Toronto W10,86,"$53,124,501 ","$617,727 ","$670,750 ",131,62.20%,129,1.8,100%,22,0
All Home Types,7,2019,Toronto Central,1442,"$1,338,488,614 ","$928,217 ","$692,000 ",2332,55.00%,2849,2.1,99%,22,0
All Home Types,7,2019,Toronto C01,460,"$346,703,888 ","$753,704 ","$665,000 ",727,62.00%,689,1.5,101%,18,0
All Home Types,7,2019,Toronto C02,78,"$111,394,834 ","$1,428,139 ","$1,050,000 ",114,56.00%,150,2,97%,23,0
All Home Types,7,2019,Toronto C03,39,"$67,679,132 ","$1,735,362 ","$1,160,000 ",65,56.30%,83,1.9,100%,17,0
All Home Types,7,2019,Toronto C04,75,"$128,592,099 ","$1,714,561 ","$1,627,500 ",113,47.90%,158,2.5,97%,19,0
All Home Types,7,2019,Toronto C06,37,"$31,676,572 ","$856,124 ","$818,888 ",56,51.70%,64,2.6,99%,24,0
All Home Types,7,2019,Toronto C07,113,"$101,215,980 ","$895,717 ","$647,000 ",193,45.60%,287,3.3,99%,25,0
All Home Types,7,2019,Toronto C08,179,"$131,556,300 ","$734,951 ","$675,000 ",268,59.70%,255,1.6,101%,21,0
All Home Types,7,2019,Toronto C09,16,"$34,862,064 ","$2,178,879 ","$1,274,532 ",22,58.50%,42,2.1,98%,22,0
All Home Types,7,2019,Toronto C10,69,"$60,217,329 ","$872,715 ","$780,000 ",92,60.20%,77,1.4,100%,17,0
All Home Types,7,2019,Toronto C11,28,"$19,557,998 ","$698,500 ","$472,000 ",44,65.40%,42,1.6,100%,16,0
All Home Types,7,2019,Toronto C12,27,"$54,331,900 ","$2,012,293 ","$1,695,000 ",63,27.30%,209,7.6,95%,40,0
All Home Types,7,2019,Toronto C13,66,"$54,608,425 ","$827,400 ","$660,000 ",93,52.80%,133,2.5,96%,29,0
All Home Types,7,2019,Toronto C14,120,"$98,826,706 ","$823,556 ","$629,400 ",236,48.80%,348,2.9,97%,27,0
All Home Types,7,2019,Toronto C15,135,"$97,265,387 ","$720,484 ","$591,000 ",246,53.30%,312,2.6,99%,26,0
All Home Types,7,2019,Toronto East,839,"$627,157,745 ","$747,506 ","$715,000 ",1250,60.40%,1151,1.6,101%,18,0
All Home Types,7,2019,Toronto E01,68,"$69,160,386 ","$1,017,065 ","$957,500 ",83,65.70%,47,0.9,105%,15,0
All Home Types,7,2019,Toronto E02,61,"$67,434,638 ","$1,105,486 ","$980,000 ",79,63.40%,53,1.1,104%,13,0
All Home Types,7,2019,Toronto E03,77,"$69,022,867 ","$896,401 ","$880,000 ",119,58.80%,99,1.4,104%,12,0
All Home Types,7,2019,Toronto E04,97,"$64,609,988 ","$666,082 ","$705,000 ",146,62.20%,138,1.6,102%,19,0
All Home Types,7,2019,Toronto E05,103,"$72,272,743 ","$701,677 ","$644,000 ",130,60.50%,125,1.9,99%,21,0
All Home Types,7,2019,Toronto E06,32,"$28,465,000 ","$889,531 ","$830,000 ",75,50.10%,69,2.1,100%,18,0
All Home Types,7,2019,Toronto E07,95,"$60,803,176 ","$640,033 ","$601,000 ",135,60.80%,138,2,100%,21,0
All Home Types,7,2019,Toronto E08,58,"$41,823,613 ","$721,097 ","$675,000 ",107,54.20%,132,2.1,98%,17,0
All Home Types,7,2019,Toronto E09,119,"$71,725,648 ","$602,737 ","$562,000 ",147,67.00%,120,1.4,100%,21,0
All Home Types,7,2019,Toronto E10,55,"$38,339,000 ","$697,073 ","$685,000 ",104,54.10%,124,2.3,101%,22,0
All Home Types,7,2019,Toronto E11,74,"$43,500,686 ","$587,847 ","$601,750 ",125,61.50%,106,1.6,101%,15,0
All Home Types,8,2019,All TRREB Areas,7711,"$6,111,824,249 ","$792,611 ","$699,888 ",11789,53.50%,15870,2.4,98%,25,0
All Home Types,8,2019,Halton Region,754,"$646,492,709 ","$857,417 ","$755,000 ",1013,55.90%,1499,2.4,98%,28,0
All Home Types,8,2019,Burlington,213,"$169,981,115 ","$798,033 ","$718,000 ",257,62.90%,378,2.1,98%,31,0
All Home Types,8,2019,Halton Hills,83,"$64,842,477 ","$781,235 ","$720,000 ",128,55.40%,171,2.2,97%,31,0
All Home Types,8,2019,Milton,210,"$155,178,139 ","$738,944 ","$712,500 ",229,62.00%,219,1.6,99%,21,0
All Home Types,8,2019,Oakville,248,"$256,490,978 ","$1,034,238 ","$871,500 ",399,48.20%,731,3.2,97%,31,0
All Home Types,8,2019,Peel Region,1709,"$1,274,744,332 ","$745,901 ","$704,500 ",2621,57.90%,2719,1.9,99%,21,0
All Home Types,8,2019,Brampton,824,"$605,114,415 ","$734,362 ","$700,550 ",1310,57.60%,1229,1.7,99%,19,0
All Home Types,8,2019,Caledon,106,"$98,974,500 ","$933,722 ","$833,000 ",150,49.30%,248,3.4,98%,29,0
All Home Types,8,2019,Mississauga,779,"$570,655,417 ","$732,549 ","$689,900 ",1161,59.50%,1242,1.8,98%,21,0
All Home Types,8,2019,City of Toronto,2553,"$2,090,180,662 ","$818,715 ","$685,000 ",3727,58.20%,4616,1.9,99%,23,0
All Home Types,8,2019,Toronto West,670,"$529,035,191 ","$789,605 ","$705,000 ",975,61.20%,1156,1.8,100%,24,0
All Home Types,8,2019,Toronto Central,1200,"$1,075,781,795 ","$896,485 ","$674,000 ",1797,55.20%,2466,2.1,99%,24,0
All Home Types,8,2019,Toronto East,683,"$485,363,676 ","$710,635 ","$695,000 ",955,61.10%,994,1.6,101%,20,0
All Home Types,8,2019,York Region,1319,"$1,255,358,256 ","$951,750 ","$855,000 ",2341,41.70%,4028,3.9,97%,32,0
All Home Types,8,2019,Aurora,69,"$63,139,158 ","$915,060 ","$854,900 ",174,40.30%,275,3.9,97%,35,0
All Home Types,8,2019,East Gwillimbury,45,"$37,252,400 ","$827,831 ","$788,300 ",88,37.40%,186,5,97%,39,0
All Home Types,8,2019,Georgina,78,"$43,066,288 ","$552,132 ","$561,000 ",164,40.80%,279,4.1,97%,38,0
All Home Types,8,2019,King,39,"$54,755,000 ","$1,403,974 ","$1,322,000 ",84,26.10%,261,9.3,93%,53,0
All Home Types,8,2019,Markham,347,"$332,388,690 ","$957,892 ","$899,000 ",585,46.40%,836,3.2,99%,27,0
All Home Types,8,2019,Newmarket,120,"$95,926,300 ","$799,386 ","$736,500 ",182,45.40%,292,3.3,98%,33,0
All Home Types,8,2019,Richmond Hill,252,"$262,431,295 ","$1,041,394 ","$950,000 ",445,37.70%,839,4.5,96%,32,0
All Home Types,8,2019,Vaughan,299,"$299,130,287 ","$1,000,436 ","$935,000 ",487,42.90%,804,3.5,98%,26,0
All Home Types,8,2019,Whitchurch-Stouffville,70,"$67,268,838 ","$960,983 ","$812,450 ",132,41.60%,256,4.7,97%,45,0
All Home Types,8,2019,Durham Region,1046,"$642,622,829 ","$614,362 ","$585,000 ",1542,53.20%,1917,2.3,98%,26,0
All Home Types,8,2019,Ajax,160,"$105,240,266 ","$657,752 ","$640,000 ",237,58.40%,243,1.7,99%,21,0
All Home Types,8,2019,Brock,18,"$9,188,499 ","$510,472 ","$462,500 ",32,45.10%,89,4.8,96%,68,0
All Home Types,8,2019,Clarington,195,"$112,545,539 ","$577,157 ","$541,000 ",297,51.70%,346,2.3,98%,27,0
All Home Types,8,2019,Oshawa,290,"$149,853,633 ","$516,737 ","$510,000 ",409,53.30%,453,2.1,99%,23,0
All Home Types,8,2019,Pickering,148,"$101,572,478 ","$686,301 ","$671,000 ",204,53.80%,241,2.2,99%,24,0
All Home Types,8,2019,Scugog,30,"$17,464,100 ","$582,137 ","$557,000 ",62,47.40%,132,4.2,96%,50,0
All Home Types,8,2019,Uxbridge,33,"$28,482,710 ","$863,112 ","$815,000 ",56,48.60%,117,4.2,97%,49,0
All Home Types,8,2019,Whitby,172,"$118,275,604 ","$687,649 ","$642,500 ",245,53.00%,296,2,98%,22,0
All Home Types,8,2019,Dufferin County,61,"$33,979,386 ","$557,039 ","$557,000 ",70,69.50%,85,1.7,98%,29,0
All Home Types,8,2019,Orangeville,61,"$33,979,386 ","$557,039 ","$557,000 ",70,69.50%,85,1.7,98%,29,0
All Home Types,8,2019,Simcoe County,269,"$168,446,075 ","$626,194 ","$595,000 ",475,44.40%,1006,4.2,98%,36,0
All Home Types,8,2019,Adjala-Tosorontio,14,"$9,878,500 ","$705,607 ","$665,000 ",16,59.40%,49,3.4,95%,54,0
All Home Types,8,2019,Bradford,63,"$45,270,000 ","$718,571 ","$690,000 ",98,48.20%,165,3.2,98%,24,0
All Home Types,8,2019,Innisfil,71,"$42,270,800 ","$595,363 ","$545,000 ",180,32.30%,457,6.4,97%,46,0
All Home Types,8,2019,New Tecumseth,76,"$45,865,100 ","$603,488 ","$582,500 ",131,53.80%,219,3.2,98%,32,0
All Home Types,8,2019,All TRREB Areas,7711,"$6,111,824,249 ","$792,611 ","$699,888 ",11789,53.50%,15870,2.4,98%,25,0
All Home Types,8,2019,City of Toronto,2553,"$2,090,180,662 ","$818,715 ","$685,000 ",3727,58.20%,4616,1.9,99%,23,0
All Home Types,8,2019,Toronto West,670,"$529,035,191 ","$789,605 ","$705,000 ",975,61.20%,1156,1.8,100%,24,0
All Home Types,8,2019,Toronto W01,36,"$34,871,500 ","$968,653 ","$782,000 ",41,72.90%,48,1,101%,18,0
All Home Types,8,2019,Toronto W02,55,"$53,788,666 ","$977,976 ","$936,000 ",84,66.00%,65,1,107%,15,0
All Home Types,8,2019,Toronto W03,46,"$37,587,897 ","$817,128 ","$792,500 ",52,62.80%,58,1.5,100%,22,0
All Home Types,8,2019,Toronto W04,60,"$44,131,188 ","$735,520 ","$705,000 ",116,57.60%,139,2.2,100%,21,0
All Home Types,8,2019,Toronto W05,101,"$68,822,800 ","$681,414 ","$700,000 ",153,61.20%,185,2.1,99%,31,0
All Home Types,8,2019,Toronto W06,121,"$87,748,847 ","$725,197 ","$648,000 ",169,57.50%,233,2.2,100%,23,0
All Home Types,8,2019,Toronto W07,20,"$29,168,500 ","$1,458,425 ","$1,210,000 ",26,55.90%,33,1.7,97%,33,0
All Home Types,8,2019,Toronto W08,128,"$109,021,710 ","$851,732 ","$605,000 ",180,61.00%,213,1.7,98%,22,0
All Home Types,8,2019,Toronto W09,27,"$20,373,888 ","$754,588 ","$800,000 ",52,60.70%,60,1.8,98%,23,0
All Home Types,8,2019,Toronto W10,76,"$43,520,195 ","$572,634 ","$537,500 ",102,62.10%,122,1.8,99%,29,0
All Home Types,8,2019,Toronto Central,1200,"$1,075,781,795 ","$896,485 ","$674,000 ",1797,55.20%,2466,2.1,99%,24,0
All Home Types,8,2019,Toronto C01,373,"$286,925,087 ","$769,236 ","$670,000 ",549,61.70%,602,1.5,100%,21,0
All Home Types,8,2019,Toronto C02,53,"$69,406,390 ","$1,309,555 ","$938,000 ",83,55.40%,123,2,100%,24,0
All Home Types,8,2019,Toronto C03,24,"$34,829,468 ","$1,451,228 ","$1,026,500 ",38,55.90%,67,1.9,101%,20,0
All Home Types,8,2019,Toronto C04,31,"$54,873,459 ","$1,770,112 ","$1,754,000 ",75,47.00%,146,2.6,98%,25,0
All Home Types,8,2019,Toronto C06,28,"$29,987,018 ","$1,070,965 ","$1,010,000 ",36,53.70%,54,2.5,96%,35,0
All Home Types,8,2019,Toronto C07,90,"$81,172,208 ","$901,913 ","$685,000 ",168,46.70%,265,3.2,97%,32,0
All Home Types,8,2019,Toronto C08,147,"$107,442,247 ","$730,900 ","$660,000 ",190,60.10%,215,1.6,100%,22,0
All Home Types,8,2019,Toronto C09,14,"$20,999,125 ","$1,499,938 ","$1,200,000 ",27,57.90%,40,2.1,98%,23,0
All Home Types,8,2019,Toronto C10,41,"$33,822,400 ","$824,937 ","$655,000 ",63,59.50%,69,1.5,100%,19,0
All Home Types,8,2019,Toronto C11,27,"$26,431,500 ","$978,944 ","$490,000 ",32,66.40%,32,1.5,99%,18,0
All Home Types,8,2019,Toronto C12,20,"$56,083,000 ","$2,804,150 ","$2,462,500 ",60,26.10%,199,8.1,91%,34,0
All Home Types,8,2019,Toronto C13,51,"$48,393,300 ","$948,888 ","$783,000 ",75,54.70%,110,2.4,98%,27,0
All Home Types,8,2019,Toronto C14,145,"$119,056,819 ","$821,082 ","$635,000 ",198,49.90%,283,2.8,97%,26,0
All Home Types,8,2019,Toronto C15,156,"$106,359,774 ","$681,793 ","$581,750 ",203,54.80%,261,2.5,99%,25,0
All Home Types,8,2019,Toronto East,683,"$485,363,676 ","$710,635 ","$695,000 ",955,61.10%,994,1.6,101%,20,0
All Home Types,8,2019,Toronto E01,35,"$34,031,302 ","$972,323 ","$940,000 ",45,66.40%,38,0.9,109%,12,0
All Home Types,8,2019,Toronto E02,34,"$40,280,299 ","$1,184,715 ","$1,044,500 ",49,63.20%,37,1.1,99%,22,0
All Home Types,8,2019,Toronto E03,57,"$53,595,899 ","$940,279 ","$890,000 ",74,59.40%,69,1.4,102%,20,0
All Home Types,8,2019,Toronto E04,84,"$54,353,891 ","$647,070 ","$655,500 ",131,61.40%,129,1.6,101%,21,0
All Home Types,8,2019,Toronto E05,80,"$52,550,820 ","$656,885 ","$610,000 ",113,61.50%,113,1.8,100%,18,0
All Home Types,8,2019,Toronto E06,22,"$16,009,900 ","$727,723 ","$713,000 ",34,50.80%,59,2.1,100%,18,0
All Home Types,8,2019,Toronto E07,87,"$60,343,350 ","$693,602 ","$720,000 ",109,63.50%,118,1.9,100%,24,0
All Home Types,8,2019,Toronto E08,63,"$43,361,100 ","$688,271 ","$674,000 ",92,54.90%,121,2.1,100%,23,0
All Home Types,8,2019,Toronto E09,109,"$59,662,328 ","$547,361 ","$490,000 ",139,67.70%,102,1.3,101%,18,0
All Home Types,8,2019,Toronto E10,52,"$35,968,787 ","$691,707 ","$717,400 ",76,54.50%,114,2.3,100%,20,0
All Home Types,8,2019,Toronto E11,60,"$35,206,000 ","$586,767 ","$587,500 ",93,62.50%,94,1.6,101%,22,0
All Home Types,9,2019,All TRREB Areas,7825,"$6,597,374,617 ","$843,115 ","$720,000 ",15611,54.40%,17254,2.3,99%,23,0
All Home Types,9,2019,Halton Region,668,"$606,579,169 ","$908,053 ","$780,000 ",1395,56.50%,1680,2.4,97%,25,0
All Home Types,9,2019,Burlington,206,"$169,037,131 ","$820,569 ","$767,900 ",382,63.20%,429,2.1,98%,24,0
All Home Types,9,2019,Halton Hills,67,"$56,374,170 ","$841,406 ","$745,000 ",168,55.60%,196,2.2,97%,22,0
All Home Types,9,2019,Milton,171,"$126,852,800 ","$741,829 ","$724,000 ",252,64.00%,219,1.5,99%,18,0
All Home Types,9,2019,Oakville,224,"$254,315,068 ","$1,135,335 ","$923,500 ",593,48.40%,836,3.2,96%,32,0
All Home Types,9,2019,Peel Region,1631,"$1,246,463,146 ","$764,232 ","$708,500 ",2817,59.20%,2764,1.8,99%,20,0
All Home Types,9,2019,Brampton,778,"$574,541,471 ","$738,485 ","$701,000 ",1257,59.20%,1144,1.6,99%,20,0
All Home Types,9,2019,Caledon,76,"$78,719,940 ","$1,035,789 ","$909,500 ",200,49.30%,290,3.3,98%,25,0
All Home Types,9,2019,Mississauga,777,"$593,201,735 ","$763,451 ","$699,200 ",1360,60.60%,1330,1.8,99%,19,0
All Home Types,9,2019,City of Toronto,2995,"$2,734,723,925 ","$913,096 ","$738,000 ",5810,58.80%,5479,1.9,101%,19,0
All Home Types,9,2019,Toronto West,840,"$703,547,407 ","$837,556 ","$730,500 ",1516,62.20%,1387,1.7,101%,19,0
All Home Types,9,2019,Toronto Central,1340,"$1,395,813,818 ","$1,041,652 ","$739,750 ",2859,55.40%,2941,2.1,100%,20,0
All Home Types,9,2019,Toronto East,815,"$635,362,700 ","$779,586 ","$750,000 ",1435,62.10%,1151,1.5,104%,17,0
All Home Types,9,2019,York Region,1273,"$1,241,279,634 ","$975,082 ","$876,000 ",3100,43.10%,4296,3.7,98%,29,0
All Home Types,9,2019,Aurora,94,"$93,644,728 ","$996,221 ","$849,500 ",201,43.10%,279,3.6,97%,28,0
All Home Types,9,2019,East Gwillimbury,56,"$47,418,300 ","$846,755 ","$792,500 ",128,39.40%,193,4.6,97%,42,0
All Home Types,9,2019,Georgina,75,"$43,158,000 ","$575,440 ","$525,000 ",191,41.00%,289,4,96%,42,0
All Home Types,9,2019,King,39,"$61,799,900 ","$1,584,613 ","$1,485,000 ",131,27.90%,281,8.9,96%,43,0
All Home Types,9,2019,Markham,345,"$346,775,999 ","$1,005,148 ","$920,000 ",753,47.70%,903,3,99%,24,0
All Home Types,9,2019,Newmarket,121,"$98,544,177 ","$814,415 ","$748,800 ",262,47.10%,306,3.1,99%,26,0
All Home Types,9,2019,Richmond Hill,224,"$235,641,725 ","$1,051,972 ","$972,500 ",596,39.00%,889,4.3,98%,32,0
All Home Types,9,2019,Vaughan,252,"$251,488,907 ","$997,972 ","$900,000 ",656,44.40%,877,3.3,97%,24,0
All Home Types,9,2019,Whitchurch-Stouffville,67,"$62,807,898 ","$937,431 ","$835,000 ",182,41.90%,279,4.5,97%,38,0
All Home Types,9,2019,Durham Region,956,"$584,659,830 ","$611,569 ","$575,000 ",1842,54.20%,1936,2.2,99%,23,0
All Home Types,9,2019,Ajax,158,"$104,327,100 ","$660,298 ","$621,000 ",291,58.60%,243,1.6,99%,21,0
All Home Types,9,2019,Brock,21,"$10,384,252 ","$494,488 ","$490,000 ",46,45.40%,89,4.8,98%,51,0
All Home Types,9,2019,Clarington,192,"$107,973,592 ","$562,362 ","$533,500 ",341,53.30%,343,2.2,99%,22,0
All Home Types,9,2019,Oshawa,242,"$123,510,876 ","$510,376 ","$493,750 ",464,54.40%,437,2.1,99%,20,0
All Home Types,9,2019,Pickering,124,"$90,750,378 ","$731,858 ","$641,150 ",210,55.50%,239,2.2,98%,22,0
All Home Types,9,2019,Scugog,27,"$17,112,288 ","$633,788 ","$587,000 ",77,45.70%,132,4.3,97%,49,0
All Home Types,9,2019,Uxbridge,30,"$24,805,205 ","$826,840 ","$715,000 ",64,51.00%,123,4,99%,37,0
All Home Types,9,2019,Whitby,162,"$105,796,139 ","$653,063 ","$619,950 ",349,53.40%,330,2,99%,21,0
All Home Types,9,2019,Dufferin County,46,"$25,862,350 ","$562,225 ","$560,500 ",89,68.10%,99,1.7,99%,24,0
All Home Types,9,2019,Orangeville,46,"$25,862,350 ","$562,225 ","$560,500 ",89,68.10%,99,1.7,99%,24,0
All Home Types,9,2019,Simcoe County,256,"$157,806,563 ","$616,432 ","$595,000 ",558,45.10%,1000,4.1,97%,42,0
All Home Types,9,2019,Adjala-Tosorontio,15,"$10,290,000 ","$686,000 ","$595,000 ",28,59.40%,52,3.4,96%,51,0
All Home Types,9,2019,Bradford,51,"$35,971,900 ","$705,331 ","$699,000 ",132,48.30%,187,3.1,98%,32,0
All Home Types,9,2019,Innisfil,96,"$53,934,108 ","$561,814 ","$546,950 ",213,34.00%,432,6.1,97%,40,0
All Home Types,9,2019,New Tecumseth,64,"$39,904,655 ","$623,510 ","$595,000 ",132,54.10%,228,3.2,98%,43,0
All Home Types,9,2019,All TRREB Areas,7825,"$6,597,374,617 ","$843,115 ","$720,000 ",15611,54.40%,17254,2.3,99%,23,0
All Home Types,9,2019,City of Toronto,2995,"$2,734,723,925 ","$913,096 ","$738,000 ",5810,58.80%,5479,1.9,101%,19,0
All Home Types,9,2019,Toronto West,840,"$703,547,407 ","$837,556 ","$730,500 ",1516,62.20%,1387,1.7,101%,19,0
All Home Types,9,2019,Toronto W01,48,"$51,008,411 ","$1,062,675 ","$947,000 ",78,72.90%,53,1,108%,14,0
All Home Types,9,2019,Toronto W02,103,"$109,438,406 ","$1,062,509 ","$981,000 ",157,67.60%,87,1,105%,15,0
All Home Types,9,2019,Toronto W03,48,"$36,223,000 ","$754,646 ","$745,000 ",145,61.30%,114,1.5,103%,17,0
All Home Types,9,2019,Toronto W04,65,"$44,181,900 ","$679,722 ","$680,000 ",149,58.00%,182,2.2,99%,21,0
All Home Types,9,2019,Toronto W05,113,"$72,818,575 ","$644,412 ","$680,000 ",178,63.50%,183,2,99%,24,0
All Home Types,9,2019,Toronto W06,162,"$129,550,728 ","$799,696 ","$710,000 ",264,58.20%,259,2.1,99%,19,0
All Home Types,9,2019,Toronto W07,32,"$40,589,950 ","$1,268,436 ","$1,259,900 ",62,56.60%,43,1.7,103%,11,0
All Home Types,9,2019,Toronto W08,151,"$147,700,138 ","$978,147 ","$622,000 ",286,62.50%,258,1.7,100%,19,0
All Home Types,9,2019,Toronto W09,37,"$28,287,788 ","$764,535 ","$742,000 ",89,60.00%,86,1.8,100%,27,0
All Home Types,9,2019,Toronto W10,81,"$43,748,511 ","$540,105 ","$440,000 ",108,65.10%,122,1.7,99%,22,0
All Home Types,9,2019,Toronto Central,1340,"$1,395,813,818 ","$1,041,652 ","$739,750 ",2859,55.40%,2941,2.1,100%,20,0
All Home Types,9,2019,Toronto C01,377,"$310,049,009 ","$822,411 ","$702,800 ",713,61.30%,684,1.6,101%,20,0
All Home Types,9,2019,Toronto C02,70,"$116,836,588 ","$1,669,094 ","$1,300,000 ",183,54.40%,187,2,104%,20,0
All Home Types,9,2019,Toronto C03,46,"$62,598,617 ","$1,360,840 ","$1,129,000 ",105,56.60%,94,1.9,104%,10,0
All Home Types,9,2019,Toronto C04,83,"$159,342,046 ","$1,919,784 ","$1,890,000 ",199,48.10%,188,2.6,98%,18,0
All Home Types,9,2019,Toronto C06,27,"$20,662,000 ","$765,259 ","$598,000 ",64,53.30%,69,2.4,98%,16,0
All Home Types,9,2019,Toronto C07,104,"$102,050,786 ","$981,258 ","$678,000 ",217,47.90%,265,3.1,97%,26,0
All Home Types,9,2019,Toronto C08,183,"$141,012,260 ","$770,559 ","$660,000 ",334,60.20%,273,1.5,101%,18,0
All Home Types,9,2019,Toronto C09,29,"$58,622,500 ","$2,021,466 ","$1,499,000 ",66,58.10%,61,2.1,101%,18,0
All Home Types,9,2019,Toronto C10,56,"$55,072,200 ","$983,432 ","$764,000 ",118,59.70%,104,1.5,102%,15,0
All Home Types,9,2019,Toronto C11,31,"$40,598,500 ","$1,309,629 ","$672,000 ",56,66.60%,43,1.5,102%,10,0
All Home Types,9,2019,Toronto C12,21,"$62,095,000 ","$2,956,905 ","$2,220,000 ",109,26.40%,207,8.3,95%,45,0
All Home Types,9,2019,Toronto C13,55,"$51,117,950 ","$929,417 ","$785,000 ",143,53.70%,151,2.4,99%,18,0
All Home Types,9,2019,Toronto C14,107,"$93,513,188 ","$873,955 ","$660,000 ",270,49.50%,323,2.8,99%,21,0
All Home Types,9,2019,Toronto C15,151,"$122,243,174 ","$809,557 ","$600,000 ",282,56.30%,292,2.3,99%,22,0
All Home Types,9,2019,Toronto East,815,"$635,362,700 ","$779,586 ","$750,000 ",1435,62.10%,1151,1.5,104%,17,0
All Home Types,9,2019,Toronto E01,81,"$88,691,082 ","$1,094,952 ","$1,075,000 ",135,67.30%,62,0.9,113%,10,0
All Home Types,9,2019,Toronto E02,60,"$68,617,276 ","$1,143,621 ","$1,058,500 ",132,62.70%,66,1.1,108%,9,0
All Home Types,9,2019,Toronto E03,94,"$92,436,083 ","$983,363 ","$935,000 ",190,60.00%,116,1.3,107%,10,0
All Home Types,9,2019,Toronto E04,104,"$69,052,787 ","$663,969 ","$690,500 ",172,63.60%,135,1.5,101%,19,0
All Home Types,9,2019,Toronto E05,89,"$59,720,426 ","$671,016 ","$625,000 ",140,64.00%,121,1.7,101%,19,0
All Home Types,9,2019,Toronto E06,30,"$24,981,505 ","$832,717 ","$782,000 ",84,50.90%,85,2.1,100%,20,0
All Home Types,9,2019,Toronto E07,84,"$53,304,403 ","$634,576 ","$546,000 ",118,65.60%,118,1.8,102%,20,0
All Home Types,9,2019,Toronto E08,59,"$41,313,107 ","$700,222 ","$717,000 ",123,54.40%,136,2.1,98%,19,0
All Home Types,9,2019,Toronto E09,101,"$61,584,345 ","$609,746 ","$628,000 ",139,68.40%,97,1.2,101%,21,0
All Home Types,9,2019,Toronto E10,49,"$37,546,500 ","$766,255 ","$760,000 ",107,55.90%,125,2.2,99%,24,0
All Home Types,9,2019,Toronto E11,64,"$38,115,186 ","$595,550 ","$592,500 ",95,63.70%,90,1.5,103%,18,0
All Home Types,10,2019,All TRREB Areas,8491,"$7,235,536,380 ","$852,142 ","$730,000 ",13050,55.60%,15375,2.2,99%,23,0
All Home Types,10,2019,Halton Region,750,"$668,931,126 ","$891,908 ","$790,000 ",1103,57.60%,1463,2.3,97%,25,0
All Home Types,10,2019,Burlington,204,"$167,768,779 ","$822,396 ","$744,950 ",299,63.60%,380,2.1,98%,24,0
All Home Types,10,2019,Halton Hills,88,"$64,989,087 ","$738,512 ","$664,000 ",121,56.70%,164,2.2,97%,28,0
All Home Types,10,2019,Milton,167,"$129,657,831 ","$776,394 ","$735,000 ",221,65.30%,198,1.5,99%,18,0
All Home Types,10,2019,Oakville,291,"$306,515,429 ","$1,053,318 ","$930,000 ",462,49.70%,721,3.1,97%,28,0
All Home Types,10,2019,Peel Region,1690,"$1,335,786,482 ","$790,406 ","$720,000 ",2398,60.40%,2431,1.7,99%,21,0
All Home Types,10,2019,Brampton,766,"$566,754,633 ","$739,889 ","$706,250 ",1105,60.50%,1002,1.6,99%,20,0
All Home Types,10,2019,Caledon,91,"$88,984,750 ","$977,854 ","$840,000 ",156,49.80%,259,3.3,97%,29,0
All Home Types,10,2019,Mississauga,833,"$680,047,099 ","$816,383 ","$723,000 ",1137,61.90%,1170,1.7,98%,21,0
All Home Types,10,2019,City of Toronto,3295,"$3,049,517,260 ","$925,498 ","$751,000 ",4980,59.70%,4980,1.8,101%,19,0
All Home Types,10,2019,Toronto West,883,"$754,667,730 ","$854,663 ","$740,000 ",1324,62.80%,1275,1.7,101%,20,0
All Home Types,10,2019,Toronto Central,1501,"$1,540,687,319 ","$1,026,441 ","$745,000 ",2441,56.00%,2724,2.1,99%,20,0
All Home Types,10,2019,Toronto East,911,"$754,162,211 ","$827,840 ","$770,000 ",1215,63.90%,981,1.5,104%,17,0
All Home Types,10,2019,York Region,1409,"$1,348,550,188 ","$957,097 ","$855,000 ",2392,44.70%,3764,3.5,98%,28,0
All Home Types,10,2019,Aurora,84,"$81,999,988 ","$976,190 ","$848,500 ",132,45.10%,242,3.4,97%,33,0
All Home Types,10,2019,East Gwillimbury,57,"$45,252,257 ","$793,899 ","$720,000 ",98,40.30%,167,4.4,96%,35,0
All Home Types,10,2019,Georgina,69,"$40,092,578 ","$581,052 ","$550,000 ",148,41.00%,270,4,97%,39,0
All Home Types,10,2019,King,19,"$30,125,000 ","$1,585,526 ","$1,248,000 ",98,27.00%,277,9.3,87%,67,0
All Home Types,10,2019,Markham,385,"$367,710,452 ","$955,092 ","$880,000 ",535,50.10%,745,2.9,100%,25,0
All Home Types,10,2019,Newmarket,130,"$98,172,643 ","$755,174 ","$719,000 ",219,48.70%,271,3,99%,23,0
All Home Types,10,2019,Richmond Hill,260,"$280,622,963 ","$1,079,319 ","$970,000 ",486,40.50%,779,4.1,97%,28,0
All Home Types,10,2019,Vaughan,330,"$330,352,419 ","$1,001,068 ","$936,300 ",557,46.10%,776,3.2,98%,27,0
All Home Types,10,2019,Whitchurch-Stouffville,75,"$74,221,888 ","$989,625 ","$837,000 ",119,42.90%,237,4.4,96%,32,0
All Home Types,10,2019,Durham Region,968,"$593,970,640 ","$613,606 ","$581,213 ",1625,55.10%,1803,2.1,99%,22,0
All Home Types,10,2019,Ajax,148,"$99,206,367 ","$670,313 ","$634,500 ",262,58.70%,245,1.6,100%,18,0
All Home Types,10,2019,Brock,22,"$13,009,900 ","$591,359 ","$498,000 ",34,45.80%,84,4.8,94%,47,0
All Home Types,10,2019,Clarington,160,"$89,623,000 ","$560,144 ","$533,000 ",297,53.40%,331,2.2,98%,22,0
All Home Types,10,2019,Oshawa,252,"$127,459,345 ","$505,791 ","$495,450 ",441,55.80%,430,2,99%,20,0
All Home Types,10,2019,Pickering,135,"$93,989,514 ","$696,219 ","$648,000 ",208,56.70%,210,2.1,99%,18,0
All Home Types,10,2019,Scugog,35,"$22,046,650 ","$629,904 ","$636,000 ",43,47.70%,106,4.2,98%,40,0
All Home Types,10,2019,Uxbridge,30,"$23,517,950 ","$783,932 ","$730,000 ",63,51.20%,126,3.9,98%,50,0
All Home Types,10,2019,Whitby,186,"$125,117,914 ","$672,677 ","$619,000 ",277,55.10%,271,1.9,99%,19,0
All Home Types,10,2019,Dufferin County,83,"$48,134,394 ","$579,932 ","$560,000 ",73,69.80%,63,1.5,98%,26,0
All Home Types,10,2019,Orangeville,83,"$48,134,394 ","$579,932 ","$560,000 ",73,69.80%,63,1.5,98%,26,0
All Home Types,10,2019,Simcoe County,296,"$190,646,290 ","$644,075 ","$590,000 ",479,45.90%,871,4,97%,46,0
All Home Types,10,2019,Adjala-Tosorontio,16,"$10,444,000 ","$652,750 ","$586,000 ",21,58.60%,50,3.5,96%,67,0
All Home Types,10,2019,Bradford,62,"$47,162,900 ","$760,692 ","$692,000 ",93,48.90%,148,3.1,98%,31,0
All Home Types,10,2019,Innisfil,96,"$62,550,890 ","$651,572 ","$572,500 ",204,35.10%,391,5.8,96%,52,0
All Home Types,10,2019,New Tecumseth,85,"$50,074,050 ","$589,106 ","$549,900 ",103,55.10%,196,3.2,98%,38,0
All Home Types,10,2019,All TRREB Areas,8491,"$7,235,536,380 ","$852,142 ","$730,000 ",13050,55.60%,15375,2.2,99%,23,0
All Home Types,10,2019,City of Toronto,3295,"$3,049,517,260 ","$925,498 ","$751,000 ",4980,59.70%,4980,1.8,101%,19,0
All Home Types,10,2019,Toronto West,883,"$754,667,730 ","$854,663 ","$740,000 ",1324,62.80%,1275,1.7,101%,20,0
All Home Types,10,2019,Toronto W01,54,"$62,216,691 ","$1,152,161 ","$935,000 ",83,72.20%,49,1,104%,14,0
All Home Types,10,2019,Toronto W02,90,"$99,421,323 ","$1,104,681 ","$1,015,000 ",134,67.40%,92,1,107%,12,0
All Home Types,10,2019,Toronto W03,81,"$69,314,718 ","$855,737 ","$814,000 ",114,60.70%,98,1.5,102%,17,0
All Home Types,10,2019,Toronto W04,93,"$66,016,705 ","$709,857 ","$661,000 ",134,58.30%,151,2.2,99%,22,0
All Home Types,10,2019,Toronto W05,109,"$71,864,450 ","$659,307 ","$695,000 ",171,64.00%,179,1.9,100%,23,0
All Home Types,10,2019,Toronto W06,145,"$110,444,200 ","$761,684 ","$655,000 ",251,58.70%,259,2.1,100%,20,0
All Home Types,10,2019,Toronto W07,28,"$39,232,125 ","$1,401,147 ","$1,347,000 ",44,57.00%,39,1.8,99%,16,0
All Home Types,10,2019,Toronto W08,156,"$156,696,927 ","$1,004,467 ","$712,500 ",239,62.80%,249,1.7,99%,23,0
All Home Types,10,2019,Toronto W09,55,"$39,120,241 ","$711,277 ","$780,000 ",85,62.40%,82,1.7,102%,18,0
All Home Types,10,2019,Toronto W10,72,"$40,340,350 ","$560,283 ","$472,000 ",69,68.90%,77,1.6,99%,23,0
All Home Types,10,2019,Toronto Central,1501,"$1,540,687,319 ","$1,026,441 ","$745,000 ",2441,56.00%,2724,2.1,99%,20,0
All Home Types,10,2019,Toronto C01,467,"$389,340,107 ","$833,705 ","$707,000 ",673,61.80%,607,1.6,102%,18,0
All Home Types,10,2019,Toronto C02,82,"$133,317,750 ","$1,625,826 ","$1,325,500 ",163,53.30%,183,2.1,100%,21,0
All Home Types,10,2019,Toronto C03,51,"$73,002,990 ","$1,431,431 ","$967,000 ",82,55.80%,84,1.9,99%,17,0
All Home Types,10,2019,Toronto C04,63,"$109,399,465 ","$1,736,499 ","$1,561,500 ",121,47.90%,180,2.6,99%,20,0
All Home Types,10,2019,Toronto C06,29,"$27,213,900 ","$938,410 ","$950,000 ",37,55.40%,60,2.4,97%,24,0
All Home Types,10,2019,Toronto C07,91,"$83,595,298 ","$918,630 ","$701,000 ",178,48.30%,236,3.1,97%,27,0
All Home Types,10,2019,Toronto C08,192,"$156,839,879 ","$816,874 ","$693,000 ",310,61.50%,275,1.5,101%,17,0
All Home Types,10,2019,Toronto C09,31,"$65,236,900 ","$2,104,416 ","$1,770,000 ",51,58.60%,57,2,99%,22,0
All Home Types,10,2019,Toronto C10,76,"$81,439,989 ","$1,071,579 ","$822,500 ",98,62.00%,85,1.4,101%,19,0
All Home Types,10,2019,Toronto C11,34,"$41,561,379 ","$1,222,394 ","$852,500 ",72,66.00%,58,1.4,100%,18,0
All Home Types,10,2019,Toronto C12,32,"$88,985,038 ","$2,780,782 ","$2,324,500 ",104,27.10%,204,8,95%,32,0
All Home Types,10,2019,Toronto C13,69,"$61,091,424 ","$885,383 ","$725,000 ",128,53.70%,152,2.4,98%,25,0
All Home Types,10,2019,Toronto C14,132,"$107,364,616 ","$813,368 ","$630,000 ",216,50.30%,287,2.8,98%,21,0
All Home Types,10,2019,Toronto C15,152,"$122,298,584 ","$804,596 ","$656,500 ",208,57.70%,256,2.2,99%,23,0
All Home Types,10,2019,Toronto East,911,"$754,162,211 ","$827,840 ","$770,000 ",1215,63.90%,981,1.5,104%,17,0
All Home Types,10,2019,Toronto E01,92,"$102,498,179 ","$1,114,111 ","$1,116,000 ",127,67.00%,51,0.9,112%,9,0
All Home Types,10,2019,Toronto E02,67,"$81,670,294 ","$1,218,960 ","$1,031,000 ",107,63.10%,66,1.1,105%,13,0
All Home Types,10,2019,Toronto E03,109,"$118,596,488 ","$1,088,041 ","$985,000 ",128,62.20%,77,1.3,107%,14,0
All Home Types,10,2019,Toronto E04,110,"$75,262,226 ","$684,202 ","$713,500 ",137,65.90%,117,1.4,102%,21,0
All Home Types,10,2019,Toronto E05,86,"$60,751,798 ","$706,416 ","$636,500 ",117,66.10%,115,1.6,101%,20,0
All Home Types,10,2019,Toronto E06,57,"$52,062,753 ","$913,382 ","$770,000 ",83,53.00%,78,2,101%,23,0
All Home Types,10,2019,Toronto E07,83,"$56,186,988 ","$676,952 ","$692,000 ",96,68.80%,95,1.6,101%,21,0
All Home Types,10,2019,Toronto E08,74,"$55,288,230 ","$747,138 ","$707,000 ",119,56.50%,124,2,100%,19,0
All Home Types,10,2019,Toronto E09,96,"$62,530,079 ","$651,355 ","$723,500 ",110,70.60%,65,1.2,101%,14,0
All Home Types,10,2019,Toronto E10,67,"$50,308,676 ","$750,876 ","$790,000 ",101,56.10%,110,2.2,99%,21,0
All Home Types,10,2019,Toronto E11,70,"$39,006,500 ","$557,236 ","$532,500 ",90,66.00%,83,1.4,100%,16,0
All Home Types,11,2019,All TRREB Areas,7090,"$5,981,386,461 ","$843,637 ","$729,000 ",8650,56.80%,11958,2.2,99%,24,0
All Home Types,11,2019,Halton Region,668,"$595,878,520 ","$892,034 ","$790,500 ",808,59.00%,1174,2.2,98%,26,0
All Home Types,11,2019,Burlington,195,"$159,544,473 ","$818,177 ","$740,000 ",223,64.70%,314,2,98%,27,0
All Home Types,11,2019,Halton Hills,77,"$58,933,280 ","$765,367 ","$725,000 ",95,58.60%,131,2.1,98%,24,0
All Home Types,11,2019,Milton,156,"$122,677,600 ","$786,395 ","$739,950 ",155,67.30%,137,1.4,99%,20,0
All Home Types,11,2019,Oakville,240,"$254,723,167 ","$1,061,347 ","$936,000 ",335,50.90%,592,3,97%,29,0
All Home Types,11,2019,Peel Region,1369,"$1,053,354,664 ","$769,434 ","$723,000 ",1594,61.60%,1829,1.7,99%,22,0
All Home Types,11,2019,Brampton,655,"$481,097,100 ","$734,499 ","$710,000 ",779,61.60%,741,1.5,99%,21,0
All Home Types,11,2019,Caledon,70,"$63,651,941 ","$909,313 ","$855,000 ",71,51.30%,201,3.2,97%,31,0
All Home Types,11,2019,Mississauga,644,"$508,605,623 ","$789,760 ","$739,500 ",744,63.00%,887,1.7,98%,21,0
All Home Types,11,2019,City of Toronto,2718,"$2,474,517,578 ","$910,419 ","$739,000 ",3308,60.70%,3918,1.8,100%,21,0
All Home Types,11,2019,Toronto West,757,"$629,657,308 ","$831,780 ","$730,000 ",857,63.80%,967,1.7,101%,22,0
All Home Types,11,2019,Toronto Central,1245,"$1,264,106,987 ","$1,015,347 ","$720,000 ",1663,56.70%,2259,2.1,99%,22,0
All Home Types,11,2019,Toronto East,716,"$580,753,283 ","$811,108 ","$759,250 ",788,65.30%,692,1.4,103%,18,0
All Home Types,11,2019,York Region,1176,"$1,146,331,135 ","$974,771 ","$880,000 ",1577,46.10%,2949,3.4,98%,29,0
All Home Types,11,2019,Aurora,64,"$59,406,878 ","$928,232 ","$870,000 ",102,45.70%,183,3.4,98%,32,0
All Home Types,11,2019,East Gwillimbury,43,"$34,003,568 ","$790,781 ","$752,990 ",59,42.10%,133,4.2,96%,32,0
All Home Types,11,2019,Georgina,68,"$40,369,200 ","$593,665 ","$577,450 ",98,41.80%,210,3.9,98%,40,0
All Home Types,11,2019,King,23,"$30,670,000 ","$1,333,478 ","$1,215,000 ",60,27.10%,242,9.6,95%,44,0
All Home Types,11,2019,Markham,275,"$289,045,094 ","$1,051,073 ","$950,000 ",367,50.90%,581,2.7,99%,26,0
All Home Types,11,2019,Newmarket,128,"$105,506,766 ","$824,272 ","$770,000 ",140,51.30%,187,2.7,98%,24,0
All Home Types,11,2019,Richmond Hill,247,"$258,545,884 ","$1,046,744 ","$923,500 ",330,42.40%,606,3.9,98%,28,0
All Home Types,11,2019,Vaughan,269,"$273,487,477 ","$1,016,682 ","$938,000 ",336,47.90%,617,3.1,97%,28,0
All Home Types,11,2019,Whitchurch-Stouffville,59,"$55,296,268 ","$937,225 ","$812,500 ",85,44.20%,190,4.1,96%,36,0
All Home Types,11,2019,Durham Region,872,"$533,552,435 ","$611,872 ","$584,900 ",1044,56.30%,1363,2.1,99%,23,0
All Home Types,11,2019,Ajax,144,"$96,306,054 ","$668,792 ","$646,500 ",150,60.70%,171,1.6,100%,20,0
All Home Types,11,2019,Brock,14,"$9,315,000 ","$665,357 ","$510,000 ",24,46.40%,73,4.8,88%,37,0
All Home Types,11,2019,Clarington,150,"$87,396,499 ","$582,643 ","$541,500 ",177,55.10%,247,2.1,99%,24,0
All Home Types,11,2019,Oshawa,249,"$125,907,950 ","$505,654 ","$482,000 ",294,56.60%,329,1.9,99%,23,0
All Home Types,11,2019,Pickering,113,"$75,368,612 ","$666,979 ","$625,000 ",136,57.40%,161,2,99%,20,0
All Home Types,11,2019,Scugog,23,"$15,476,200 ","$672,878 ","$555,000 ",29,47.90%,82,4.1,96%,55,0
All Home Types,11,2019,Uxbridge,29,"$21,835,139 ","$752,936 ","$684,000 ",37,52.30%,98,3.8,98%,36,0
All Home Types,11,2019,Whitby,150,"$101,946,981 ","$679,647 ","$636,500 ",197,56.10%,202,1.8,99%,18,0
All Home Types,11,2019,Dufferin County,41,"$23,594,100 ","$575,466 ","$562,000 ",36,72.10%,49,1.5,98%,35,0
All Home Types,11,2019,Orangeville,41,"$23,594,100 ","$575,466 ","$562,000 ",36,72.10%,49,1.5,98%,35,0
All Home Types,11,2019,Simcoe County,246,"$154,158,029 ","$626,659 ","$590,000 ",283,48.00%,676,3.8,97%,46,0
All Home Types,11,2019,Adjala-Tosorontio,8,"$4,557,500 ","$569,688 ","$587,500 ",8,59.50%,43,3.4,94%,80,0
All Home Types,11,2019,Bradford,55,"$39,648,100 ","$720,875 ","$720,000 ",58,50.90%,108,2.9,98%,27,0
All Home Types,11,2019,Innisfil,82,"$48,048,200 ","$585,954 ","$549,500 ",122,37.10%,307,5.5,97%,58,0
All Home Types,11,2019,New Tecumseth,69,"$42,738,830 ","$619,403 ","$580,000 ",72,57.50%,155,3,97%,42,0
All Home Types,11,2019,All TRREB Areas,7090,"$5,981,386,461 ","$843,637 ","$729,000 ",8650,56.80%,11958,2.2,99%,24,0
All Home Types,11,2019,City of Toronto,2718,"$2,474,517,578 ","$910,419 ","$739,000 ",3308,60.70%,3918,1.8,100%,21,0
All Home Types,11,2019,Toronto West,757,"$629,657,308 ","$831,780 ","$730,000 ",857,63.80%,967,1.7,101%,22,0
All Home Types,11,2019,Toronto W01,48,"$52,148,903 ","$1,086,435 ","$800,000 ",53,74.30%,36,0.9,103%,15,0
All Home Types,11,2019,Toronto W02,78,"$77,489,460 ","$993,455 ","$938,500 ",87,67.40%,61,1,105%,16,0
All Home Types,11,2019,Toronto W03,69,"$58,341,433 ","$845,528 ","$785,000 ",61,62.30%,53,1.4,102%,21,0
All Home Types,11,2019,Toronto W04,72,"$50,657,300 ","$703,574 ","$670,000 ",93,60.10%,119,2.1,101%,27,0
All Home Types,11,2019,Toronto W05,111,"$73,100,650 ","$658,564 ","$690,000 ",126,65.10%,147,1.8,99%,23,0
All Home Types,11,2019,Toronto W06,137,"$109,896,338 ","$802,163 ","$709,000 ",147,60.40%,192,2,99%,28,0
All Home Types,11,2019,Toronto W07,23,"$28,413,770 ","$1,235,381 ","$1,171,500 ",38,56.20%,38,1.8,101%,17,0
All Home Types,11,2019,Toronto W08,128,"$118,517,886 ","$925,921 ","$651,250 ",156,62.80%,199,1.6,100%,19,0
All Home Types,11,2019,Toronto W09,40,"$28,519,200 ","$712,980 ","$717,000 ",51,61.70%,70,1.7,100%,19,0
All Home Types,11,2019,Toronto W10,51,"$32,572,368 ","$638,674 ","$661,000 ",45,71.00%,52,1.5,98%,23,0
All Home Types,11,2019,Toronto Central,1245,"$1,264,106,987 ","$1,015,347 ","$720,000 ",1663,56.70%,2259,2.1,99%,22,0
All Home Types,11,2019,Toronto C01,360,"$292,795,708 ","$813,321 ","$715,250 ",504,62.10%,534,1.6,101%,17,0
All Home Types,11,2019,Toronto C02,71,"$116,182,542 ","$1,636,374 ","$1,200,000 ",106,52.80%,155,2.2,98%,20,0
All Home Types,11,2019,Toronto C03,37,"$65,074,918 ","$1,758,782 ","$1,150,000 ",50,56.40%,66,1.9,99%,26,0
All Home Types,11,2019,Toronto C04,65,"$110,615,581 ","$1,701,778 ","$1,500,000 ",85,49.50%,135,2.6,98%,25,0
All Home Types,11,2019,Toronto C06,21,"$17,999,900 ","$857,138 ","$619,500 ",26,57.40%,43,2.3,95%,34,0
All Home Types,11,2019,Toronto C07,85,"$85,895,100 ","$1,010,531 ","$762,000 ",126,49.20%,201,3,99%,27,0
All Home Types,11,2019,Toronto C08,179,"$141,008,994 ","$787,760 ","$690,000 ",217,62.50%,216,1.5,101%,21,0
All Home Types,11,2019,Toronto C09,22,"$41,360,999 ","$1,880,045 ","$1,179,500 ",28,56.50%,50,2.2,96%,21,0
All Home Types,11,2019,Toronto C10,55,"$53,900,577 ","$980,010 ","$680,000 ",62,62.80%,71,1.4,101%,19,0
All Home Types,11,2019,Toronto C11,41,"$37,331,917 ","$910,535 ","$517,000 ",42,67.90%,47,1.4,102%,14,0
All Home Types,11,2019,Toronto C12,31,"$86,043,700 ","$2,775,603 ","$2,065,000 ",55,28.60%,172,7.8,93%,40,0
All Home Types,11,2019,Toronto C13,73,"$61,442,514 ","$841,678 ","$586,000 ",81,55.40%,115,2.3,98%,24,0
All Home Types,11,2019,Toronto C14,104,"$81,674,850 ","$785,335 ","$628,500 ",139,51.10%,241,2.7,99%,25,0
All Home Types,11,2019,Toronto C15,101,"$72,779,687 ","$720,591 ","$592,000 ",142,58.00%,213,2.2,100%,28,0
All Home Types,11,2019,Toronto East,716,"$580,753,283 ","$811,108 ","$759,250 ",788,65.30%,692,1.4,103%,18,0
All Home Types,11,2019,Toronto E01,62,"$63,958,899 ","$1,031,595 ","$1,001,000 ",76,68.40%,42,0.9,111%,11,0
All Home Types,11,2019,Toronto E02,45,"$59,159,051 ","$1,314,646 ","$1,199,000 ",72,62.10%,46,1.1,104%,14,0
All Home Types,11,2019,Toronto E03,67,"$74,559,188 ","$1,112,824 ","$1,010,000 ",93,62.30%,67,1.2,108%,15,0
All Home Types,11,2019,Toronto E04,86,"$59,441,167 ","$691,176 ","$733,500 ",89,67.10%,80,1.4,101%,20,0
All Home Types,11,2019,Toronto E05,83,"$57,598,352 ","$693,956 ","$606,000 ",67,69.50%,73,1.5,101%,19,0
All Home Types,11,2019,Toronto E06,44,"$38,188,750 ","$867,926 ","$768,750 ",49,55.30%,58,1.9,102%,18,0
All Home Types,11,2019,Toronto E07,75,"$51,581,177 ","$687,749 ","$634,000 ",67,71.20%,61,1.5,101%,21,0
All Home Types,11,2019,Toronto E08,67,"$48,765,800 ","$727,848 ","$715,000 ",67,58.50%,85,1.9,100%,17,0
All Home Types,11,2019,Toronto E09,68,"$45,026,400 ","$662,153 ","$706,500 ",86,71.50%,52,1.1,101%,19,0
All Home Types,11,2019,Toronto E10,52,"$42,204,711 ","$811,629 ","$751,000 ",57,58.00%,78,2.1,99%,17,0
All Home Types,11,2019,Toronto E11,67,"$40,269,788 ","$601,042 ","$615,000 ",65,67.50%,50,1.4,100%,24,0
All Home Types,12,2019,All TRREB Areas,4399,"$3,685,427,393 ","$837,788 ","$721,000 ",3531,57.50%,7406,2.1,98%,29,0
All Home Types,12,2019,Halton Region,382,"$343,502,152 ","$899,220 ","$814,000 ",279,59.60%,703,2.2,97%,30,0
All Home Types,12,2019,Burlington,99,"$78,097,064 ","$788,859 ","$705,000 ",69,65.10%,196,2,97%,32,0
All Home Types,12,2019,Halton Hills,46,"$35,302,900 ","$767,454 ","$715,000 ",33,59.20%,74,2,98%,28,0
All Home Types,12,2019,Milton,80,"$63,034,288 ","$787,929 ","$775,000 ",67,67.60%,81,1.3,99%,23,0
All Home Types,12,2019,Oakville,157,"$167,067,900 ","$1,064,127 ","$939,900 ",110,51.90%,352,2.9,97%,34,0
All Home Types,12,2019,Peel Region,920,"$719,415,285 ","$781,973 ","$715,000 ",747,62.30%,1118,1.6,98%,25,0
All Home Types,12,2019,Brampton,482,"$360,254,894 ","$747,417 ","$715,000 ",366,62.80%,428,1.4,99%,23,0
All Home Types,12,2019,Caledon,46,"$45,719,888 ","$993,911 ","$871,250 ",46,51.80%,136,3.1,94%,39,0
All Home Types,12,2019,Mississauga,392,"$313,440,503 ","$799,593 ","$692,900 ",335,63.30%,554,1.6,98%,25,0
All Home Types,12,2019,City of Toronto,1673,"$1,480,825,100 ","$885,132 ","$720,000 ",1352,61.10%,2352,1.7,99%,27,0
All Home Types,12,2019,Toronto West,456,"$358,185,257 ","$785,494 ","$712,750 ",369,64.10%,601,1.6,100%,28,0
All Home Types,12,2019,Toronto Central,798,"$806,936,549 ","$1,011,199 ","$713,600 ",682,57.20%,1407,2,98%,28,0
All Home Types,12,2019,Toronto East,419,"$315,703,294 ","$753,468 ","$747,000 ",301,65.80%,344,1.3,102%,22,0
All Home Types,12,2019,York Region,730,"$696,578,297 ","$954,217 ","$858,436 ",587,47.00%,1862,3.3,97%,37,0
All Home Types,12,2019,Aurora,46,"$40,547,576 ","$881,469 ","$844,225 ",44,46.10%,122,3.3,98%,32,0
All Home Types,12,2019,East Gwillimbury,37,"$28,317,895 ","$765,349 ","$800,000 ",17,44.10%,76,3.9,98%,50,0
All Home Types,12,2019,Georgina,50,"$27,286,300 ","$545,726 ","$517,250 ",53,42.90%,139,3.8,97%,39,0
All Home Types,12,2019,King,17,"$25,343,300 ","$1,490,782 ","$1,390,000 ",19,28.20%,175,9.3,93%,66,0
All Home Types,12,2019,Markham,155,"$149,836,738 ","$966,689 ","$862,900 ",137,51.70%,386,2.7,99%,30,0
All Home Types,12,2019,Newmarket,66,"$53,152,900 ","$805,347 ","$766,500 ",31,51.90%,88,2.6,99%,34,0
All Home Types,12,2019,Richmond Hill,150,"$162,876,799 ","$1,085,845 ","$974,950 ",121,43.50%,367,3.7,97%,40,0
All Home Types,12,2019,Vaughan,167,"$168,611,164 ","$1,009,648 ","$925,000 ",141,48.60%,388,3,97%,33,0
All Home Types,12,2019,Whitchurch-Stouffville,42,"$40,605,625 ","$966,801 ","$838,000 ",24,45.50%,121,4,98%,46,0
All Home Types,12,2019,Durham Region,518,"$331,659,489 ","$640,269 ","$620,000 ",428,57.00%,879,2,99%,28,0
All Home Types,12,2019,Ajax,100,"$70,888,930 ","$708,889 ","$680,500 ",51,61.80%,73,1.5,99%,25,0
All Home Types,12,2019,Brock,12,"$7,699,900 ","$641,658 ","$545,000 ",13,47.70%,49,4.6,95%,63,0
All Home Types,12,2019,Clarington,81,"$48,523,501 ","$599,056 ","$555,000 ",71,55.60%,166,2.1,98%,32,0
All Home Types,12,2019,Oshawa,140,"$76,187,840 ","$544,199 ","$530,000 ",117,57.60%,225,1.8,99%,25,0
All Home Types,12,2019,Pickering,61,"$41,309,568 ","$677,206 ","$647,500 ",60,58.00%,107,2,99%,21,0
All Home Types,12,2019,Scugog,9,"$6,673,900 ","$741,544 ","$695,000 ",14,48.00%,67,4.2,96%,48,0
All Home Types,12,2019,Uxbridge,19,"$13,628,800 ","$717,305 ","$745,000 ",18,52.00%,68,3.7,98%,52,0
All Home Types,12,2019,Whitby,96,"$66,747,050 ","$695,282 ","$665,500 ",84,56.70%,124,1.8,99%,26,0
All Home Types,12,2019,Dufferin County,26,"$15,235,150 ","$585,967 ","$586,500 ",18,72.00%,26,1.5,99%,35,0
All Home Types,12,2019,Orangeville,26,"$15,235,150 ","$585,967 ","$586,500 ",18,72.00%,26,1.5,99%,35,0
All Home Types,12,2019,Simcoe County,150,"$98,211,920 ","$654,746 ","$638,950 ",120,49.40%,466,3.6,97%,41,0
All Home Types,12,2019,Adjala-Tosorontio,7,"$4,288,900 ","$612,700 ","$580,000 ",6,60.90%,34,3.4,97%,55,0
All Home Types,12,2019,Bradford,36,"$28,060,000 ","$779,444 ","$675,500 ",22,51.30%,58,2.8,97%,31,0
All Home Types,12,2019,Innisfil,51,"$32,471,800 ","$636,702 ","$635,000 ",37,38.90%,214,5.3,97%,52,0
All Home Types,12,2019,New Tecumseth,43,"$25,402,720 ","$590,761 ","$605,000 ",39,58.80%,110,2.9,98%,36,0
All Home Types,12,2019,All TRREB Areas,4399,"$3,685,427,393 ","$837,788 ","$721,000 ",3531,57.50%,7406,2.1,98%,29,0
All Home Types,12,2019,City of Toronto,1673,"$1,480,825,100 ","$885,132 ","$720,000 ",1352,61.10%,2352,1.7,99%,27,0
All Home Types,12,2019,Toronto West,456,"$358,185,257 ","$785,494 ","$712,750 ",369,64.10%,601,1.6,100%,28,0
All Home Types,12,2019,Toronto W01,21,"$17,693,600 ","$842,552 ","$660,000 ",15,73.90%,16,0.9,102%,27,0
All Home Types,12,2019,Toronto W02,31,"$36,349,311 ","$1,172,558 ","$950,000 ",17,68.30%,30,1,100%,26,0
All Home Types,12,2019,Toronto W03,35,"$30,683,700 ","$876,677 ","$757,000 ",18,63.30%,25,1.4,101%,29,0
All Home Types,12,2019,Toronto W04,51,"$36,898,400 ","$723,498 ","$680,000 ",43,60.00%,75,2,98%,32,0
All Home Types,12,2019,Toronto W05,79,"$51,231,090 ","$648,495 ","$712,000 ",65,65.70%,98,1.8,99%,28,0
All Home Types,12,2019,Toronto W06,76,"$53,853,000 ","$708,592 ","$623,750 ",75,60.90%,136,2,100%,33,0
All Home Types,12,2019,Toronto W07,16,"$22,072,500 ","$1,379,531 ","$1,201,250 ",11,57.30%,20,1.7,99%,26,0
All Home Types,12,2019,Toronto W08,82,"$67,819,856 ","$827,071 ","$594,950 ",59,62.90%,114,1.6,99%,24,0
All Home Types,12,2019,Toronto W09,33,"$20,765,800 ","$629,267 ","$558,800 ",20,62.10%,37,1.7,99%,24,0
All Home Types,12,2019,Toronto W10,32,"$20,818,000 ","$650,563 ","$691,000 ",46,70.20%,50,1.5,99%,29,0
All Home Types,12,2019,Toronto Central,798,"$806,936,549 ","$1,011,199 ","$713,600 ",682,57.20%,1407,2,98%,28,0
All Home Types,12,2019,Toronto C01,246,"$200,302,450 ","$814,238 ","$682,000 ",214,62.20%,343,1.6,100%,22,0
All Home Types,12,2019,Toronto C02,38,"$52,837,300 ","$1,390,455 ","$828,500 ",39,53.40%,99,2.2,96%,34,0
All Home Types,12,2019,Toronto C03,21,"$40,665,908 ","$1,936,472 ","$1,007,000 ",15,56.50%,36,1.9,96%,33,0
All Home Types,12,2019,Toronto C04,37,"$70,500,500 ","$1,905,419 ","$1,688,000 ",23,50.40%,66,2.5,97%,33,0
All Home Types,12,2019,Toronto C06,12,"$11,564,800 ","$963,733 ","$1,037,500 ",12,56.10%,23,2.3,96%,28,0
All Home Types,12,2019,Toronto C07,60,"$63,961,368 ","$1,066,023 ","$770,000 ",46,49.70%,113,2.9,96%,37,0
All Home Types,12,2019,Toronto C08,98,"$76,993,935 ","$785,652 ","$686,500 ",88,63.20%,147,1.5,99%,26,0
All Home Types,12,2019,Toronto C09,10,"$15,231,125 ","$1,523,113 ","$1,385,000 ",9,56.10%,28,2.2,97%,24,0
All Home Types,12,2019,Toronto C10,26,"$20,929,450 ","$804,979 ","$657,500 ",22,63.00%,43,1.4,99%,27,0
All Home Types,12,2019,Toronto C11,17,"$17,456,100 ","$1,026,829 ","$658,800 ",18,68.10%,30,1.3,99%,30,0
All Home Types,12,2019,Toronto C12,16,"$42,621,000 ","$2,663,813 ","$1,893,750 ",16,29.00%,118,7.7,93%,53,0
All Home Types,12,2019,Toronto C13,41,"$35,643,614 ","$869,356 ","$622,000 ",31,57.30%,67,2.2,98%,31,0
All Home Types,12,2019,Toronto C14,82,"$86,293,500 ","$1,052,360 ","$696,500 ",70,52.00%,157,2.6,97%,33,0
All Home Types,12,2019,Toronto C15,94,"$71,935,499 ","$765,271 ","$580,000 ",79,59.50%,137,2.1,98%,27,0
All Home Types,12,2019,Toronto East,419,"$315,703,294 ","$753,468 ","$747,000 ",301,65.80%,344,1.3,102%,22,0
All Home Types,12,2019,Toronto E01,31,"$34,119,077 ","$1,100,615 ","$1,100,000 ",13,69.10%,10,0.8,107%,17,0
All Home Types,12,2019,Toronto E02,17,"$16,291,389 ","$958,317 ","$935,000 ",18,61.80%,26,1.1,100%,17,0
All Home Types,12,2019,Toronto E03,39,"$37,628,218 ","$964,826 ","$950,000 ",27,62.10%,40,1.2,107%,15,0
All Home Types,12,2019,Toronto E04,57,"$42,638,389 ","$748,042 ","$771,000 ",42,67.40%,36,1.3,100%,19,0
All Home Types,12,2019,Toronto E05,46,"$30,512,880 ","$663,323 ","$608,750 ",44,70.10%,44,1.4,103%,26,0
All Home Types,12,2019,Toronto E06,26,"$22,098,299 ","$849,935 ","$770,000 ",23,55.10%,31,1.8,103%,24,0
All Home Types,12,2019,Toronto E07,39,"$26,427,759 ","$677,635 ","$635,000 ",22,72.10%,26,1.4,100%,32,0
All Home Types,12,2019,Toronto E08,31,"$22,143,500 ","$714,306 ","$713,000 ",17,59.20%,41,1.9,98%,26,0
All Home Types,12,2019,Toronto E09,52,"$34,040,675 ","$654,628 ","$719,500 ",37,72.10%,25,1,104%,14,0
All Home Types,12,2019,Toronto E10,37,"$25,912,620 ","$700,341 ","$651,919 ",22,59.30%,38,2,99%,29,0
All Home Types,12,2019,Toronto E11,44,"$23,890,488 ","$542,966 ","$597,000 ",36,68.90%,27,1.3,100%,23,0
All Home Types,1,2020,All TRREB Areas,4581,"$3,845,122,350 ","$839,363 ","$735,000 ",7836,58.50%,7772,2,100%,27,37
All Home Types,1,2020,Halton Region,455,"$423,960,917 ","$931,782 ","$840,000 ",809,60.50%,804,2.1,98%,29,41
All Home Types,1,2020,Burlington,123,"$103,859,578 ","$844,387 ","$803,000 ",237,65.50%,237,1.9,99%,29,37
All Home Types,1,2020,Halton Hills,58,"$47,180,570 ","$813,458 ","$746,500 ",90,60.40%,81,2,99%,29,42
All Home Types,1,2020,Milton,95,"$75,162,338 ","$791,183 ","$755,000 ",132,68.90%,98,1.3,100%,19,27
All Home Types,1,2020,Oakville,179,"$197,758,431 ","$1,104,796 ","$999,999 ",350,52.90%,388,2.8,98%,33,50
All Home Types,1,2020,Peel Region,1005,"$788,261,288 ","$784,340 ","$730,000 ",1542,63.10%,1196,1.6,100%,22,29
All Home Types,1,2020,Brampton,513,"$392,355,586 ","$764,826 ","$735,000 ",712,63.60%,445,1.4,100%,21,26
All Home Types,1,2020,Caledon,53,"$52,425,650 ","$989,163 ","$849,000 ",121,52.20%,142,3,97%,29,38
All Home Types,1,2020,Mississauga,439,"$343,480,052 ","$782,415 ","$679,000 ",709,64.10%,609,1.6,99%,23,32
All Home Types,1,2020,City of Toronto,1603,"$1,417,668,705 ","$884,385 ","$725,000 ",2633,62.10%,2464,1.7,101%,24,33
All Home Types,1,2020,Toronto West,444,"$359,423,612 ","$809,513 ","$712,504 ",648,65.10%,585,1.6,101%,23,32
All Home Types,1,2020,Toronto Central,797,"$775,812,936 ","$973,416 ","$728,000 ",1465,58.20%,1530,2,100%,25,36
All Home Types,1,2020,Toronto East,362,"$282,432,157 ","$780,199 ","$738,500 ",520,66.50%,349,1.3,103%,20,28
All Home Types,1,2020,York Region,747,"$708,752,889 ","$948,799 ","$869,900 ",1539,48.20%,1893,3.2,99%,33,45
All Home Types,1,2020,Aurora,46,"$42,168,700 ","$916,711 ","$835,000 ",91,47.00%,129,3.2,97%,45,58
All Home Types,1,2020,East Gwillimbury,30,"$24,993,858 ","$833,129 ","$819,950 ",75,45.70%,83,3.7,98%,38,48
All Home Types,1,2020,Georgina,56,"$32,477,960 ","$579,964 ","$561,500 ",91,44.60%,128,3.7,98%,42,51
All Home Types,1,2020,King,17,"$21,206,300 ","$1,247,429 ","$1,325,000 ",76,28.20%,169,9.3,96%,46,95
All Home Types,1,2020,Markham,188,"$173,053,387 ","$920,497 ","$881,450 ",386,52.90%,404,2.6,101%,26,35
All Home Types,1,2020,Newmarket,70,"$52,927,898 ","$756,113 ","$735,000 ",112,54.00%,95,2.5,99%,23,32
All Home Types,1,2020,Richmond Hill,137,"$149,890,506 ","$1,094,091 ","$978,500 ",292,44.30%,366,3.6,98%,35,49
All Home Types,1,2020,Vaughan,172,"$181,405,080 ","$1,054,681 ","$950,000 ",348,50.10%,401,2.8,99%,34,44
All Home Types,1,2020,Whitchurch-Stouffville,31,"$30,629,200 ","$988,039 ","$870,000 ",68,47.10%,118,3.8,97%,42,65
All Home Types,1,2020,Durham Region,586,"$384,287,563 ","$655,781 ","$614,350 ",944,58.10%,905,1.9,99%,31,42
All Home Types,1,2020,Ajax,81,"$57,716,566 ","$712,550 ","$685,088 ",117,62.80%,77,1.4,99%,24,32
All Home Types,1,2020,Brock,15,"$8,804,100 ","$586,940 ","$540,000 ",17,49.40%,39,4.5,97%,57,75
All Home Types,1,2020,Clarington,89,"$54,877,930 ","$616,606 ","$569,900 ",180,56.40%,198,2,99%,35,43
All Home Types,1,2020,Oshawa,182,"$99,302,011 ","$545,615 ","$535,750 ",269,58.90%,216,1.8,100%,26,41
All Home Types,1,2020,Pickering,68,"$51,343,931 ","$755,058 ","$730,000 ",110,59.00%,111,1.9,100%,27,37
All Home Types,1,2020,Scugog,16,"$10,846,900 ","$677,931 ","$585,000 ",38,48.20%,58,4.2,96%,57,71
All Home Types,1,2020,Uxbridge,27,"$26,432,400 ","$978,978 ","$795,000 ",46,53.80%,67,3.6,96%,69,75
All Home Types,1,2020,Whitby,108,"$74,963,725 ","$694,109 ","$656,500 ",167,58.10%,139,1.7,99%,27,33
All Home Types,1,2020,Dufferin County,26,"$15,589,199 ","$599,585 ","$611,750 ",40,72.70%,35,1.4,99%,24,34
All Home Types,1,2020,Orangeville,26,"$15,589,199 ","$599,585 ","$611,750 ",40,72.70%,35,1.4,99%,24,34
All Home Types,1,2020,Simcoe County,159,"$106,601,789 ","$670,452 ","$640,000 ",329,50.20%,475,3.6,98%,41,58
All Home Types,1,2020,Adjala-Tosorontio,7,"$4,991,000 ","$713,000 ","$695,000 ",11,61.80%,32,3.4,94%,76,84
All Home Types,1,2020,Bradford,44,"$32,147,500 ","$730,625 ","$753,950 ",71,53.00%,56,2.7,99%,26,43
All Home Types,1,2020,Essa,15,"$9,278,700 ","$618,580 ","$600,000 ",38,57.30%,57,3,98%,46,53
All Home Types,1,2020,Innisfil,47,"$30,544,599 ","$649,885 ","$590,000 ",123,39.40%,217,5.2,98%,43,68
All Home Types,1,2020,New Tecumseth,46,"$29,639,990 ","$644,348 ","$605,000 ",86,58.80%,113,2.9,98%,48,61
All Home Types,1,2020,All TRREB Areas,4581,"$3,845,122,350 ","$839,363 ","$735,000 ",7836,58.50%,7772,2,100%,27,37
All Home Types,1,2020,City of Toronto,1603,"$1,417,668,705 ","$884,385 ","$725,000 ",2633,62.10%,2464,1.7,101%,24,33
All Home Types,1,2020,Toronto West,444,"$359,423,612 ","$809,513 ","$712,504 ",648,65.10%,585,1.6,101%,23,32
All Home Types,1,2020,Toronto W01,18,"$17,378,600 ","$965,478 ","$715,500 ",31,74.00%,23,0.9,101%,27,36
All Home Types,1,2020,Toronto W02,29,"$31,431,000 ","$1,083,828 ","$1,007,000 ",36,69.20%,24,1,101%,22,32
All Home Types,1,2020,Toronto W03,31,"$26,678,649 ","$860,602 ","$873,000 ",47,64.00%,25,1.3,104%,15,32
All Home Types,1,2020,Toronto W04,56,"$41,860,634 ","$747,511 ","$749,000 ",67,62.00%,64,1.9,102%,24,36
All Home Types,1,2020,Toronto W05,67,"$40,472,705 ","$604,070 ","$578,000 ",89,67.00%,91,1.7,100%,26,36
All Home Types,1,2020,Toronto W06,79,"$69,924,036 ","$885,114 ","$711,250 ",131,61.90%,149,1.9,100%,25,31
All Home Types,1,2020,Toronto W07,9,"$10,698,900 ","$1,188,767 ","$1,300,000 ",12,58.00%,14,1.7,98%,29,38
All Home Types,1,2020,Toronto W08,88,"$79,549,588 ","$903,973 ","$576,900 ",136,63.80%,115,1.6,100%,19,27
All Home Types,1,2020,Toronto W09,20,"$13,660,899 ","$683,045 ","$687,500 ",37,63.10%,36,1.6,100%,23,28
All Home Types,1,2020,Toronto W10,47,"$27,768,601 ","$590,821 ","$505,000 ",62,70.70%,44,1.4,100%,28,35
All Home Types,1,2020,Toronto Central,797,"$775,812,936 ","$973,416 ","$728,000 ",1465,58.20%,1530,2,100%,25,36
All Home Types,1,2020,Toronto C01,235,"$200,868,172 ","$854,758 ","$717,500 ",421,62.80%,389,1.5,100%,22,31
All Home Types,1,2020,Toronto C02,41,"$50,530,288 ","$1,232,446 ","$885,000 ",72,54.80%,106,2.2,100%,27,39
All Home Types,1,2020,Toronto C03,27,"$40,573,118 ","$1,502,708 ","$1,164,500 ",45,58.30%,42,1.8,97%,29,37
All Home Types,1,2020,Toronto C04,36,"$65,026,204 ","$1,806,283 ","$1,740,000 ",81,51.60%,83,2.4,99%,30,41
All Home Types,1,2020,Toronto C06,11,"$9,720,800 ","$883,709 ","$795,000 ",32,56.20%,32,2.3,97%,18,18
All Home Types,1,2020,Toronto C07,65,"$70,663,453 ","$1,087,130 ","$715,888 ",108,50.90%,112,2.8,98%,32,49
All Home Types,1,2020,Toronto C08,116,"$93,132,403 ","$802,866 ","$728,056 ",184,65.10%,160,1.4,101%,22,28
All Home Types,1,2020,Toronto C09,10,"$20,972,900 ","$2,097,290 ","$1,964,950 ",21,57.40%,30,2.2,100%,66,106
All Home Types,1,2020,Toronto C10,27,"$27,086,988 ","$1,003,222 ","$800,000 ",55,62.60%,57,1.5,100%,20,32
All Home Types,1,2020,Toronto C11,17,"$17,373,800 ","$1,021,988 ","$655,000 ",39,66.80%,40,1.4,104%,18,28
All Home Types,1,2020,Toronto C12,13,"$25,188,500 ","$1,937,577 ","$1,800,000 ",68,29.50%,123,7.7,95%,35,66
All Home Types,1,2020,Toronto C13,35,"$27,736,600 ","$792,474 ","$585,000 ",57,58.60%,65,2.1,98%,26,37
All Home Types,1,2020,Toronto C14,72,"$56,080,875 ","$778,901 ","$618,500 ",130,53.30%,159,2.6,98%,28,45
All Home Types,1,2020,Toronto C15,92,"$70,858,835 ","$770,205 ","$607,500 ",152,60.90%,132,2,101%,23,29
All Home Types,1,2020,Toronto East,362,"$282,432,157 ","$780,199 ","$738,500 ",520,66.50%,349,1.3,103%,20,28
All Home Types,1,2020,Toronto E01,12,"$13,505,000 ","$1,125,417 ","$1,109,000 ",23,69.50%,15,0.8,108%,23,23
All Home Types,1,2020,Toronto E02,18,"$22,079,593 ","$1,226,644 ","$1,016,000 ",54,60.50%,38,1.1,106%,20,30
All Home Types,1,2020,Toronto E03,25,"$22,863,890 ","$914,556 ","$925,000 ",47,62.20%,44,1.2,110%,20,25
All Home Types,1,2020,Toronto E04,50,"$39,488,488 ","$789,770 ","$815,000 ",67,68.00%,34,1.3,104%,20,25
All Home Types,1,2020,Toronto E05,41,"$26,545,519 ","$647,452 ","$617,500 ",47,71.30%,34,1.3,101%,19,21
All Home Types,1,2020,Toronto E06,23,"$25,086,900 ","$1,090,735 ","$870,000 ",25,57.20%,25,1.8,100%,24,38
All Home Types,1,2020,Toronto E07,39,"$24,265,200 ","$622,185 ","$540,000 ",50,73.10%,27,1.4,103%,18,22
All Home Types,1,2020,Toronto E08,32,"$26,023,315 ","$813,229 ","$730,000 ",49,59.60%,42,1.9,100%,29,44
All Home Types,1,2020,Toronto E09,52,"$33,908,462 ","$652,086 ","$588,444 ",60,73.00%,22,1,104%,15,24
All Home Types,1,2020,Toronto E10,33,"$26,636,790 ","$807,175 ","$800,000 ",46,60.30%,37,1.9,100%,25,41
All Home Types,1,2020,Toronto E11,37,"$22,029,000 ","$595,378 ","$578,000 ",52,71.40%,31,1.2,103%,16,22
All Home Types,2,2020,All TRREB Areas,7256,"$6,605,067,325 ","$910,290 ","$780,000 ",10613,59.70%,8816,1.9,102%,17,23
All Home Types,2,2020,Halton Region,769,"$751,787,800 ","$977,617 ","$850,505 ",1116,62.10%,951,2,100%,16,21
All Home Types,2,2020,Burlington,203,"$175,180,792 ","$862,960 ","$785,000 ",290,66.50%,267,1.9,100%,17,20
All Home Types,2,2020,Halton Hills,85,"$75,637,746 ","$889,856 ","$825,000 ",109,62.20%,89,1.9,99%,22,33
All Home Types,2,2020,Milton,179,"$143,784,395 ","$803,265 ","$780,000 ",253,70.00%,146,1.2,102%,9,12
All Home Types,2,2020,Oakville,302,"$357,184,867 ","$1,182,731 ","$995,500 ",464,55.00%,449,2.6,99%,19,24
All Home Types,2,2020,Peel Region,1516,"$1,306,089,347 ","$861,537 ","$790,000 ",2127,64.00%,1408,1.5,102%,13,19
All Home Types,2,2020,Brampton,754,"$623,666,450 ","$827,144 ","$777,000 ",1025,64.50%,543,1.3,102%,11,16
All Home Types,2,2020,Caledon,75,"$72,903,925 ","$972,052 ","$925,000 ",138,53.50%,171,2.9,99%,21,29
All Home Types,2,2020,Mississauga,687,"$609,518,972 ","$887,218 ","$800,000 ",964,64.80%,694,1.5,101%,15,22
All Home Types,2,2020,City of Toronto,2477,"$2,450,294,215 ","$989,218 ","$788,000 ",3519,63.00%,2720,1.6,104%,17,23
All Home Types,2,2020,Toronto West,670,"$585,383,415 ","$873,707 ","$759,944 ",940,66.10%,654,1.5,104%,16,22
All Home Types,2,2020,Toronto Central,1223,"$1,376,404,620 ","$1,125,433 ","$790,000 ",1774,59.10%,1627,1.9,102%,19,26
All Home Types,2,2020,Toronto East,584,"$488,506,180 ","$836,483 ","$800,000 ",805,67.40%,439,1.2,109%,12,16
All Home Types,2,2020,York Region,1285,"$1,304,991,565 ","$1,015,558 ","$925,000 ",2061,49.80%,2127,3,102%,20,29
All Home Types,2,2020,Aurora,94,"$88,470,400 ","$941,174 ","$894,500 ",160,49.00%,162,3,102%,21,29
All Home Types,2,2020,East Gwillimbury,46,"$36,835,190 ","$800,765 ","$770,000 ",89,47.30%,102,3.5,99%,20,23
All Home Types,2,2020,Georgina,72,"$41,360,588 ","$574,453 ","$598,000 ",147,45.40%,158,3.5,99%,15,25
All Home Types,2,2020,King,33,"$44,969,399 ","$1,362,709 ","$1,311,750 ",84,29.30%,179,8.8,97%,32,53
All Home Types,2,2020,Markham,303,"$315,045,904 ","$1,039,755 ","$949,990 ",409,54.70%,402,2.4,103%,20,27
All Home Types,2,2020,Newmarket,140,"$116,553,787 ","$832,527 ","$794,000 ",213,56.10%,134,2.2,101%,17,27
All Home Types,2,2020,Richmond Hill,247,"$267,642,289 ","$1,083,572 ","$1,010,000 ",395,45.80%,407,3.4,101%,21,28
All Home Types,2,2020,Vaughan,298,"$342,145,620 ","$1,148,140 ","$1,068,500 ",463,51.90%,452,2.6,103%,21,31
All Home Types,2,2020,Whitchurch-Stouffville,52,"$51,968,388 ","$999,392 ","$855,000 ",101,48.00%,131,3.7,100%,28,35
All Home Types,2,2020,Durham Region,890,"$585,431,300 ","$657,788 ","$634,900 ",1293,59.30%,1036,1.9,101%,17,22
All Home Types,2,2020,Ajax,134,"$97,961,868 ","$731,059 ","$718,250 ",175,63.70%,97,1.4,102%,11,14
All Home Types,2,2020,Brock,12,"$6,032,900 ","$502,742 ","$469,950 ",29,49.40%,47,4.4,98%,49,73
All Home Types,2,2020,Clarington,155,"$96,260,081 ","$621,033 ","$595,000 ",235,57.80%,227,1.9,99%,21,27
All Home Types,2,2020,Oshawa,295,"$169,102,534 ","$573,229 ","$552,000 ",376,60.70%,228,1.6,102%,15,19
All Home Types,2,2020,Pickering,89,"$65,816,556 ","$739,512 ","$705,000 ",160,59.50%,138,1.8,102%,15,24
All Home Types,2,2020,Scugog,26,"$19,374,800 ","$745,185 ","$704,500 ",39,49.00%,67,4,98%,42,54
All Home Types,2,2020,Uxbridge,18,"$14,740,000 ","$818,889 ","$811,500 ",44,53.40%,66,3.5,98%,27,35
All Home Types,2,2020,Whitby,161,"$116,142,561 ","$721,382 ","$690,000 ",235,59.10%,166,1.6,102%,14,17
All Home Types,2,2020,Dufferin County,60,"$36,065,247 ","$601,087 ","$600,000 ",83,72.70%,47,1.4,100%,15,19
All Home Types,2,2020,Orangeville,60,"$36,065,247 ","$601,087 ","$600,000 ",83,72.70%,47,1.4,100%,15,19
All Home Types,2,2020,Simcoe County,259,"$170,407,851 ","$657,945 ","$620,000 ",414,51.80%,527,3.4,98%,33,41
All Home Types,2,2020,Adjala-Tosorontio,9,"$8,789,000 ","$976,556 ","$920,000 ",19,59.20%,37,3.5,95%,82,105
All Home Types,2,2020,Bradford,58,"$44,191,800 ","$761,928 ","$732,500 ",96,54.30%,74,2.5,100%,14,17
All Home Types,2,2020,Essa,35,"$20,699,200 ","$591,406 ","$525,900 ",57,59.10%,71,2.9,97%,35,39
All Home Types,2,2020,Innisfil,87,"$51,838,101 ","$595,840 ","$575,000 ",150,41.10%,233,4.9,97%,42,55
All Home Types,2,2020,New Tecumseth,70,"$44,889,750 ","$641,282 ","$620,000 ",92,61.50%,112,2.7,98%,29,35
All Home Types,2,2020,All TRREB Areas,7256,"$6,605,067,325 ","$910,290 ","$780,000 ",10613,59.70%,8816,1.9,102%,17,23
All Home Types,2,2020,City of Toronto,2477,"$2,450,294,215 ","$989,218 ","$788,000 ",3519,63.00%,2720,1.6,104%,17,23
All Home Types,2,2020,Toronto West,670,"$585,383,415 ","$873,707 ","$759,944 ",940,66.10%,654,1.5,104%,16,22
All Home Types,2,2020,Toronto W01,49,"$55,190,321 ","$1,126,333 ","$771,000 ",69,75.50%,32,0.9,105%,9,13
All Home Types,2,2020,Toronto W02,49,"$59,737,697 ","$1,219,137 ","$1,135,000 ",69,70.50%,30,0.9,110%,9,11
All Home Types,2,2020,Toronto W03,43,"$38,895,694 ","$904,551 ","$864,000 ",63,64.70%,37,1.3,110%,12,15
All Home Types,2,2020,Toronto W04,74,"$60,400,736 ","$816,226 ","$760,000 ",112,62.00%,73,1.8,105%,25,34
All Home Types,2,2020,Toronto W05,77,"$49,023,267 ","$636,666 ","$550,000 ",113,66.60%,88,1.7,101%,21,25
All Home Types,2,2020,Toronto W06,129,"$105,953,811 ","$821,347 ","$725,000 ",168,63.90%,155,1.8,103%,13,22
All Home Types,2,2020,Toronto W07,20,"$29,742,216 ","$1,487,111 ","$1,354,250 ",26,60.50%,15,1.6,105%,18,35
All Home Types,2,2020,Toronto W08,130,"$118,241,148 ","$909,547 ","$665,000 ",185,65.10%,139,1.5,102%,14,22
All Home Types,2,2020,Toronto W09,35,"$28,467,676 ","$813,362 ","$812,000 ",58,63.60%,48,1.6,103%,23,32
All Home Types,2,2020,Toronto W10,64,"$39,730,849 ","$620,795 ","$536,250 ",77,71.20%,37,1.4,102%,13,15
All Home Types,2,2020,Toronto Central,1223,"$1,376,404,620 ","$1,125,433 ","$790,000 ",1774,59.10%,1627,1.9,102%,19,26
All Home Types,2,2020,Toronto C01,360,"$320,520,593 ","$890,335 ","$751,000 ",486,63.90%,410,1.5,103%,18,24
All Home Types,2,2020,Toronto C02,66,"$112,968,006 ","$1,711,636 ","$1,200,000 ",98,54.80%,99,2.1,100%,20,26
All Home Types,2,2020,Toronto C03,36,"$47,972,590 ","$1,332,572 ","$1,272,500 ",46,58.70%,44,1.8,108%,19,24
All Home Types,2,2020,Toronto C04,75,"$154,311,496 ","$2,057,487 ","$1,900,000 ",131,52.80%,110,2.3,103%,14,20
All Home Types,2,2020,Toronto C06,18,"$19,783,500 ","$1,099,083 ","$1,110,000 ",40,54.10%,42,2.3,97%,17,29
All Home Types,2,2020,Toronto C07,96,"$103,859,202 ","$1,081,867 ","$755,500 ",109,53.70%,94,2.6,99%,23,34
All Home Types,2,2020,Toronto C08,137,"$111,881,965 ","$816,657 ","$728,000 ",234,64.80%,196,1.4,104%,16,20
All Home Types,2,2020,Toronto C09,25,"$43,705,520 ","$1,748,221 ","$1,418,500 ",39,57.90%,38,2.2,99%,24,26
All Home Types,2,2020,Toronto C10,54,"$66,073,649 ","$1,223,586 ","$840,000 ",66,64.30%,44,1.4,104%,19,24
All Home Types,2,2020,Toronto C11,30,"$32,727,700 ","$1,090,923 ","$710,000 ",42,66.20%,46,1.4,105%,20,24
All Home Types,2,2020,Toronto C12,34,"$82,410,000 ","$2,423,824 ","$1,909,000 ",84,30.10%,144,7.3,96%,35,57
All Home Types,2,2020,Toronto C13,45,"$47,289,750 ","$1,050,883 ","$861,500 ",72,59.30%,75,2.1,102%,15,20
All Home Types,2,2020,Toronto C14,109,"$118,705,209 ","$1,089,039 ","$752,000 ",144,54.80%,143,2.4,102%,27,38
All Home Types,2,2020,Toronto C15,138,"$114,195,440 ","$827,503 ","$646,500 ",183,62.40%,142,1.9,103%,16,19
All Home Types,2,2020,Toronto East,584,"$488,506,180 ","$836,483 ","$800,000 ",805,67.40%,439,1.2,109%,12,16
All Home Types,2,2020,Toronto E01,46,"$53,171,582 ","$1,155,904 ","$1,110,500 ",63,70.90%,29,0.8,114%,8,11
All Home Types,2,2020,Toronto E02,49,"$59,992,685 ","$1,224,341 ","$1,081,000 ",81,62.10%,43,1,111%,10,13
All Home Types,2,2020,Toronto E03,54,"$58,484,620 ","$1,083,049 ","$1,035,000 ",82,63.20%,51,1.2,117%,11,14
All Home Types,2,2020,Toronto E04,72,"$54,536,286 ","$757,448 ","$796,500 ",88,69.00%,46,1.2,108%,15,20
All Home Types,2,2020,Toronto E05,53,"$42,301,549 ","$798,142 ","$696,800 ",68,71.30%,39,1.3,106%,15,25
All Home Types,2,2020,Toronto E06,30,"$25,328,100 ","$844,270 ","$800,000 ",57,58.40%,35,1.6,108%,9,11
All Home Types,2,2020,Toronto E07,56,"$35,809,788 ","$639,461 ","$527,500 ",76,73.10%,36,1.3,106%,11,12
All Home Types,2,2020,Toronto E08,39,"$29,208,098 ","$748,926 ","$668,000 ",61,59.70%,52,1.8,103%,16,19
All Home Types,2,2020,Toronto E09,78,"$54,243,601 ","$695,431 ","$723,051 ",101,73.70%,34,0.9,108%,9,12
All Home Types,2,2020,Toronto E10,42,"$35,302,271 ","$840,530 ","$867,650 ",49,61.80%,37,1.8,104%,21,31
All Home Types,2,2020,Toronto E11,65,"$40,127,600 ","$617,348 ","$579,000 ",79,72.10%,37,1.1,105%,12,13
All Home Types,3,2020,All TRREB Areas,8012,"$7,232,268,944 ","$902,680 ","$785,000 ",14424,60.10%,10676,1.9,103%,13,17
All Home Types,3,2020,Halton Region,819,"$764,465,569 ","$933,413 ","$845,000 ",1456,62.50%,1162,1.9,101%,13,17
All Home Types,3,2020,Burlington,242,"$203,613,004 ","$841,376 ","$793,950 ",389,67.10%,307,1.8,101%,11,14
All Home Types,3,2020,Halton Hills,91,"$75,946,091 ","$834,572 ","$805,000 ",151,62.00%,122,1.8,101%,12,16
All Home Types,3,2020,Milton,210,"$176,437,039 ","$840,176 ","$806,000 ",377,69.90%,209,1.2,102%,11,12
All Home Types,3,2020,Oakville,276,"$308,469,435 ","$1,117,643 ","$989,750 ",539,55.60%,524,2.5,100%,18,24
All Home Types,3,2020,Peel Region,1597,"$1,342,046,883 ","$840,355 ","$780,000 ",2986,63.80%,1889,1.5,102%,10,13
All Home Types,3,2020,Brampton,767,"$618,983,192 ","$807,019 ","$780,000 ",1469,63.90%,790,1.3,103%,8,9
All Home Types,3,2020,Caledon,74,"$72,784,100 ","$983,569 ","$892,500 ",162,54.00%,202,2.8,99%,16,26
All Home Types,3,2020,Mississauga,756,"$650,279,591 ","$860,158 ","$764,500 ",1355,65.00%,897,1.5,102%,11,15
All Home Types,3,2020,City of Toronto,2771,"$2,737,158,052 ","$987,787 ","$800,000 ",4900,63.00%,3373,1.6,104%,12,16
All Home Types,3,2020,Toronto West,758,"$673,952,538 ","$889,119 ","$764,850 ",1298,66.10%,849,1.4,105%,12,15
All Home Types,3,2020,Toronto Central,1310,"$1,432,467,940 ","$1,093,487 ","$798,500 ",2411,59.30%,1889,1.9,102%,15,20
All Home Types,3,2020,Toronto East,703,"$630,737,574 ","$897,208 ","$850,000 ",1191,67.10%,635,1.2,109%,9,10
All Home Types,3,2020,York Region,1403,"$1,457,152,981 ","$1,038,598 ","$950,000 ",2685,50.90%,2381,2.8,103%,16,21
All Home Types,3,2020,Aurora,93,"$93,911,806 ","$1,009,804 ","$935,000 ",181,50.60%,164,2.9,100%,15,20
All Home Types,3,2020,East Gwillimbury,50,"$43,701,200 ","$874,024 ","$838,500 ",103,48.10%,124,3.3,99%,22,26
All Home Types,3,2020,Georgina,78,"$47,837,703 ","$613,304 ","$579,000 ",152,46.40%,174,3.4,98%,25,30
All Home Types,3,2020,King,40,"$53,939,300 ","$1,348,483 ","$1,422,500 ",75,30.40%,186,8.5,97%,41,57
All Home Types,3,2020,Markham,356,"$380,916,301 ","$1,069,990 ","$979,950 ",651,55.30%,427,2.3,105%,14,18
All Home Types,3,2020,Newmarket,155,"$130,024,025 ","$838,865 ","$800,000 ",262,57.60%,163,2.1,102%,11,15
All Home Types,3,2020,Richmond Hill,261,"$303,867,807 ","$1,164,244 ","$1,103,200 ",509,47.40%,456,3.2,103%,14,19
All Home Types,3,2020,Vaughan,325,"$361,346,860 ","$1,111,836 ","$1,008,000 ",643,52.70%,549,2.5,102%,14,20
All Home Types,3,2020,Whitchurch-Stouffville,45,"$41,607,979 ","$924,622 ","$900,000 ",109,48.60%,138,3.6,101%,26,32
All Home Types,3,2020,Durham Region,1101,"$722,487,868 ","$656,211 ","$630,000 ",1830,60.00%,1229,1.8,102%,13,17
All Home Types,3,2020,Ajax,168,"$123,194,899 ","$733,303 ","$697,500 ",265,64.80%,123,1.3,104%,8,10
All Home Types,3,2020,Brock,13,"$6,970,900 ","$536,223 ","$488,000 ",32,48.80%,51,4.4,96%,48,55
All Home Types,3,2020,Clarington,204,"$124,484,451 ","$610,218 ","$572,500 ",317,58.80%,242,1.9,100%,17,20
All Home Types,3,2020,Oshawa,314,"$177,883,943 ","$566,509 ","$545,000 ",533,61.20%,297,1.6,102%,12,16
All Home Types,3,2020,Pickering,142,"$102,014,690 ","$718,413 ","$684,000 ",261,59.60%,178,1.8,102%,14,17
All Home Types,3,2020,Scugog,23,"$15,431,000 ","$670,913 ","$520,500 ",45,48.70%,78,4,97%,23,38
All Home Types,3,2020,Uxbridge,26,"$19,578,202 ","$753,008 ","$752,500 ",49,53.80%,70,3.4,98%,27,41
All Home Types,3,2020,Whitby,211,"$152,929,783 ","$724,786 ","$680,000 ",328,60.50%,190,1.5,103%,11,16
All Home Types,3,2020,Dufferin County,49,"$30,172,230 ","$615,760 ","$610,000 ",73,73.60%,52,1.3,100%,14,19
All Home Types,3,2020,Orangeville,49,"$30,172,230 ","$615,760 ","$610,000 ",73,73.60%,52,1.3,100%,14,19
All Home Types,3,2020,Simcoe County,272,"$178,785,361 ","$657,299 ","$617,750 ",494,53.10%,590,3.2,98%,24,30
All Home Types,3,2020,Adjala-Tosorontio,17,"$13,349,000 ","$785,235 ","$730,000 ",27,61.50%,35,3.3,96%,39,45
All Home Types,3,2020,Bradford,56,"$42,755,067 ","$763,483 ","$710,000 ",100,54.80%,78,2.4,98%,12,19
All Home Types,3,2020,Essa,46,"$26,353,200 ","$572,896 ","$546,500 ",77,60.70%,84,2.7,100%,21,26
All Home Types,3,2020,Innisfil,83,"$51,306,669 ","$618,153 ","$575,000 ",180,42.30%,273,4.7,98%,25,31
All Home Types,3,2020,New Tecumseth,70,"$45,021,425 ","$643,163 ","$629,750 ",110,62.90%,120,2.5,99%,32,38
All Home Types,3,2020,All TRREB Areas,8012,"$7,232,268,944 ","$902,680 ","$785,000 ",14424,60.10%,10676,1.9,103%,13,17
All Home Types,3,2020,City of Toronto,2771,"$2,737,158,052 ","$987,787 ","$800,000 ",4900,63.00%,3373,1.6,104%,12,16
All Home Types,3,2020,Toronto West,758,"$673,952,538 ","$889,119 ","$764,850 ",1298,66.10%,849,1.4,105%,12,15
All Home Types,3,2020,Toronto W01,62,"$69,151,248 ","$1,115,343 ","$828,000 ",103,73.10%,47,0.9,112%,8,8
All Home Types,3,2020,Toronto W02,66,"$75,598,849 ","$1,145,437 ","$1,089,500 ",103,70.70%,55,0.9,109%,8,9
All Home Types,3,2020,Toronto W03,56,"$48,964,186 ","$874,360 ","$851,250 ",97,64.50%,52,1.2,108%,9,10
All Home Types,3,2020,Toronto W04,79,"$55,736,510 ","$705,525 ","$641,000 ",140,62.30%,103,1.7,107%,13,17
All Home Types,3,2020,Toronto W05,103,"$72,110,795 ","$700,105 ","$658,000 ",151,67.50%,102,1.6,104%,11,12
All Home Types,3,2020,Toronto W06,136,"$108,957,725 ","$801,160 ","$704,000 ",251,64.00%,187,1.7,103%,16,21
All Home Types,3,2020,Toronto W07,21,"$24,570,012 ","$1,170,001 ","$1,200,000 ",43,59.70%,25,1.5,105%,8,9
All Home Types,3,2020,Toronto W08,135,"$147,294,996 ","$1,091,074 ","$709,990 ",258,64.70%,175,1.5,103%,11,17
All Home Types,3,2020,Toronto W09,42,"$36,498,515 ","$869,012 ","$812,500 ",69,63.80%,55,1.6,104%,15,23
All Home Types,3,2020,Toronto W10,58,"$35,069,702 ","$604,650 ","$538,250 ",83,72.20%,48,1.3,104%,10,16
All Home Types,3,2020,Toronto Central,1310,"$1,432,467,940 ","$1,093,487 ","$798,500 ",2411,59.30%,1889,1.9,102%,15,20
All Home Types,3,2020,Toronto C01,385,"$348,204,724 ","$904,428 ","$750,000 ",772,62.90%,532,1.5,104%,14,19
All Home Types,3,2020,Toronto C02,53,"$98,577,246 ","$1,859,948 ","$1,200,000 ",112,54.90%,109,2.1,99%,13,13
All Home Types,3,2020,Toronto C03,38,"$58,747,500 ","$1,545,987 ","$1,242,500 ",81,58.80%,61,1.7,102%,12,16
All Home Types,3,2020,Toronto C04,70,"$135,387,335 ","$1,934,105 ","$1,841,500 ",109,53.30%,94,2.2,101%,15,23
All Home Types,3,2020,Toronto C06,27,"$23,182,889 ","$858,626 ","$675,000 ",67,53.70%,53,2.2,106%,19,26
All Home Types,3,2020,Toronto C07,90,"$101,848,910 ","$1,131,655 ","$876,500 ",173,54.20%,119,2.4,102%,13,19
All Home Types,3,2020,Toronto C08,185,"$154,504,097 ","$835,157 ","$706,011 ",358,63.40%,257,1.4,103%,14,19
All Home Types,3,2020,Toronto C09,18,"$29,190,313 ","$1,621,684 ","$1,075,000 ",30,59.70%,38,2,101%,44,48
All Home Types,3,2020,Toronto C10,50,"$49,620,700 ","$992,414 ","$807,500 ",93,64.20%,64,1.4,102%,15,18
All Home Types,3,2020,Toronto C11,34,"$30,362,000 ","$893,000 ","$575,000 ",64,65.80%,58,1.3,104%,16,22
All Home Types,3,2020,Toronto C12,38,"$96,230,904 ","$2,532,392 ","$2,175,000 ",51,33.00%,122,6.7,95%,24,33
All Home Types,3,2020,Toronto C13,70,"$80,081,100 ","$1,144,016 ","$965,000 ",104,61.10%,83,2,101%,15,20
All Home Types,3,2020,Toronto C14,111,"$110,192,765 ","$992,728 ","$780,000 ",163,56.60%,131,2.3,102%,15,26
All Home Types,3,2020,Toronto C15,141,"$116,337,457 ","$825,088 ","$680,000 ",234,63.00%,168,1.8,104%,14,19
All Home Types,3,2020,Toronto East,703,"$630,737,574 ","$897,208 ","$850,000 ",1191,67.10%,635,1.2,109%,9,10
All Home Types,3,2020,Toronto E01,69,"$81,854,271 ","$1,186,294 ","$1,140,000 ",112,70.30%,47,0.7,113%,7,7
All Home Types,3,2020,Toronto E02,68,"$85,677,084 ","$1,259,957 ","$1,299,500 ",132,60.40%,70,1,111%,6,7
All Home Types,3,2020,Toronto E03,75,"$85,155,602 ","$1,135,408 ","$1,085,000 ",115,63.70%,66,1.1,112%,11,14
All Home Types,3,2020,Toronto E04,90,"$70,687,300 ","$785,414 ","$822,500 ",138,68.90%,66,1.2,108%,8,10
All Home Types,3,2020,Toronto E05,62,"$47,681,900 ","$769,063 ","$682,500 ",112,70.80%,56,1.3,108%,9,9
All Home Types,3,2020,Toronto E06,29,"$27,061,000 ","$933,138 ","$805,000 ",50,58.00%,35,1.6,108%,10,11
All Home Types,3,2020,Toronto E07,67,"$48,156,964 ","$718,761 ","$593,000 ",99,73.80%,43,1.2,110%,7,9
All Home Types,3,2020,Toronto E08,46,"$39,012,100 ","$848,089 ","$855,000 ",93,58.90%,73,1.8,103%,11,12
All Home Types,3,2020,Toronto E09,82,"$59,308,863 ","$723,279 ","$766,500 ",142,73.90%,66,0.9,108%,7,10
All Home Types,3,2020,Toronto E10,52,"$43,771,314 ","$841,756 ","$770,551 ",95,61.70%,61,1.7,104%,13,14
All Home Types,3,2020,Toronto E11,63,"$42,371,176 ","$672,558 ","$675,000 ",103,71.10%,52,1.1,107%,8,9
All Home Types,4,2020,All TRREB Areas,2975,"$2,443,640,524 ","$821,392 ","$732,000 ",6174,60.40%,10561,1.9,98%,19,24
All Home Types,4,2020,Halton Region,338,"$294,386,520 ","$870,966 ","$782,250 ",621,63.10%,1117,2,98%,20,24
All Home Types,4,2020,Burlington,101,"$87,328,322 ","$864,637 ","$801,000 ",182,67.20%,295,1.8,97%,19,25
All Home Types,4,2020,Halton Hills,40,"$29,268,480 ","$731,712 ","$708,500 ",59,62.70%,116,1.9,98%,19,20
All Home Types,4,2020,Milton,97,"$71,302,600 ","$735,078 ","$732,000 ",165,69.90%,197,1.2,99%,16,20
All Home Types,4,2020,Oakville,100,"$106,487,118 ","$1,064,871 ","$932,500 ",215,56.60%,509,2.6,97%,24,28
All Home Types,4,2020,Peel Region,520,"$417,120,795 ","$802,155 ","$750,625 ",1181,63.80%,1875,1.5,98%,19,23
All Home Types,4,2020,Brampton,239,"$180,597,565 ","$755,638 ","$745,000 ",558,64.10%,781,1.3,99%,17,22
All Home Types,4,2020,Caledon,21,"$20,174,000 ","$960,667 ","$785,000 ",91,53.30%,220,3,96%,44,47
All Home Types,4,2020,Mississauga,260,"$216,349,230 ","$832,112 ","$751,000 ",532,65.00%,874,1.5,98%,18,21
All Home Types,4,2020,City of Toronto,1036,"$913,155,503 ","$881,424 ","$749,950 ",2223,63.00%,3470,1.6,99%,17,20
All Home Types,4,2020,Toronto West,289,"$245,373,096 ","$849,042 ","$770,000 ",544,66.40%,860,1.5,99%,18,21
All Home Types,4,2020,Toronto Central,433,"$401,392,872 ","$927,004 ","$703,000 ",1149,58.90%,2015,1.9,98%,18,23
All Home Types,4,2020,Toronto East,314,"$266,389,535 ","$848,374 ","$798,250 ",530,67.70%,595,1.2,100%,13,16
All Home Types,4,2020,York Region,436,"$422,265,443 ","$968,499 ","$872,500 ",993,51.90%,2267,2.9,97%,22,29
All Home Types,4,2020,Aurora,40,"$37,748,488 ","$943,712 ","$843,000 ",81,51.70%,158,2.9,97%,22,30
All Home Types,4,2020,East Gwillimbury,22,"$19,283,900 ","$876,541 ","$824,500 ",43,50.60%,116,3.3,96%,25,25
All Home Types,4,2020,Georgina,27,"$16,637,200 ","$616,193 ","$610,000 ",66,47.10%,166,3.5,96%,31,49
All Home Types,4,2020,King,10,"$11,890,000 ","$1,189,000 ","$1,225,000 ",38,31.20%,180,8.8,96%,33,33
All Home Types,4,2020,Markham,97,"$97,915,287 ","$1,009,436 ","$907,000 ",195,56.30%,401,2.3,98%,18,21
All Home Types,4,2020,Newmarket,45,"$36,486,800 ","$810,818 ","$765,000 ",89,59.00%,148,2.1,98%,15,18
All Home Types,4,2020,Richmond Hill,91,"$92,722,976 ","$1,018,934 ","$910,000 ",167,48.80%,399,3.1,99%,22,28
All Home Types,4,2020,Vaughan,88,"$90,624,967 ","$1,029,829 ","$970,000 ",261,53.00%,554,2.6,97%,24,30
All Home Types,4,2020,Whitchurch-Stouffville,16,"$18,955,825 ","$1,184,739 ","$933,750 ",53,50.00%,145,3.7,95%,42,71
All Home Types,4,2020,Durham Region,513,"$314,244,671 ","$612,563 ","$588,000 ",883,60.60%,1183,1.8,99%,17,23
All Home Types,4,2020,Ajax,75,"$51,240,689 ","$683,209 ","$659,900 ",112,65.70%,107,1.3,100%,14,16
All Home Types,4,2020,Brock,10,"$4,276,500 ","$427,650 ","$431,750 ",11,52.90%,46,4.4,96%,39,57
All Home Types,4,2020,Clarington,106,"$61,903,968 ","$584,000 ","$560,000 ",175,59.10%,236,1.9,99%,17,24
All Home Types,4,2020,Oshawa,152,"$78,696,155 ","$517,738 ","$505,500 ",266,61.90%,300,1.5,100%,16,20
All Home Types,4,2020,Pickering,56,"$39,146,500 ","$699,045 ","$682,500 ",135,58.40%,192,1.8,99%,15,21
All Home Types,4,2020,Scugog,16,"$10,074,390 ","$629,649 ","$654,995 ",22,50.60%,63,4,99%,38,55
All Home Types,4,2020,Uxbridge,12,"$11,369,869 ","$947,489 ","$804,950 ",22,51.70%,71,3.7,94%,43,67
All Home Types,4,2020,Whitby,86,"$57,536,600 ","$669,030 ","$652,750 ",140,62.00%,168,1.5,99%,13,18
All Home Types,4,2020,Dufferin County,14,"$7,569,300 ","$540,664 ","$542,500 ",33,73.00%,62,1.4,100%,21,25
All Home Types,4,2020,Orangeville,14,"$7,569,300 ","$540,664 ","$542,500 ",33,73.00%,62,1.4,100%,21,25
All Home Types,4,2020,Simcoe County,118,"$74,898,292 ","$634,731 ","$611,200 ",240,53.90%,587,3.3,97%,33,43
All Home Types,4,2020,Adjala-Tosorontio,7,"$5,240,237 ","$748,605 ","$826,900 ",9,61.80%,33,3.5,97%,35,53
All Home Types,4,2020,Bradford,24,"$18,577,442 ","$774,060 ","$726,500 ",43,56.80%,70,2.4,97%,22,27
All Home Types,4,2020,Essa,24,"$13,854,313 ","$577,263 ","$480,000 ",23,62.10%,69,2.8,96%,43,55
All Home Types,4,2020,Innisfil,37,"$21,033,400 ","$568,470 ","$580,000 ",118,42.50%,291,4.8,97%,40,54
All Home Types,4,2020,New Tecumseth,26,"$16,192,900 ","$622,804 ","$579,500 ",47,64.20%,124,2.6,97%,26,29
All Home Types,4,2020,All TRREB Areas,2975,"$2,443,640,524 ","$821,392 ","$732,000 ",6174,60.40%,10561,1.9,98%,19,24
All Home Types,4,2020,City of Toronto,1036,"$913,155,503 ","$881,424 ","$749,950 ",2223,63.00%,3470,1.6,99%,17,20
All Home Types,4,2020,Toronto West,289,"$245,373,096 ","$849,042 ","$770,000 ",544,66.40%,860,1.5,99%,18,21
All Home Types,4,2020,Toronto W01,21,"$30,229,000 ","$1,439,476 ","$1,550,000 ",36,73.60%,49,0.9,96%,13,16
All Home Types,4,2020,Toronto W02,38,"$40,365,383 ","$1,062,247 ","$1,047,500 ",57,71.00%,56,0.9,102%,16,18
All Home Types,4,2020,Toronto W03,22,"$17,524,300 ","$796,559 ","$799,000 ",29,66.50%,48,1.2,101%,17,20
All Home Types,4,2020,Toronto W04,32,"$23,647,900 ","$738,997 ","$680,250 ",51,63.20%,97,1.8,100%,21,27
All Home Types,4,2020,Toronto W05,41,"$27,118,687 ","$661,431 ","$680,000 ",65,68.90%,94,1.6,99%,16,18
All Home Types,4,2020,Toronto W06,45,"$36,122,937 ","$802,732 ","$720,000 ",100,63.80%,189,1.8,100%,21,24
All Home Types,4,2020,Toronto W07,4,"$4,047,000 ","$1,011,750 ","$1,007,500 ",16,60.40%,30,1.6,97%,15,15
All Home Types,4,2020,Toronto W08,51,"$45,684,499 ","$895,774 ","$842,500 ",118,64.50%,187,1.6,99%,16,20
All Home Types,4,2020,Toronto W09,14,"$9,641,000 ","$688,643 ","$615,000 ",35,61.10%,63,1.7,99%,21,23
All Home Types,4,2020,Toronto W10,21,"$10,992,390 ","$523,447 ","$470,000 ",37,72.40%,47,1.3,98%,20,21
All Home Types,4,2020,Toronto Central,433,"$401,392,872 ","$927,004 ","$703,000 ",1149,58.90%,2015,1.9,98%,18,23
All Home Types,4,2020,Toronto C01,122,"$91,778,110 ","$752,280 ","$688,000 ",371,61.60%,598,1.6,100%,16,20
All Home Types,4,2020,Toronto C02,11,"$14,053,900 ","$1,277,627 ","$1,170,000 ",52,54.00%,117,2.2,94%,31,34
All Home Types,4,2020,Toronto C03,16,"$24,238,554 ","$1,514,910 ","$1,202,500 ",25,58.00%,51,1.8,97%,15,18
All Home Types,4,2020,Toronto C04,15,"$23,729,799 ","$1,581,987 ","$1,800,000 ",42,54.20%,93,2.2,100%,21,23
All Home Types,4,2020,Toronto C06,14,"$15,634,800 ","$1,116,771 ","$1,105,000 ",21,54.80%,41,2.3,97%,16,26
All Home Types,4,2020,Toronto C07,23,"$24,421,300 ","$1,061,796 ","$900,000 ",66,54.70%,132,2.5,99%,17,26
All Home Types,4,2020,Toronto C08,83,"$60,980,267 ","$734,702 ","$618,000 ",200,62.20%,288,1.5,98%,21,26
All Home Types,4,2020,Toronto C09,5,"$9,082,100 ","$1,816,420 ","$1,905,000 ",17,59.00%,37,2.2,96%,20,20
All Home Types,4,2020,Toronto C10,26,"$26,292,504 ","$1,011,250 ","$700,000 ",87,62.90%,90,1.4,98%,19,25
All Home Types,4,2020,Toronto C11,10,"$7,940,000 ","$794,000 ","$492,500 ",25,64.70%,59,1.5,100%,20,21
All Home Types,4,2020,Toronto C12,6,"$11,757,500 ","$1,959,583 ","$1,579,250 ",26,33.40%,111,7.1,91%,20,20
All Home Types,4,2020,Toronto C13,12,"$8,712,000 ","$726,000 ","$627,500 ",31,60.90%,81,2,98%,21,22
All Home Types,4,2020,Toronto C14,37,"$32,869,950 ","$888,377 ","$650,000 ",76,57.20%,136,2.4,100%,17,28
All Home Types,4,2020,Toronto C15,53,"$49,902,088 ","$941,549 ","$678,000 ",110,63.20%,181,1.8,98%,18,25
All Home Types,4,2020,Toronto East,314,"$266,389,535 ","$848,374 ","$798,250 ",530,67.70%,595,1.2,100%,13,16
All Home Types,4,2020,Toronto E01,30,"$34,993,032 ","$1,166,434 ","$1,107,514 ",52,71.00%,47,0.7,100%,11,14
All Home Types,4,2020,Toronto E02,46,"$54,374,898 ","$1,182,063 ","$1,087,000 ",67,62.00%,53,1,99%,11,14
All Home Types,4,2020,Toronto E03,39,"$39,379,424 ","$1,009,729 ","$950,000 ",65,65.40%,59,1.1,102%,11,12
All Home Types,4,2020,Toronto E04,46,"$30,151,999 ","$655,478 ","$725,000 ",60,70.00%,55,1.1,101%,14,18
All Home Types,4,2020,Toronto E05,17,"$13,097,800 ","$770,459 ","$680,000 ",35,71.40%,63,1.3,106%,13,13
All Home Types,4,2020,Toronto E06,14,"$11,667,900 ","$833,421 ","$813,000 ",30,59.20%,38,1.7,98%,16,16
All Home Types,4,2020,Toronto E07,24,"$13,577,500 ","$565,729 ","$529,500 ",37,74.70%,38,1.2,101%,15,16
All Home Types,4,2020,Toronto E08,20,"$15,737,401 ","$786,870 ","$812,500 ",43,59.40%,68,1.9,99%,17,23
All Home Types,4,2020,Toronto E09,43,"$30,061,293 ","$699,100 ","$740,105 ",62,73.50%,61,0.9,100%,14,16
All Home Types,4,2020,Toronto E10,16,"$11,321,900 ","$707,619 ","$710,500 ",35,62.00%,62,1.8,97%,17,20
All Home Types,4,2020,Toronto E11,19,"$12,026,388 ","$632,968 ","$535,000 ",44,69.80%,51,1.1,101%,14,22
All Home Types,5,2020,All TRREB Areas,4606,"$3,977,734,910 ","$863,599 ","$754,500 ",9104,61.10%,11448,1.9,99%,24,32
All Home Types,5,2020,Halton Region,497,"$458,648,009 ","$922,833 ","$830,000 ",837,64.30%,1135,2,98%,27,34
All Home Types,5,2020,Burlington,153,"$134,423,644 ","$878,586 ","$814,000 ",240,68.10%,317,1.8,98%,30,36
All Home Types,5,2020,Halton Hills,64,"$58,411,700 ","$912,683 ","$840,000 ",96,66.50%,108,1.8,98%,30,35
All Home Types,5,2020,Milton,131,"$101,414,500 ","$774,156 ","$749,900 ",190,71.60%,192,1.2,99%,20,28
All Home Types,5,2020,Oakville,149,"$164,398,165 ","$1,103,343 ","$960,000 ",311,57.10%,518,2.6,97%,28,38
All Home Types,5,2020,Peel Region,927,"$748,759,868 ","$807,724 ","$755,000 ",1762,63.90%,1984,1.5,98%,23,33
All Home Types,5,2020,Brampton,460,"$364,762,198 ","$792,961 ","$747,300 ",838,64.30%,817,1.3,99%,22,33
All Home Types,5,2020,Caledon,59,"$58,994,069 ","$999,899 ","$875,000 ",120,53.90%,208,3,96%,36,53
All Home Types,5,2020,Mississauga,408,"$325,003,601 ","$796,577 ","$749,950 ",804,64.80%,959,1.6,98%,22,29
All Home Types,5,2020,City of Toronto,1491,"$1,424,311,443 ","$955,273 ","$785,000 ",3312,62.70%,4009,1.7,100%,21,27
All Home Types,5,2020,Toronto West,430,"$385,285,933 ","$896,014 ","$780,000 ",878,66.10%,1011,1.5,101%,20,25
All Home Types,5,2020,Toronto Central,674,"$693,860,628 ","$1,029,467 ","$746,694 ",1772,58.30%,2356,2,98%,22,30
All Home Types,5,2020,Toronto East,387,"$345,164,882 ","$891,899 ","$830,000 ",662,68.20%,642,1.2,101%,20,25
All Home Types,5,2020,York Region,692,"$699,435,374 ","$1,010,745 ","$920,000 ",1606,53.20%,2488,2.8,97%,29,39
All Home Types,5,2020,Aurora,41,"$38,973,488 ","$950,573 ","$880,000 ",109,52.60%,183,2.9,97%,23,29
All Home Types,5,2020,East Gwillimbury,25,"$21,507,300 ","$860,292 ","$840,000 ",63,52.80%,118,3.3,98%,28,38
All Home Types,5,2020,Georgina,61,"$38,903,180 ","$637,757 ","$585,000 ",111,50.10%,169,3.3,97%,39,55
All Home Types,5,2020,King,26,"$35,040,697 ","$1,347,719 ","$1,380,000 ",64,33.60%,176,8.5,95%,45,60
All Home Types,5,2020,Markham,158,"$171,253,676 ","$1,083,884 ","$964,000 ",356,57.10%,458,2.3,98%,26,32
All Home Types,5,2020,Newmarket,87,"$73,937,038 ","$849,851 ","$775,000 ",157,61.00%,171,2,98%,24,34
All Home Types,5,2020,Richmond Hill,96,"$100,847,500 ","$1,050,495 ","$978,000 ",266,50.30%,450,3.1,99%,25,38
All Home Types,5,2020,Vaughan,163,"$179,459,857 ","$1,100,981 ","$995,000 ",390,53.80%,615,2.6,97%,32,41
All Home Types,5,2020,Whitchurch-Stouffville,35,"$39,512,638 ","$1,128,933 ","$880,500 ",90,51.00%,148,3.7,96%,31,48
All Home Types,5,2020,Durham Region,770,"$501,724,649 ","$651,590 ","$623,000 ",1138,62.80%,1149,1.7,99%,22,29
All Home Types,5,2020,Ajax,96,"$68,103,299 ","$709,409 ","$692,500 ",139,66.90%,111,1.3,100%,21,29
All Home Types,5,2020,Brock,16,"$8,297,900 ","$518,619 ","$473,000 ",31,53.90%,42,4.2,98%,40,43
All Home Types,5,2020,Clarington,141,"$87,274,427 ","$618,968 ","$576,000 ",227,61.50%,240,1.8,98%,23,31
All Home Types,5,2020,Oshawa,246,"$134,551,506 ","$546,957 ","$538,950 ",312,64.70%,270,1.5,100%,19,26
All Home Types,5,2020,Pickering,97,"$71,388,100 ","$735,960 ","$690,000 ",159,60.30%,190,1.8,99%,21,28
All Home Types,5,2020,Scugog,16,"$9,899,677 ","$618,730 ","$580,000 ",44,52.50%,75,3.9,94%,56,60
All Home Types,5,2020,Uxbridge,26,"$24,973,300 ","$960,512 ","$830,000 ",40,54.10%,63,3.6,97%,41,45
All Home Types,5,2020,Whitby,132,"$97,236,440 ","$736,640 ","$702,750 ",186,64.20%,158,1.5,98%,22,28
All Home Types,5,2020,Dufferin County,47,"$29,033,177 ","$617,727 ","$595,000 ",45,76.80%,50,1.4,99%,27,32
All Home Types,5,2020,Orangeville,47,"$29,033,177 ","$617,727 ","$595,000 ",45,76.80%,50,1.4,99%,27,32
All Home Types,5,2020,Simcoe County,182,"$115,822,390 ","$636,387 ","$632,000 ",404,54.90%,633,3.3,98%,35,43
All Home Types,5,2020,Adjala-Tosorontio,3,"$1,980,000 ","$660,000 ","$700,000 ",9,64.00%,36,3.7,97%,25,39
All Home Types,5,2020,Bradford,37,"$28,742,400 ","$776,822 ","$737,000 ",64,59.30%,75,2.3,98%,28,38
All Home Types,5,2020,Essa,31,"$16,621,300 ","$536,171 ","$489,000 ",53,62.40%,73,2.8,98%,37,40
All Home Types,5,2020,Innisfil,69,"$40,602,490 ","$588,442 ","$552,000 ",176,44.20%,309,4.7,98%,37,49
All Home Types,5,2020,New Tecumseth,42,"$27,876,200 ","$663,719 ","$659,850 ",102,63.40%,140,2.7,98%,35,41
All Home Types,5,2020,All TRREB Areas,4606,"$3,977,734,910 ","$863,599 ","$754,500 ",9104,61.10%,11448,1.9,99%,24,32
All Home Types,5,2020,City of Toronto,1491,"$1,424,311,443 ","$955,273 ","$785,000 ",3312,62.70%,4009,1.7,100%,21,27
All Home Types,5,2020,Toronto West,430,"$385,285,933 ","$896,014 ","$780,000 ",878,66.10%,1011,1.5,101%,20,25
All Home Types,5,2020,Toronto W01,26,"$36,736,532 ","$1,412,944 ","$1,272,500 ",61,68.60%,58,1.1,99%,22,29
All Home Types,5,2020,Toronto W02,48,"$57,591,399 ","$1,199,821 ","$1,187,500 ",81,71.50%,62,1,104%,13,14
All Home Types,5,2020,Toronto W03,31,"$27,641,838 ","$891,672 ","$875,000 ",62,64.90%,60,1.3,102%,14,22
All Home Types,5,2020,Toronto W04,36,"$24,325,248 ","$675,701 ","$637,000 ",98,61.90%,124,1.8,100%,19,22
All Home Types,5,2020,Toronto W05,46,"$31,972,516 ","$695,055 ","$725,000 ",92,69.10%,114,1.6,99%,22,27
All Home Types,5,2020,Toronto W06,82,"$66,017,003 ","$805,085 ","$732,500 ",198,63.50%,243,1.8,102%,24,30
All Home Types,5,2020,Toronto W07,14,"$17,202,000 ","$1,228,714 ","$1,200,000 ",13,63.00%,22,1.6,100%,18,23
All Home Types,5,2020,Toronto W08,95,"$85,757,094 ","$902,706 ","$640,000 ",155,65.30%,197,1.6,99%,22,27
All Home Types,5,2020,Toronto W09,25,"$20,702,538 ","$828,102 ","$831,700 ",47,64.00%,62,1.7,103%,21,27
All Home Types,5,2020,Toronto W10,27,"$17,339,765 ","$642,214 ","$665,000 ",71,71.00%,69,1.3,100%,18,20
All Home Types,5,2020,Toronto Central,674,"$693,860,628 ","$1,029,467 ","$746,694 ",1772,58.30%,2356,2,98%,22,30
All Home Types,5,2020,Toronto C01,219,"$181,196,927 ","$827,383 ","$690,000 ",634,59.40%,764,1.7,99%,19,27
All Home Types,5,2020,Toronto C02,27,"$41,373,354 ","$1,532,346 ","$1,290,000 ",103,51.70%,147,2.5,101%,22,37
All Home Types,5,2020,Toronto C03,16,"$37,588,035 ","$2,349,252 ","$1,440,000 ",55,57.90%,72,1.9,97%,16,16
All Home Types,5,2020,Toronto C04,29,"$51,351,221 ","$1,770,732 ","$1,690,000 ",72,53.30%,95,2.4,99%,28,35
All Home Types,5,2020,Toronto C06,13,"$13,162,000 ","$1,012,462 ","$1,210,000 ",33,56.10%,49,2.2,97%,26,29
All Home Types,5,2020,Toronto C07,40,"$46,518,500 ","$1,162,963 ","$950,000 ",86,56.80%,143,2.4,95%,34,48
All Home Types,5,2020,Toronto C08,98,"$81,133,099 ","$827,889 ","$732,500 ",269,60.40%,338,1.6,98%,23,30
All Home Types,5,2020,Toronto C09,10,"$23,116,500 ","$2,311,650 ","$2,520,000 ",25,58.20%,44,2.4,97%,22,40
All Home Types,5,2020,Toronto C10,48,"$43,409,788 ","$904,371 ","$730,500 ",88,62.80%,96,1.5,99%,14,22
All Home Types,5,2020,Toronto C11,21,"$22,930,250 ","$1,091,917 ","$590,000 ",45,62.30%,62,1.7,99%,24,30
All Home Types,5,2020,Toronto C12,11,"$25,638,000 ","$2,330,727 ","$1,610,000 ",47,34.20%,109,7.2,95%,27,39
All Home Types,5,2020,Toronto C13,38,"$34,966,288 ","$920,165 ","$618,000 ",60,62.30%,79,2,97%,26,34
All Home Types,5,2020,Toronto C14,41,"$39,590,300 ","$965,617 ","$690,000 ",120,58.90%,167,2.3,99%,20,27
All Home Types,5,2020,Toronto C15,63,"$51,886,366 ","$823,593 ","$650,000 ",135,64.00%,191,1.8,98%,25,29
All Home Types,5,2020,Toronto East,387,"$345,164,882 ","$891,899 ","$830,000 ",662,68.20%,642,1.2,101%,20,25
All Home Types,5,2020,Toronto E01,43,"$51,436,235 ","$1,196,192 ","$1,145,000 ",66,71.50%,50,0.8,106%,12,16
All Home Types,5,2020,Toronto E02,33,"$42,463,514 ","$1,286,773 ","$1,175,000 ",72,60.20%,53,1.1,102%,11,20
All Home Types,5,2020,Toronto E03,53,"$57,013,482 ","$1,075,726 ","$1,107,500 ",92,64.90%,79,1.1,103%,14,15
All Home Types,5,2020,Toronto E04,38,"$30,973,000 ","$815,079 ","$822,500 ",57,71.00%,59,1.1,101%,25,29
All Home Types,5,2020,Toronto E05,42,"$31,260,688 ","$744,302 ","$645,500 ",70,72.10%,64,1.3,99%,25,33
All Home Types,5,2020,Toronto E06,20,"$20,771,332 ","$1,038,567 ","$964,500 ",36,59.20%,41,1.7,100%,25,27
All Home Types,5,2020,Toronto E07,28,"$19,810,800 ","$707,529 ","$638,000 ",47,75.60%,44,1.2,103%,18,21
All Home Types,5,2020,Toronto E08,24,"$19,999,980 ","$833,333 ","$797,500 ",59,60.20%,77,1.9,97%,28,37
All Home Types,5,2020,Toronto E09,45,"$30,630,801 ","$680,684 ","$766,500 ",60,75.20%,60,0.9,101%,23,29
All Home Types,5,2020,Toronto E10,28,"$20,686,250 ","$738,795 ","$743,750 ",43,63.70%,56,1.8,98%,26,33
All Home Types,5,2020,Toronto E11,33,"$20,118,800 ","$609,661 ","$593,000 ",60,70.20%,59,1.2,100%,17,20
All Home Types,6,2020,All TRREB Areas,8701,"$8,099,494,944 ","$930,869 ","$795,000 ",16153,60.80%,14001,1.9,100%,18,26
All Home Types,6,2020,Halton Region,990,"$985,266,035 ","$995,218 ","$869,950 ",1595,64.60%,1337,1.9,98%,20,28
All Home Types,6,2020,Burlington,292,"$263,003,607 ","$900,697 ","$836,000 ",436,68.00%,355,1.7,100%,19,25
All Home Types,6,2020,Halton Hills,125,"$110,648,391 ","$885,187 ","$825,000 ",175,68.10%,121,1.7,98%,18,26
All Home Types,6,2020,Milton,251,"$209,215,368 ","$833,527 ","$795,000 ",357,72.20%,228,1.1,99%,17,25
All Home Types,6,2020,Oakville,322,"$402,398,669 ","$1,249,685 ","$1,057,500 ",627,57.10%,633,2.5,97%,23,32
All Home Types,6,2020,Peel Region,1778,"$1,541,223,011 ","$866,830 ","$789,650 ",3048,63.50%,2334,1.5,99%,16,26
All Home Types,6,2020,Brampton,913,"$748,397,248 ","$819,712 ","$778,000 ",1404,64.60%,912,1.3,100%,14,25
All Home Types,6,2020,Caledon,123,"$131,694,816 ","$1,070,690 ","$955,000 ",216,54.50%,220,2.9,98%,30,42
All Home Types,6,2020,Mississauga,742,"$661,130,947 ","$891,012 ","$786,000 ",1428,63.70%,1202,1.6,99%,17,24
All Home Types,6,2020,City of Toronto,2830,"$2,892,650,632 ","$1,022,138 ","$815,000 ",6144,60.90%,5331,1.7,101%,15,22
All Home Types,6,2020,Toronto West,797,"$750,939,156 ","$942,207 ","$799,000 ",1448,64.80%,1217,1.5,102%,15,24
All Home Types,6,2020,Toronto Central,1281,"$1,445,172,400 ","$1,128,160 ","$789,000 ",3330,55.80%,3230,2.1,100%,16,24
All Home Types,6,2020,Toronto East,752,"$696,539,076 ","$926,249 ","$855,278 ",1366,67.70%,884,1.2,104%,13,17
All Home Types,6,2020,York Region,1354,"$1,481,040,971 ","$1,093,826 ","$960,000 ",2891,53.50%,3066,2.7,99%,22,32
All Home Types,6,2020,Aurora,87,"$92,938,150 ","$1,068,255 ","$910,000 ",175,53.40%,207,2.8,97%,24,28
All Home Types,6,2020,East Gwillimbury,60,"$61,521,530 ","$1,025,359 ","$873,000 ",94,54.10%,120,3.1,98%,29,48
All Home Types,6,2020,Georgina,110,"$79,039,240 ","$718,539 ","$637,500 ",149,53.30%,159,3,97%,28,41
All Home Types,6,2020,King,60,"$104,969,700 ","$1,749,495 ","$1,530,000 ",120,36.30%,189,7.4,94%,41,61
All Home Types,6,2020,Markham,333,"$361,805,020 ","$1,086,502 ","$960,000 ",687,57.00%,620,2.1,101%,16,25
All Home Types,6,2020,Newmarket,122,"$108,523,180 ","$889,534 ","$840,000 ",239,61.50%,221,1.8,99%,16,23
All Home Types,6,2020,Richmond Hill,203,"$246,277,789 ","$1,213,191 ","$1,051,800 ",509,50.90%,581,3,99%,24,32
All Home Types,6,2020,Vaughan,293,"$338,225,173 ","$1,154,352 ","$1,050,000 ",731,52.50%,777,2.6,99%,21,33
All Home Types,6,2020,Whitchurch-Stouffville,86,"$87,741,189 ","$1,020,246 ","$915,000 ",187,50.30%,192,3.5,98%,20,28
All Home Types,6,2020,Durham Region,1281,"$878,323,873 ","$685,655 ","$650,000 ",1857,64.30%,1282,1.6,101%,15,23
All Home Types,6,2020,Ajax,175,"$130,478,102 ","$745,589 ","$731,000 ",249,68.70%,134,1.2,101%,10,17
All Home Types,6,2020,Brock,23,"$14,123,100 ","$614,048 ","$580,000 ",41,55.10%,48,3.9,97%,21,26
All Home Types,6,2020,Clarington,240,"$151,706,799 ","$632,112 ","$588,450 ",350,62.60%,251,1.7,101%,18,25
All Home Types,6,2020,Oshawa,336,"$194,137,820 ","$577,791 ","$559,000 ",449,66.80%,282,1.3,101%,15,23
All Home Types,6,2020,Pickering,161,"$124,330,108 ","$772,237 ","$715,000 ",228,62.40%,194,1.7,101%,15,21
All Home Types,6,2020,Scugog,42,"$28,708,500 ","$683,536 ","$628,250 ",69,53.30%,83,3.7,99%,28,40
All Home Types,6,2020,Uxbridge,54,"$44,553,887 ","$825,072 ","$775,000 ",84,55.10%,69,3.3,100%,25,37
All Home Types,6,2020,Whitby,250,"$190,285,557 ","$761,142 ","$725,000 ",387,65.40%,221,1.4,101%,12,19
All Home Types,6,2020,Dufferin County,65,"$41,887,342 ","$644,421 ","$618,000 ",74,78.00%,46,1.3,100%,16,20
All Home Types,6,2020,Orangeville,65,"$41,887,342 ","$644,421 ","$618,000 ",74,78.00%,46,1.3,100%,16,20
All Home Types,6,2020,Simcoe County,403,"$279,103,080 ","$692,563 ","$664,000 ",544,58.20%,605,3,99%,29,39
All Home Types,6,2020,Adjala-Tosorontio,15,"$10,710,000 ","$714,000 ","$667,000 ",20,65.70%,31,3.6,99%,50,67
All Home Types,6,2020,Bradford,87,"$73,261,989 ","$842,092 ","$815,000 ",128,61.50%,86,2,100%,19,25
All Home Types,6,2020,Essa,52,"$32,762,700 ","$630,052 ","$582,500 ",62,65.60%,67,2.6,98%,34,49
All Home Types,6,2020,Innisfil,132,"$85,215,415 ","$645,571 ","$604,750 ",191,48.30%,283,4.2,98%,35,48
All Home Types,6,2020,New Tecumseth,117,"$77,152,976 ","$659,427 ","$640,000 ",143,66.40%,138,2.4,99%,25,33
All Home Types,6,2020,All TRREB Areas,8701,"$8,099,494,944 ","$930,869 ","$795,000 ",16153,60.80%,14001,1.9,100%,18,26
All Home Types,6,2020,City of Toronto,2830,"$2,892,650,632 ","$1,022,138 ","$815,000 ",6144,60.90%,5331,1.7,101%,15,22
All Home Types,6,2020,Toronto West,797,"$750,939,156 ","$942,207 ","$799,000 ",1448,64.80%,1217,1.5,102%,15,24
All Home Types,6,2020,Toronto W01,69,"$80,686,436 ","$1,169,369 ","$975,000 ",121,66.20%,75,1.1,105%,11,21
All Home Types,6,2020,Toronto W02,98,"$110,023,625 ","$1,122,690 ","$1,087,500 ",145,71.10%,76,0.9,106%,11,14
All Home Types,6,2020,Toronto W03,50,"$44,373,417 ","$887,468 ","$881,500 ",74,66.20%,60,1.2,103%,14,20
All Home Types,6,2020,Toronto W04,78,"$58,089,208 ","$744,733 ","$663,000 ",160,59.70%,147,1.8,100%,17,27
All Home Types,6,2020,Toronto W05,81,"$53,206,860 ","$656,875 ","$645,000 ",145,68.10%,136,1.6,99%,21,29
All Home Types,6,2020,Toronto W06,161,"$135,495,087 ","$841,584 ","$750,000 ",316,61.90%,304,1.8,101%,14,21
All Home Types,6,2020,Toronto W07,16,"$20,542,000 ","$1,283,875 ","$1,291,250 ",35,61.00%,28,1.6,101%,18,23
All Home Types,6,2020,Toronto W08,152,"$178,552,195 ","$1,174,685 ","$735,500 ",279,63.80%,236,1.6,100%,16,25
All Home Types,6,2020,Toronto W09,33,"$30,514,126 ","$924,670 ","$950,000 ",65,60.80%,68,1.8,102%,24,34
All Home Types,6,2020,Toronto W10,59,"$39,456,202 ","$668,749 ","$700,000 ",108,71.20%,87,1.3,100%,17,32
All Home Types,6,2020,Toronto Central,1281,"$1,445,172,400 ","$1,128,160 ","$789,000 ",3330,55.80%,3230,2.1,100%,16,24
All Home Types,6,2020,Toronto C01,389,"$330,919,427 ","$850,693 ","$725,000 ",1103,55.60%,1057,1.8,101%,16,24
All Home Types,6,2020,Toronto C02,83,"$127,135,062 ","$1,531,748 ","$1,275,000 ",209,50.10%,203,2.5,100%,19,28
All Home Types,6,2020,Toronto C03,49,"$115,110,408 ","$2,349,192 ","$1,325,000 ",102,56.30%,90,2,96%,18,29
All Home Types,6,2020,Toronto C04,67,"$131,836,616 ","$1,967,711 ","$1,800,000 ",170,52.70%,144,2.3,101%,11,23
All Home Types,6,2020,Toronto C06,25,"$23,834,800 ","$953,392 ","$680,000 ",62,53.90%,63,2.3,100%,17,25
All Home Types,6,2020,Toronto C07,65,"$56,977,538 ","$876,578 ","$697,000 ",168,56.20%,179,2.3,99%,17,21
All Home Types,6,2020,Toronto C08,174,"$139,694,632 ","$802,843 ","$692,750 ",542,55.40%,498,1.8,100%,14,25
All Home Types,6,2020,Toronto C09,22,"$47,509,400 ","$2,159,518 ","$1,975,000 ",53,54.50%,61,2.5,99%,23,30
All Home Types,6,2020,Toronto C10,76,"$79,440,576 ","$1,045,271 ","$779,500 ",141,61.00%,117,1.5,102%,15,23
All Home Types,6,2020,Toronto C11,46,"$65,740,060 ","$1,429,132 ","$1,125,000 ",82,59.80%,74,1.8,101%,12,18
All Home Types,6,2020,Toronto C12,34,"$87,090,888 ","$2,561,497 ","$2,500,000 ",101,35.80%,129,6.6,95%,19,32
All Home Types,6,2020,Toronto C13,59,"$62,073,999 ","$1,052,102 ","$830,000 ",133,60.70%,119,2,100%,17,18
All Home Types,6,2020,Toronto C14,87,"$78,666,062 ","$904,208 ","$695,000 ",219,57.80%,233,2.3,98%,16,23
All Home Types,6,2020,Toronto C15,105,"$99,142,932 ","$944,218 ","$675,800 ",245,62.00%,263,1.9,99%,19,26
All Home Types,6,2020,Toronto East,752,"$696,539,076 ","$926,249 ","$855,278 ",1366,67.70%,884,1.2,104%,13,17
All Home Types,6,2020,Toronto E01,80,"$97,175,239 ","$1,214,690 ","$1,202,500 ",149,68.40%,75,0.8,113%,7,10
All Home Types,6,2020,Toronto E02,72,"$92,546,520 ","$1,285,368 ","$1,187,461 ",129,57.50%,78,1.1,104%,8,16
All Home Types,6,2020,Toronto E03,89,"$101,957,189 ","$1,145,586 ","$1,081,014 ",161,65.10%,97,1.1,107%,10,11
All Home Types,6,2020,Toronto E04,97,"$77,977,732 ","$803,894 ","$800,000 ",174,71.30%,95,1.1,101%,13,16
All Home Types,6,2020,Toronto E05,61,"$48,035,176 ","$787,462 ","$710,000 ",121,71.40%,97,1.2,102%,14,18
All Home Types,6,2020,Toronto E06,37,"$42,450,750 ","$1,147,318 ","$890,000 ",65,59.40%,47,1.7,102%,14,20
All Home Types,6,2020,Toronto E07,49,"$34,744,400 ","$709,069 ","$630,000 ",115,74.60%,82,1.1,105%,12,18
All Home Types,6,2020,Toronto E08,63,"$54,988,489 ","$872,833 ","$820,000 ",121,59.80%,98,1.8,100%,18,25
All Home Types,6,2020,Toronto E09,77,"$51,450,553 ","$668,189 ","$687,500 ",137,75.20%,85,0.9,102%,16,22
All Home Types,6,2020,Toronto E10,58,"$50,540,100 ","$871,381 ","$878,500 ",88,65.20%,63,1.7,101%,17,20
All Home Types,6,2020,Toronto E11,69,"$44,672,928 ","$647,434 ","$632,000 ",106,70.00%,67,1.1,101%,15,22
All Home Types,7,2020,All TRREB Areas,11081,"$10,457,254,121 ","$943,710 ","$810,000 ",17956,61.00%,15018,1.8,101%,17,25
All Home Types,7,2020,Halton Region,1198,"$1,187,437,212 ","$991,183 ","$862,500 ",1619,65.40%,1299,1.7,99%,18,26
All Home Types,7,2020,Burlington,365,"$331,077,325 ","$907,061 ","$805,000 ",452,69.20%,332,1.6,100%,17,22
All Home Types,7,2020,Halton Hills,147,"$131,412,131 ","$893,960 ","$812,500 ",157,70.20%,97,1.5,100%,16,22
All Home Types,7,2020,Milton,299,"$251,980,593 ","$842,744 ","$790,000 ",395,73.00%,225,1.1,100%,13,17
All Home Types,7,2020,Oakville,387,"$472,967,163 ","$1,222,137 ","$1,071,000 ",615,57.20%,645,2.4,98%,23,36
All Home Types,7,2020,Peel Region,2339,"$2,110,379,680 ","$902,257 ","$820,000 ",3553,64.00%,2521,1.4,100%,16,24
All Home Types,7,2020,Brampton,1167,"$1,005,677,719 ","$861,763 ","$805,000 ",1706,65.60%,1014,1.2,100%,14,21
All Home Types,7,2020,Caledon,183,"$209,064,742 ","$1,142,430 ","$1,001,000 ",210,57.90%,191,2.6,98%,22,36
All Home Types,7,2020,Mississauga,989,"$895,637,219 ","$905,599 ","$815,000 ",1637,63.10%,1316,1.5,99%,17,24
All Home Types,7,2020,City of Toronto,3577,"$3,638,954,125 ","$1,017,320 ","$810,000 ",6930,59.20%,6129,1.7,102%,16,23
All Home Types,7,2020,Toronto West,1018,"$960,650,536 ","$943,665 ","$820,000 ",1726,63.60%,1381,1.5,102%,16,22
All Home Types,7,2020,Toronto Central,1590,"$1,794,203,526 ","$1,128,430 ","$767,000 ",3715,53.30%,3796,2.1,100%,18,26
All Home Types,7,2020,Toronto East,969,"$884,100,063 ","$912,384 ","$856,000 ",1489,67.40%,952,1.1,105%,13,18
All Home Types,7,2020,York Region,1850,"$2,023,365,482 ","$1,093,711 ","$970,000 ",3306,54.20%,3318,2.5,100%,20,30
All Home Types,7,2020,Aurora,122,"$136,951,272 ","$1,122,551 ","$989,000 ",194,53.40%,212,2.6,99%,23,32
All Home Types,7,2020,East Gwillimbury,69,"$66,682,180 ","$966,408 ","$900,000 ",137,54.20%,142,2.9,99%,23,37
All Home Types,7,2020,Georgina,135,"$94,471,703 ","$699,790 ","$660,000 ",192,56.00%,167,2.6,100%,23,31
All Home Types,7,2020,King,66,"$124,470,888 ","$1,885,923 ","$1,671,500 ",105,40.20%,188,6.5,96%,36,52
All Home Types,7,2020,Markham,443,"$484,050,535 ","$1,092,665 ","$1,008,000 ",789,57.50%,676,2,102%,15,24
All Home Types,7,2020,Newmarket,173,"$149,362,345 ","$863,366 ","$824,600 ",272,62.20%,219,1.7,100%,21,34
All Home Types,7,2020,Richmond Hill,281,"$338,343,301 ","$1,204,069 ","$1,070,000 ",654,50.90%,703,2.8,99%,20,30
All Home Types,7,2020,Vaughan,450,"$513,200,621 ","$1,140,446 ","$1,058,000 ",818,53.10%,831,2.5,99%,20,30
All Home Types,7,2020,Whitchurch-Stouffville,111,"$115,832,637 ","$1,043,537 ","$905,000 ",145,53.10%,180,3.1,98%,24,34
All Home Types,7,2020,Durham Region,1583,"$1,123,360,603 ","$709,640 ","$670,100 ",1905,67.60%,1185,1.4,102%,16,20
All Home Types,7,2020,Ajax,223,"$168,251,547 ","$754,491 ","$725,000 ",273,71.40%,139,1.1,103%,12,15
All Home Types,7,2020,Brock,49,"$31,112,112 ","$634,941 ","$559,500 ",40,64.00%,29,3.1,100%,29,37
All Home Types,7,2020,Clarington,297,"$192,505,531 ","$648,167 ","$615,000 ",322,67.00%,207,1.5,102%,15,20
All Home Types,7,2020,Oshawa,409,"$248,152,885 ","$606,731 ","$595,000 ",498,69.70%,261,1.2,103%,15,20
All Home Types,7,2020,Pickering,200,"$167,766,552 ","$838,833 ","$753,000 ",263,65.10%,186,1.5,101%,17,24
All Home Types,7,2020,Scugog,49,"$42,699,990 ","$871,428 ","$715,000 ",60,57.80%,73,3.3,97%,38,44
All Home Types,7,2020,Uxbridge,44,"$38,929,002 ","$884,750 ","$852,500 ",79,57.20%,89,3,100%,23,24
All Home Types,7,2020,Whitby,312,"$233,942,984 ","$749,817 ","$726,250 ",370,68.20%,201,1.2,102%,12,15
All Home Types,7,2020,Dufferin County,73,"$48,718,399 ","$667,375 ","$677,500 ",87,81.00%,46,1.1,101%,16,22
All Home Types,7,2020,Orangeville,73,"$48,718,399 ","$667,375 ","$677,500 ",87,81.00%,46,1.1,101%,16,22
All Home Types,7,2020,Simcoe County,461,"$325,038,620 ","$705,073 ","$682,888 ",556,62.40%,520,2.6,99%,27,34
All Home Types,7,2020,Adjala-Tosorontio,12,"$12,778,655 ","$1,064,888 ","$990,000 ",26,64.40%,34,3.6,98%,23,34
All Home Types,7,2020,Bradford,104,"$83,122,388 ","$799,254 ","$758,000 ",130,64.70%,90,1.8,100%,15,22
All Home Types,7,2020,Essa,61,"$37,726,400 ","$618,466 ","$598,000 ",59,74.10%,42,2.1,99%,20,26
All Home Types,7,2020,Innisfil,163,"$107,752,577 ","$661,059 ","$635,000 ",176,54.00%,215,3.6,98%,40,48
All Home Types,7,2020,New Tecumseth,121,"$83,658,600 ","$691,393 ","$660,000 ",165,67.60%,139,2.2,99%,24,31
All Home Types,7,2020,All TRREB Areas,11081,"$10,457,254,121 ","$943,710 ","$810,000 ",17956,61.00%,15018,1.8,101%,17,25
All Home Types,7,2020,City of Toronto,3577,"$3,638,954,125 ","$1,017,320 ","$810,000 ",6930,59.20%,6129,1.7,102%,16,23
All Home Types,7,2020,Toronto West,1018,"$960,650,536 ","$943,665 ","$820,000 ",1726,63.60%,1381,1.5,102%,16,22
All Home Types,7,2020,Toronto W01,78,"$97,677,626 ","$1,252,277 ","$1,085,119 ",130,64.70%,79,1.1,104%,9,18
All Home Types,7,2020,Toronto W02,127,"$152,482,785 ","$1,200,652 ","$1,175,000 ",159,71.90%,66,0.9,108%,10,16
All Home Types,7,2020,Toronto W03,65,"$59,713,400 ","$918,668 ","$880,000 ",91,66.60%,58,1.2,104%,13,19
All Home Types,7,2020,Toronto W04,98,"$74,844,055 ","$763,715 ","$690,000 ",181,58.80%,161,1.8,100%,17,23
All Home Types,7,2020,Toronto W05,125,"$87,540,950 ","$700,328 ","$749,500 ",194,67.70%,164,1.5,100%,18,24
All Home Types,7,2020,Toronto W06,184,"$158,010,354 ","$858,752 ","$720,000 ",351,59.80%,335,1.8,100%,17,25
All Home Types,7,2020,Toronto W07,26,"$36,676,400 ","$1,410,631 ","$1,334,000 ",37,62.30%,30,1.5,102%,17,17
All Home Types,7,2020,Toronto W08,181,"$194,807,065 ","$1,076,282 ","$750,000 ",358,60.90%,304,1.6,101%,16,25
All Home Types,7,2020,Toronto W09,49,"$44,148,450 ","$900,989 ","$960,000 ",76,59.70%,72,1.8,101%,21,25
All Home Types,7,2020,Toronto W10,85,"$54,749,451 ","$644,111 ","$570,000 ",149,69.60%,112,1.3,102%,16,20
All Home Types,7,2020,Toronto Central,1590,"$1,794,203,526 ","$1,128,430 ","$767,000 ",3715,53.30%,3796,2.1,100%,18,26
All Home Types,7,2020,Toronto C01,478,"$396,104,269 ","$828,670 ","$725,000 ",1352,51.40%,1321,2,102%,16,24
All Home Types,7,2020,Toronto C02,80,"$147,234,443 ","$1,840,431 ","$1,397,000 ",201,47.30%,241,2.6,98%,24,33
All Home Types,7,2020,Toronto C03,68,"$97,858,644 ","$1,439,098 ","$1,155,000 ",103,57.30%,96,1.9,103%,16,26
All Home Types,7,2020,Toronto C04,76,"$166,660,246 ","$2,192,898 ","$1,941,500 ",137,51.70%,137,2.3,99%,17,26
All Home Types,7,2020,Toronto C06,44,"$44,608,118 ","$1,013,821 ","$877,500 ",74,53.40%,68,2.2,101%,19,33
All Home Types,7,2020,Toronto C07,86,"$107,530,629 ","$1,250,356 ","$880,500 ",201,54.20%,206,2.3,100%,17,28
All Home Types,7,2020,Toronto C08,220,"$182,879,546 ","$831,271 ","$730,000 ",570,51.70%,595,1.9,100%,18,24
All Home Types,7,2020,Toronto C09,23,"$74,532,000 ","$3,240,522 ","$2,700,000 ",57,51.70%,72,2.5,98%,22,28
All Home Types,7,2020,Toronto C10,79,"$73,276,832 ","$927,555 ","$689,000 ",159,58.10%,136,1.6,101%,16,25
All Home Types,7,2020,Toronto C11,62,"$74,298,036 ","$1,198,355 ","$857,500 ",77,62.20%,61,1.6,101%,15,20
All Home Types,7,2020,Toronto C12,36,"$107,664,252 ","$2,990,674 ","$2,275,000 ",88,35.80%,148,6.2,95%,33,48
All Home Types,7,2020,Toronto C13,76,"$81,214,201 ","$1,068,608 ","$761,000 ",138,59.10%,128,2,98%,19,26
All Home Types,7,2020,Toronto C14,116,"$115,721,056 ","$997,595 ","$651,000 ",282,56.30%,309,2.3,98%,18,27
All Home Types,7,2020,Toronto C15,146,"$124,621,254 ","$853,570 ","$667,250 ",276,61.70%,278,1.8,100%,16,25
All Home Types,7,2020,Toronto East,969,"$884,100,063 ","$912,384 ","$856,000 ",1489,67.40%,952,1.1,105%,13,18
All Home Types,7,2020,Toronto E01,100,"$124,226,864 ","$1,242,269 ","$1,185,000 ",146,67.40%,65,0.8,112%,8,12
All Home Types,7,2020,Toronto E02,94,"$116,762,472 ","$1,242,154 ","$1,250,000 ",139,57.40%,70,1.1,106%,11,17
All Home Types,7,2020,Toronto E03,107,"$123,010,173 ","$1,149,628 ","$1,122,000 ",174,64.60%,107,1.1,106%,13,19
All Home Types,7,2020,Toronto E04,112,"$85,652,745 ","$764,757 ","$774,000 ",160,71.60%,101,1,105%,13,16
All Home Types,7,2020,Toronto E05,97,"$78,339,439 ","$807,623 ","$718,000 ",148,69.80%,107,1.2,102%,16,22
All Home Types,7,2020,Toronto E06,39,"$38,160,200 ","$978,467 ","$916,000 ",80,60.00%,63,1.6,99%,14,20
All Home Types,7,2020,Toronto E07,80,"$55,465,576 ","$693,320 ","$575,000 ",146,72.30%,105,1.1,103%,14,18
All Home Types,7,2020,Toronto E08,71,"$58,992,789 ","$830,884 ","$785,000 ",102,61.60%,86,1.7,101%,16,24
All Home Types,7,2020,Toronto E09,114,"$83,514,067 ","$732,580 ","$803,500 ",167,73.50%,98,0.8,105%,13,16
All Home Types,7,2020,Toronto E10,59,"$52,794,438 ","$894,821 ","$855,000 ",99,66.20%,75,1.6,102%,15,22
All Home Types,7,2020,Toronto E11,96,"$67,181,300 ","$699,805 ","$692,500 ",128,72.00%,75,1,103%,15,19
All Home Types,8,2020,All TRREB Areas,10775,"$10,251,376,755 ","$951,404 ","$821,000 ",18491,60.30%,16662,1.7,101%,17,24
All Home Types,8,2020,Halton Region,1126,"$1,161,717,623 ","$1,031,721 ","$900,000 ",1500,65.80%,1306,1.6,100%,17,24
All Home Types,8,2020,Burlington,302,"$269,631,480 ","$892,819 ","$813,000 ",404,68.80%,365,1.5,100%,17,24
All Home Types,8,2020,Halton Hills,133,"$126,703,247 ","$952,656 ","$832,000 ",156,72.40%,93,1.4,100%,12,16
All Home Types,8,2020,Milton,284,"$245,912,010 ","$865,887 ","$806,000 ",354,72.40%,201,1,101%,13,16
All Home Types,8,2020,Oakville,407,"$519,470,886 ","$1,276,341 ","$1,120,000 ",586,58.10%,647,2.2,99%,22,31
All Home Types,8,2020,Peel Region,2301,"$2,064,896,925 ","$897,391 ","$818,000 ",3721,63.50%,2788,1.4,100%,14,20
All Home Types,8,2020,Brampton,1195,"$1,019,867,273 ","$853,445 ","$803,000 ",1759,66.20%,1088,1.1,101%,12,17
All Home Types,8,2020,Caledon,156,"$171,698,961 ","$1,100,634 ","$1,050,000 ",272,56.70%,227,2.4,99%,16,23
All Home Types,8,2020,Mississauga,950,"$873,330,691 ","$919,295 ","$820,000 ",1690,61.70%,1473,1.5,100%,16,23
All Home Types,8,2020,City of Toronto,3365,"$3,407,083,747 ","$1,012,506 ","$815,000 ",7391,56.60%,7211,1.7,102%,16,24
All Home Types,8,2020,Toronto West,939,"$851,147,040 ","$906,440 ","$802,700 ",1733,61.90%,1557,1.5,103%,16,23
All Home Types,8,2020,Toronto Central,1441,"$1,652,232,229 ","$1,146,587 ","$755,000 ",3995,49.90%,4510,2.2,99%,19,28
All Home Types,8,2020,Toronto East,985,"$903,704,478 ","$917,466 ","$860,000 ",1663,65.90%,1144,1.1,106%,13,18
All Home Types,8,2020,York Region,1933,"$2,109,739,400 ","$1,091,433 ","$975,000 ",3458,54.10%,3763,2.4,100%,20,31
All Home Types,8,2020,Aurora,140,"$145,553,292 ","$1,039,666 ","$940,000 ",252,54.80%,262,2.4,100%,22,34
All Home Types,8,2020,East Gwillimbury,87,"$84,106,622 ","$966,743 ","$916,600 ",115,56.80%,121,2.6,100%,22,30
All Home Types,8,2020,Georgina,119,"$84,543,672 ","$710,451 ","$640,000 ",160,58.70%,147,2.4,98%,27,39
All Home Types,8,2020,King,69,"$115,022,800 ","$1,666,997 ","$1,400,000 ",101,42.50%,191,5.9,96%,42,66
All Home Types,8,2020,Markham,471,"$529,235,160 ","$1,123,642 ","$1,023,800 ",807,57.30%,808,1.9,102%,18,27
All Home Types,8,2020,Newmarket,203,"$189,101,077 ","$931,532 ","$860,000 ",276,63.10%,220,1.6,101%,16,26
All Home Types,8,2020,Richmond Hill,305,"$366,496,201 ","$1,201,627 ","$1,066,000 ",692,49.30%,843,2.8,101%,20,32
All Home Types,8,2020,Vaughan,448,"$496,786,426 ","$1,108,898 ","$1,047,500 ",894,51.80%,978,2.4,100%,19,28
All Home Types,8,2020,Whitchurch-Stouffville,91,"$98,894,150 ","$1,086,749 ","$930,000 ",161,53.40%,193,2.9,98%,26,36
All Home Types,8,2020,Durham Region,1515,"$1,112,215,731 ","$734,136 ","$689,800 ",1839,69.20%,1105,1.3,103%,14,18
All Home Types,8,2020,Ajax,238,"$183,531,983 ","$771,143 ","$740,000 ",301,72.70%,141,1,104%,11,13
All Home Types,8,2020,Brock,30,"$19,296,619 ","$643,221 ","$533,010 ",34,67.20%,27,2.6,100%,22,43
All Home Types,8,2020,Clarington,246,"$164,310,303 ","$667,928 ","$645,375 ",317,68.30%,211,1.4,103%,11,14
All Home Types,8,2020,Oshawa,420,"$257,389,994 ","$612,833 ","$601,700 ",478,71.50%,235,1.1,105%,11,14
All Home Types,8,2020,Pickering,179,"$150,023,366 ","$838,119 ","$775,000 ",252,65.10%,189,1.5,102%,16,22
All Home Types,8,2020,Scugog,44,"$40,077,300 ","$910,848 ","$737,500 ",54,61.40%,66,2.9,99%,27,37
All Home Types,8,2020,Uxbridge,61,"$60,629,349 ","$993,924 ","$880,000 ",47,62.60%,58,2.6,99%,30,39
All Home Types,8,2020,Whitby,297,"$236,956,817 ","$797,834 ","$759,500 ",356,69.80%,178,1.1,103%,13,17
All Home Types,8,2020,Dufferin County,68,"$44,184,024 ","$649,765 ","$630,750 ",78,81.20%,44,1,103%,12,14
All Home Types,8,2020,Orangeville,68,"$44,184,024 ","$649,765 ","$630,750 ",78,81.20%,44,1,103%,12,14
All Home Types,8,2020,Simcoe County,467,"$351,539,305 ","$752,761 ","$721,500 ",504,66.00%,445,2.3,99%,25,31
All Home Types,8,2020,Adjala-Tosorontio,28,"$24,416,400 ","$872,014 ","$835,450 ",29,67.00%,32,3.1,98%,25,28
All Home Types,8,2020,Bradford,96,"$78,568,000 ","$818,417 ","$777,950 ",131,65.90%,89,1.6,100%,17,21
All Home Types,8,2020,Essa,49,"$36,290,800 ","$740,629 ","$590,000 ",42,75.90%,29,1.9,98%,32,33
All Home Types,8,2020,Innisfil,163,"$119,382,056 ","$732,405 ","$668,000 ",171,59.20%,181,3,99%,32,41
All Home Types,8,2020,New Tecumseth,131,"$92,882,049 ","$709,023 ","$672,000 ",131,72.00%,114,1.9,99%,21,25
All Home Types,8,2020,All TRREB Areas,10775,"$10,251,376,755 ","$951,404 ","$821,000 ",18491,60.30%,16662,1.7,101%,17,24
All Home Types,8,2020,City of Toronto,3365,"$3,407,083,747 ","$1,012,506 ","$815,000 ",7391,56.60%,7211,1.7,102%,16,24
All Home Types,8,2020,Toronto West,939,"$851,147,040 ","$906,440 ","$802,700 ",1733,61.90%,1557,1.5,103%,16,23
All Home Types,8,2020,Toronto W01,50,"$47,119,500 ","$942,390 ","$738,750 ",113,61.10%,97,1.1,108%,13,20
All Home Types,8,2020,Toronto W02,90,"$103,366,561 ","$1,148,517 ","$1,116,700 ",134,71.80%,77,0.8,108%,11,15
All Home Types,8,2020,Toronto W03,76,"$68,350,387 ","$899,347 ","$875,750 ",131,64.40%,75,1.2,105%,13,20
All Home Types,8,2020,Toronto W04,99,"$79,844,651 ","$806,512 ","$746,000 ",179,58.90%,180,1.8,102%,16,25
All Home Types,8,2020,Toronto W05,112,"$88,083,000 ","$786,455 ","$783,500 ",219,65.70%,215,1.5,100%,14,21
All Home Types,8,2020,Toronto W06,168,"$142,783,717 ","$849,903 ","$743,500 ",357,57.20%,377,1.9,101%,15,26
All Home Types,8,2020,Toronto W07,26,"$36,000,399 ","$1,384,631 ","$1,274,500 ",58,59.00%,36,1.5,104%,11,13
All Home Types,8,2020,Toronto W08,184,"$191,175,150 ","$1,038,995 ","$692,500 ",341,59.20%,315,1.6,100%,17,25
All Home Types,8,2020,Toronto W09,42,"$34,249,325 ","$815,460 ","$823,550 ",84,59.20%,85,1.8,103%,23,26
All Home Types,8,2020,Toronto W10,92,"$60,174,350 ","$654,069 ","$541,500 ",117,70.00%,100,1.2,101%,19,25
All Home Types,8,2020,Toronto Central,1441,"$1,652,232,229 ","$1,146,587 ","$755,000 ",3995,49.90%,4510,2.2,99%,19,28
All Home Types,8,2020,Toronto C01,402,"$350,032,465 ","$870,728 ","$707,500 ",1338,47.00%,1579,2.2,102%,18,28
All Home Types,8,2020,Toronto C02,75,"$123,787,654 ","$1,650,502 ","$1,260,000 ",239,44.00%,298,2.8,100%,19,32
All Home Types,8,2020,Toronto C03,43,"$67,351,128 ","$1,566,305 ","$1,230,000 ",98,55.30%,108,1.9,101%,14,23
All Home Types,8,2020,Toronto C04,74,"$151,415,475 ","$2,046,155 ","$1,842,500 ",151,52.00%,149,2.1,100%,15,29
All Home Types,8,2020,Toronto C06,43,"$50,070,313 ","$1,164,426 ","$1,038,000 ",89,51.00%,78,2.2,101%,20,25
All Home Types,8,2020,Toronto C07,103,"$94,771,868 ","$920,115 ","$705,000 ",240,52.80%,254,2.3,101%,19,26
All Home Types,8,2020,Toronto C08,189,"$145,577,870 ","$770,253 ","$675,000 ",657,46.70%,726,2.1,101%,19,28
All Home Types,8,2020,Toronto C09,32,"$86,459,438 ","$2,701,857 ","$2,067,500 ",59,51.90%,74,2.5,97%,24,38
All Home Types,8,2020,Toronto C10,58,"$60,783,255 ","$1,047,987 ","$754,000 ",192,53.20%,190,1.7,100%,14,22
All Home Types,8,2020,Toronto C11,46,"$49,329,930 ","$1,072,390 ","$588,500 ",77,60.80%,67,1.7,103%,14,18
All Home Types,8,2020,Toronto C12,35,"$131,488,300 ","$3,756,809 ","$2,055,000 ",87,36.60%,155,5.7,89%,35,51
All Home Types,8,2020,Toronto C13,71,"$99,058,531 ","$1,395,191 ","$1,075,000 ",144,57.30%,151,2,99%,21,29
All Home Types,8,2020,Toronto C14,125,"$124,540,502 ","$996,324 ","$698,800 ",271,53.40%,332,2.3,99%,19,27
All Home Types,8,2020,Toronto C15,145,"$117,565,500 ","$810,797 ","$665,000 ",353,57.30%,349,1.9,100%,19,25
All Home Types,8,2020,Toronto East,985,"$903,704,478 ","$917,466 ","$860,000 ",1663,65.90%,1144,1.1,106%,13,18
All Home Types,8,2020,Toronto E01,85,"$100,552,564 ","$1,182,971 ","$1,125,000 ",158,65.10%,88,0.8,112%,8,14
All Home Types,8,2020,Toronto E02,83,"$111,455,668 ","$1,342,839 ","$1,225,000 ",161,56.10%,90,1.1,108%,8,11
All Home Types,8,2020,Toronto E03,114,"$128,776,599 ","$1,129,619 ","$1,095,393 ",176,63.90%,116,1.1,109%,11,17
All Home Types,8,2020,Toronto E04,128,"$101,096,202 ","$789,814 ","$810,000 ",197,71.40%,108,0.9,106%,13,16
All Home Types,8,2020,Toronto E05,101,"$87,093,744 ","$862,314 ","$858,000 ",161,68.60%,125,1.2,103%,16,22
All Home Types,8,2020,Toronto E06,49,"$50,677,900 ","$1,034,243 ","$930,000 ",64,61.30%,54,1.5,101%,16,22
All Home Types,8,2020,Toronto E07,90,"$62,821,476 ","$698,016 ","$686,900 ",154,69.40%,125,1.1,105%,17,23
All Home Types,8,2020,Toronto E08,64,"$57,735,466 ","$902,117 ","$860,000 ",130,59.30%,116,1.7,103%,16,28
All Home Types,8,2020,Toronto E09,112,"$80,796,774 ","$721,400 ","$766,500 ",200,70.30%,140,0.9,105%,13,17
All Home Types,8,2020,Toronto E10,69,"$64,418,088 ","$933,595 ","$912,000 ",103,66.10%,79,1.5,104%,14,19
All Home Types,8,2020,Toronto E11,90,"$58,279,997 ","$647,556 ","$650,450 ",159,70.30%,103,1,103%,14,16
All Home Types,9,2020,All TRREB Areas,11083,"$10,648,237,246 ","$960,772 ","$830,251 ",20420,60.40%,18167,1.7,101%,16,22
All Home Types,9,2020,Halton Region,1164,"$1,266,267,984 ","$1,087,859 ","$930,000 ",1631,68.20%,1280,1.5,100%,18,23
All Home Types,9,2020,Burlington,356,"$326,093,936 ","$915,994 ","$847,500 ",497,70.50%,374,1.4,101%,18,21
All Home Types,9,2020,Halton Hills,121,"$113,615,400 ","$938,970 ","$880,000 ",143,77.60%,83,1.2,101%,13,16
All Home Types,9,2020,Milton,285,"$259,544,791 ","$910,683 ","$870,000 ",328,74.40%,175,0.9,102%,12,18
All Home Types,9,2020,Oakville,402,"$567,013,857 ","$1,410,482 ","$1,230,000 ",663,60.70%,648,2.1,99%,22,32
All Home Types,9,2020,Peel Region,2363,"$2,138,428,386 ","$904,963 ","$830,000 ",3810,63.80%,2863,1.3,100%,15,21
All Home Types,9,2020,Brampton,1142,"$984,263,535 ","$861,877 ","$811,750 ",1714,66.60%,1075,1.1,101%,13,18
All Home Types,9,2020,Caledon,158,"$188,381,473 ","$1,192,288 ","$1,106,251 ",237,60.00%,225,2.2,99%,16,23
All Home Types,9,2020,Mississauga,1063,"$965,783,378 ","$908,545 ","$830,000 ",1859,61.50%,1563,1.5,100%,16,22
All Home Types,9,2020,City of Toronto,3555,"$3,633,390,955 ","$1,022,051 ","$840,000 ",8689,54.60%,8586,1.8,102%,16,23
All Home Types,9,2020,Toronto West,1011,"$955,059,386 ","$944,668 ","$840,000 ",2088,60.60%,1846,1.5,103%,15,22
All Home Types,9,2020,Toronto Central,1501,"$1,702,921,089 ","$1,134,524 ","$770,000 ",4793,47.10%,5461,2.4,100%,18,28
All Home Types,9,2020,Toronto East,1043,"$975,410,480 ","$935,197 ","$891,000 ",1808,65.70%,1279,1.1,106%,13,16
All Home Types,9,2020,York Region,2038,"$2,173,281,829 ","$1,066,380 ","$968,500 ",3831,55.20%,3925,2.3,100%,19,28
All Home Types,9,2020,Aurora,151,"$170,163,118 ","$1,126,908 ","$974,000 ",252,56.00%,253,2.3,99%,22,28
All Home Types,9,2020,East Gwillimbury,74,"$68,290,232 ","$922,841 ","$880,500 ",130,58.40%,123,2.4,100%,21,30
All Home Types,9,2020,Georgina,135,"$95,167,409 ","$704,944 ","$650,000 ",183,63.00%,146,2.1,100%,19,29
All Home Types,9,2020,King,60,"$93,620,054 ","$1,560,334 ","$1,465,000 ",115,45.10%,210,5.4,97%,36,45
All Home Types,9,2020,Markham,472,"$503,972,650 ","$1,067,739 ","$990,000 ",974,56.90%,886,1.9,102%,17,24
All Home Types,9,2020,Newmarket,201,"$184,364,051 ","$917,234 ","$862,000 ",299,65.60%,214,1.4,102%,13,19
All Home Types,9,2020,Richmond Hill,355,"$409,714,526 ","$1,154,125 ","$1,068,000 ",725,50.40%,855,2.6,100%,22,34
All Home Types,9,2020,Vaughan,482,"$533,049,489 ","$1,105,912 ","$1,017,500 ",988,52.30%,1043,2.3,100%,19,28
All Home Types,9,2020,Whitchurch-Stouffville,108,"$114,940,300 ","$1,064,262 ","$958,500 ",165,57.10%,195,2.7,99%,20,25
All Home Types,9,2020,Durham Region,1492,"$1,095,184,734 ","$734,038 ","$700,000 ",1873,72.30%,1042,1.2,104%,12,16
All Home Types,9,2020,Ajax,246,"$186,800,702 ","$759,352 ","$735,400 ",274,77.00%,114,0.8,105%,10,12
All Home Types,9,2020,Brock,21,"$11,696,200 ","$556,962 ","$525,000 ",42,67.80%,42,2.4,101%,13,18
All Home Types,9,2020,Clarington,273,"$192,785,983 ","$706,176 ","$670,000 ",325,71.30%,189,1.3,103%,13,17
All Home Types,9,2020,Oshawa,411,"$253,928,446 ","$617,831 ","$600,000 ",496,74.70%,212,1,106%,10,14
All Home Types,9,2020,Pickering,192,"$160,735,847 ","$837,166 ","$760,000 ",268,66.30%,184,1.4,102%,14,18
All Home Types,9,2020,Scugog,42,"$36,203,200 ","$861,981 ","$790,000 ",66,65.50%,70,2.6,99%,20,34
All Home Types,9,2020,Uxbridge,46,"$44,833,886 ","$974,650 ","$917,500 ",59,65.80%,57,2.3,101%,34,42
All Home Types,9,2020,Whitby,261,"$208,200,470 ","$797,703 ","$750,000 ",343,73.20%,174,1,104%,10,14
All Home Types,9,2020,Dufferin County,81,"$53,096,301 ","$655,510 ","$660,000 ",98,85.10%,53,0.9,102%,11,12
All Home Types,9,2020,Orangeville,81,"$53,096,301 ","$655,510 ","$660,000 ",98,85.10%,53,0.9,102%,11,12
All Home Types,9,2020,Simcoe County,390,"$288,587,057 ","$739,967 ","$699,950 ",488,69.80%,418,2,100%,23,28
All Home Types,9,2020,Adjala-Tosorontio,25,"$22,387,000 ","$895,480 ","$949,000 ",22,73.30%,29,2.8,99%,39,39
All Home Types,9,2020,Bradford,89,"$76,960,600 ","$864,726 ","$822,000 ",140,69.10%,97,1.4,101%,12,16
All Home Types,9,2020,Essa,33,"$22,078,100 ","$669,033 ","$635,000 ",48,77.10%,37,1.7,100%,16,20
All Home Types,9,2020,Innisfil,131,"$88,660,500 ","$676,798 ","$655,000 ",157,62.90%,153,2.7,100%,25,33
All Home Types,9,2020,New Tecumseth,112,"$78,500,857 ","$700,901 ","$673,500 ",121,76.60%,102,1.7,99%,27,31
All Home Types,9,2020,All TRREB Areas,11083,"$10,648,237,246 ","$960,772 ","$830,251 ",20420,60.40%,18167,1.7,101%,16,22
All Home Types,9,2020,City of Toronto,3555,"$3,633,390,955 ","$1,022,051 ","$840,000 ",8689,54.60%,8586,1.8,102%,16,23
All Home Types,9,2020,Toronto West,1011,"$955,059,386 ","$944,668 ","$840,000 ",2088,60.60%,1846,1.5,103%,15,22
All Home Types,9,2020,Toronto W01,59,"$68,253,056 ","$1,156,831 ","$999,000 ",135,58.50%,104,1.2,108%,12,16
All Home Types,9,2020,Toronto W02,104,"$119,989,977 ","$1,153,750 ","$1,065,000 ",215,68.50%,126,0.9,108%,8,13
All Home Types,9,2020,Toronto W03,90,"$79,135,862 ","$879,287 ","$870,000 ",182,66.20%,110,1.1,106%,12,17
All Home Types,9,2020,Toronto W04,92,"$75,730,319 ","$823,156 ","$776,750 ",231,57.50%,232,1.8,101%,21,30
All Home Types,9,2020,Toronto W05,131,"$95,743,263 ","$730,865 ","$770,000 ",233,64.60%,240,1.6,102%,18,23
All Home Types,9,2020,Toronto W06,174,"$153,920,487 ","$884,601 ","$782,000 ",386,55.00%,403,1.9,101%,15,23
All Home Types,9,2020,Toronto W07,32,"$39,691,711 ","$1,240,366 ","$1,212,500 ",68,58.10%,50,1.5,102%,13,16
All Home Types,9,2020,Toronto W08,195,"$220,368,795 ","$1,130,096 ","$850,000 ",398,58.20%,372,1.7,101%,17,25
All Home Types,9,2020,Toronto W09,53,"$47,070,600 ","$888,125 ","$950,000 ",98,60.60%,92,1.8,107%,21,27
All Home Types,9,2020,Toronto W10,81,"$55,155,316 ","$680,930 ","$635,000 ",142,67.70%,117,1.2,101%,14,19
All Home Types,9,2020,Toronto Central,1501,"$1,702,921,089 ","$1,134,524 ","$770,000 ",4793,47.10%,5461,2.4,100%,18,28
All Home Types,9,2020,Toronto C01,437,"$387,318,755 ","$886,313 ","$700,000 ",1686,42.80%,1926,2.5,101%,19,30
All Home Types,9,2020,Toronto C02,82,"$138,571,000 ","$1,689,890 ","$1,315,000 ",279,42.30%,354,3,100%,20,29
All Home Types,9,2020,Toronto C03,57,"$105,845,017 ","$1,856,930 ","$1,200,000 ",128,55.10%,122,1.9,102%,11,17
All Home Types,9,2020,Toronto C04,73,"$163,530,316 ","$2,240,141 ","$1,955,000 ",186,51.80%,193,2.2,101%,12,15
All Home Types,9,2020,Toronto C06,39,"$40,640,653 ","$1,042,068 ","$1,050,000 ",82,51.30%,84,2.1,101%,15,24
All Home Types,9,2020,Toronto C07,97,"$104,705,980 ","$1,079,443 ","$760,000 ",263,51.00%,302,2.3,99%,18,26
All Home Types,9,2020,Toronto C08,186,"$139,711,621 ","$751,138 ","$647,500 ",808,41.70%,935,2.5,100%,19,30
All Home Types,9,2020,Toronto C09,29,"$70,682,104 ","$2,437,314 ","$2,398,000 ",99,48.50%,106,2.7,101%,11,17
All Home Types,9,2020,Toronto C10,75,"$80,696,729 ","$1,075,956 ","$776,500 ",208,50.90%,245,1.9,102%,15,22
All Home Types,9,2020,Toronto C11,29,"$27,767,400 ","$957,497 ","$720,000 ",89,57.30%,85,1.8,99%,13,18
All Home Types,9,2020,Toronto C12,36,"$114,442,211 ","$3,178,950 ","$2,550,000 ",105,38.50%,169,5.3,95%,31,66
All Home Types,9,2020,Toronto C13,89,"$89,378,943 ","$1,004,258 ","$799,000 ",175,58.60%,156,1.9,99%,16,22
All Home Types,9,2020,Toronto C14,116,"$109,021,109 ","$939,837 ","$660,500 ",328,52.30%,387,2.4,100%,22,36
All Home Types,9,2020,Toronto C15,156,"$130,609,251 ","$837,239 ","$666,000 ",357,55.80%,397,2,100%,20,26
All Home Types,9,2020,Toronto East,1043,"$975,410,480 ","$935,197 ","$891,000 ",1808,65.70%,1279,1.1,106%,13,16
All Home Types,9,2020,Toronto E01,121,"$147,049,275 ","$1,215,283 ","$1,205,000 ",215,64.00%,106,0.8,112%,10,14
All Home Types,9,2020,Toronto E02,92,"$115,157,361 ","$1,251,710 ","$1,150,000 ",185,56.30%,118,1.1,105%,12,14
All Home Types,9,2020,Toronto E03,121,"$135,969,474 ","$1,123,715 ","$1,058,000 ",225,64.00%,131,1.1,110%,10,15
All Home Types,9,2020,Toronto E04,113,"$91,700,671 ","$811,510 ","$854,800 ",171,72.10%,106,0.9,108%,12,15
All Home Types,9,2020,Toronto E05,105,"$80,244,026 ","$764,229 ","$670,000 ",162,68.70%,125,1.2,103%,14,19
All Home Types,9,2020,Toronto E06,42,"$44,061,200 ","$1,049,076 ","$982,250 ",91,62.60%,75,1.4,104%,13,16
All Home Types,9,2020,Toronto E07,99,"$78,515,881 ","$793,090 ","$818,000 ",144,69.20%,131,1.1,105%,16,18
All Home Types,9,2020,Toronto E08,77,"$69,443,076 ","$901,858 ","$833,000 ",131,60.60%,125,1.6,104%,11,18
All Home Types,9,2020,Toronto E09,98,"$73,553,007 ","$750,541 ","$817,500 ",242,64.80%,195,1,103%,14,16
All Home Types,9,2020,Toronto E10,85,"$78,889,621 ","$928,113 ","$895,000 ",133,68.10%,79,1.3,104%,14,17
All Home Types,9,2020,Toronto E11,90,"$60,826,888 ","$675,854 ","$652,500 ",109,71.90%,88,1,104%,16,20
All Home Types,10,2020,All TRREB Areas,10563,"$10,228,338,548 ","$968,318 ","$830,000 ",17802,59.90%,17313,1.7,101%,17,24
All Home Types,10,2020,Halton Region,1117,"$1,180,841,839 ","$1,057,155 ","$910,000 ",1408,69.30%,1124,1.4,100%,17,24
All Home Types,10,2020,Burlington,370,"$339,294,676 ","$917,013 ","$818,000 ",421,72.50%,316,1.3,100%,15,20
All Home Types,10,2020,Halton Hills,107,"$100,110,533 ","$935,612 ","$850,000 ",138,77.90%,93,1.1,101%,14,16
All Home Types,10,2020,Milton,250,"$229,179,145 ","$916,717 ","$840,000 ",286,75.50%,152,0.9,101%,14,19
All Home Types,10,2020,Oakville,390,"$512,257,485 ","$1,313,481 ","$1,172,500 ",563,61.30%,563,2,98%,21,32
All Home Types,10,2020,Peel Region,2198,"$1,973,252,594 ","$897,749 ","$821,000 ",3375,63.40%,2655,1.3,100%,15,22
All Home Types,10,2020,Brampton,1096,"$948,597,787 ","$865,509 ","$815,000 ",1522,67.00%,940,1,101%,14,19
All Home Types,10,2020,Caledon,159,"$196,440,163 ","$1,235,473 ","$1,065,000 ",188,62.70%,188,2,99%,18,27
All Home Types,10,2020,Mississauga,943,"$828,214,644 ","$878,276 ","$800,850 ",1665,59.90%,1527,1.5,100%,16,24
All Home Types,10,2020,City of Toronto,3514,"$3,605,098,740 ","$1,025,925 ","$836,100 ",7823,52.30%,8623,1.9,102%,17,25
All Home Types,10,2020,Toronto West,1017,"$969,644,903 ","$953,436 ","$840,000 ",1906,59.10%,1789,1.6,102%,16,24
All Home Types,10,2020,Toronto Central,1489,"$1,708,775,933 ","$1,147,600 ","$797,000 ",4298,44.20%,5593,2.6,100%,19,30
All Home Types,10,2020,Toronto East,1008,"$926,677,904 ","$919,323 ","$874,000 ",1619,64.40%,1241,1.1,105%,14,20
All Home Types,10,2020,York Region,1919,"$2,124,724,298 ","$1,107,204 ","$975,000 ",3053,55.70%,3598,2.2,100%,21,30
All Home Types,10,2020,Aurora,138,"$145,239,130 ","$1,052,457 ","$949,300 ",176,57.50%,192,2.1,99%,20,30
All Home Types,10,2020,East Gwillimbury,80,"$79,785,997 ","$997,325 ","$890,000 ",90,61.10%,97,2.2,101%,21,27
All Home Types,10,2020,Georgina,113,"$78,615,080 ","$695,709 ","$675,000 ",163,65.10%,152,1.9,99%,23,33
All Home Types,10,2020,King,53,"$103,082,544 ","$1,944,954 ","$1,650,000 ",94,48.80%,196,4.9,98%,41,56
All Home Types,10,2020,Markham,438,"$470,466,848 ","$1,074,125 ","$985,000 ",750,55.90%,834,1.9,102%,18,25
All Home Types,10,2020,Newmarket,197,"$180,228,354 ","$914,865 ","$850,000 ",247,67.70%,173,1.3,100%,15,22
All Home Types,10,2020,Richmond Hill,317,"$372,102,725 ","$1,173,826 ","$1,050,000 ",589,50.50%,801,2.6,99%,23,34
All Home Types,10,2020,Vaughan,481,"$583,055,865 ","$1,212,174 ","$1,070,000 ",810,52.50%,975,2.3,100%,20,30
All Home Types,10,2020,Whitchurch-Stouffville,102,"$112,147,755 ","$1,099,488 ","$925,500 ",134,58.50%,178,2.5,100%,24,37
All Home Types,10,2020,Durham Region,1377,"$1,019,580,854 ","$740,436 ","$700,000 ",1644,74.60%,905,1.1,104%,12,16
All Home Types,10,2020,Ajax,198,"$154,008,716 ","$777,822 ","$761,000 ",238,79.90%,99,0.7,105%,10,13
All Home Types,10,2020,Brock,34,"$21,847,250 ","$642,566 ","$569,450 ",34,71.30%,31,2.1,100%,21,27
All Home Types,10,2020,Clarington,258,"$178,797,566 ","$693,014 ","$647,450 ",306,74.40%,163,1.2,104%,11,13
All Home Types,10,2020,Oshawa,372,"$232,757,405 ","$625,692 ","$609,500 ",472,76.80%,216,0.9,106%,11,14
All Home Types,10,2020,Pickering,189,"$154,123,267 ","$815,467 ","$775,000 ",228,68.00%,146,1.3,103%,14,18
All Home Types,10,2020,Scugog,43,"$37,086,629 ","$862,480 ","$728,000 ",52,65.80%,58,2.4,98%,20,24
All Home Types,10,2020,Uxbridge,41,"$45,798,800 ","$1,117,044 ","$985,000 ",41,70.20%,45,2.1,98%,25,31
All Home Types,10,2020,Whitby,242,"$195,161,221 ","$806,451 ","$760,000 ",273,75.00%,147,0.9,103%,12,16
All Home Types,10,2020,Dufferin County,78,"$50,981,165 ","$653,605 ","$644,500 ",74,84.60%,33,0.9,101%,14,16
All Home Types,10,2020,Orangeville,78,"$50,981,165 ","$653,605 ","$644,500 ",74,84.60%,33,0.9,101%,14,16
All Home Types,10,2020,Simcoe County,360,"$273,859,058 ","$760,720 ","$719,950 ",425,71.90%,375,1.8,100%,21,25
All Home Types,10,2020,Adjala-Tosorontio,14,"$14,559,900 ","$1,039,993 ","$915,000 ",19,73.40%,26,2.6,98%,32,32
All Home Types,10,2020,Bradford,81,"$70,498,299 ","$870,349 ","$845,000 ",105,70.20%,89,1.3,100%,18,22
All Home Types,10,2020,Essa,47,"$29,425,550 ","$626,076 ","$625,000 ",59,78.80%,41,1.6,100%,19,22
All Home Types,10,2020,Innisfil,115,"$83,427,287 ","$725,455 ","$660,999 ",145,66.10%,142,2.4,99%,27,33
All Home Types,10,2020,New Tecumseth,103,"$75,948,022 ","$737,359 ","$700,000 ",97,78.50%,77,1.5,100%,17,19
All Home Types,10,2020,All TRREB Areas,10563,"$10,228,338,548 ","$968,318 ","$830,000 ",17802,59.90%,17313,1.7,101%,17,24
All Home Types,10,2020,City of Toronto,3514,"$3,605,098,740 ","$1,025,925 ","$836,100 ",7823,52.30%,8623,1.9,102%,17,25
All Home Types,10,2020,Toronto West,1017,"$969,644,903 ","$953,436 ","$840,000 ",1906,59.10%,1789,1.6,102%,16,24
All Home Types,10,2020,Toronto W01,60,"$73,525,823 ","$1,225,430 ","$1,236,500 ",120,56.90%,101,1.3,106%,16,29
All Home Types,10,2020,Toronto W02,117,"$137,451,159 ","$1,174,796 ","$1,050,820 ",202,67.10%,122,0.9,105%,9,15
All Home Types,10,2020,Toronto W03,82,"$73,295,582 ","$893,849 ","$876,630 ",146,64.20%,116,1.1,105%,14,18
All Home Types,10,2020,Toronto W04,108,"$94,035,388 ","$870,698 ","$797,750 ",198,56.20%,227,1.8,101%,20,26
All Home Types,10,2020,Toronto W05,138,"$93,131,276 ","$674,864 ","$681,000 ",196,65.50%,187,1.5,101%,18,26
All Home Types,10,2020,Toronto W06,162,"$140,958,955 ","$870,117 ","$791,500 ",351,53.70%,367,2,100%,19,28
All Home Types,10,2020,Toronto W07,27,"$40,151,526 ","$1,487,094 ","$1,403,888 ",53,56.40%,53,1.6,102%,14,28
All Home Types,10,2020,Toronto W08,189,"$211,122,268 ","$1,117,049 ","$950,000 ",411,55.90%,395,1.7,101%,16,25
All Home Types,10,2020,Toronto W09,50,"$45,881,425 ","$917,629 ","$925,000 ",85,59.90%,88,1.8,103%,18,20
All Home Types,10,2020,Toronto W10,84,"$60,091,501 ","$715,375 ","$787,500 ",144,64.20%,133,1.3,101%,17,22
All Home Types,10,2020,Toronto Central,1489,"$1,708,775,933 ","$1,147,600 ","$797,000 ",4298,44.20%,5593,2.6,100%,19,30
All Home Types,10,2020,Toronto C01,420,"$354,428,403 ","$843,877 ","$692,650 ",1511,38.90%,2012,2.8,100%,20,34
All Home Types,10,2020,Toronto C02,88,"$145,744,483 ","$1,656,187 ","$1,299,500 ",248,40.50%,340,3.2,101%,16,24
All Home Types,10,2020,Toronto C03,70,"$117,835,150 ","$1,683,359 ","$1,402,509 ",114,55.40%,120,1.9,102%,14,18
All Home Types,10,2020,Toronto C04,102,"$212,320,367 ","$2,081,572 ","$1,783,750 ",173,52.60%,180,2.1,100%,17,25
All Home Types,10,2020,Toronto C06,29,"$33,611,900 ","$1,159,031 ","$1,100,000 ",84,47.40%,85,2.2,99%,24,31
All Home Types,10,2020,Toronto C07,100,"$119,058,525 ","$1,190,585 ","$1,050,000 ",263,49.10%,321,2.4,100%,19,30
All Home Types,10,2020,Toronto C08,190,"$143,592,597 ","$755,751 ","$645,000 ",693,38.30%,953,2.9,99%,23,37
All Home Types,10,2020,Toronto C09,35,"$81,945,600 ","$2,341,303 ","$1,929,000 ",90,45.60%,112,2.9,101%,13,22
All Home Types,10,2020,Toronto C10,80,"$89,886,523 ","$1,123,582 ","$909,500 ",199,47.40%,242,2.1,100%,18,25
All Home Types,10,2020,Toronto C11,39,"$42,594,775 ","$1,092,174 ","$595,000 ",93,56.30%,97,1.9,101%,13,23
All Home Types,10,2020,Toronto C12,33,"$87,593,050 ","$2,654,335 ","$1,800,000 ",82,39.70%,169,5.2,96%,26,48
All Home Types,10,2020,Toronto C13,74,"$80,484,196 ","$1,087,624 ","$773,000 ",152,57.80%,167,1.9,99%,17,26
All Home Types,10,2020,Toronto C14,108,"$102,290,688 ","$947,136 ","$657,500 ",278,49.80%,390,2.5,99%,18,27
All Home Types,10,2020,Toronto C15,121,"$97,389,676 ","$804,873 ","$675,000 ",318,52.20%,405,2.1,99%,19,29
All Home Types,10,2020,Toronto East,1008,"$926,677,904 ","$919,323 ","$874,000 ",1619,64.40%,1241,1.1,105%,14,20
All Home Types,10,2020,Toronto E01,107,"$129,765,192 ","$1,212,759 ","$1,126,000 ",196,61.70%,117,0.9,109%,10,13
All Home Types,10,2020,Toronto E02,114,"$152,985,712 ","$1,341,980 ","$1,127,500 ",191,56.20%,114,1.1,104%,10,17
All Home Types,10,2020,Toronto E03,117,"$122,251,125 ","$1,044,881 ","$1,000,000 ",186,62.00%,126,1.1,106%,11,17
All Home Types,10,2020,Toronto E04,106,"$78,471,008 ","$740,293 ","$780,000 ",182,69.50%,125,0.9,104%,12,17
All Home Types,10,2020,Toronto E05,70,"$55,500,366 ","$792,862 ","$719,400 ",128,66.60%,128,1.2,103%,17,24
All Home Types,10,2020,Toronto E06,52,"$46,950,960 ","$902,903 ","$810,000 ",87,61.50%,68,1.4,104%,12,21
All Home Types,10,2020,Toronto E07,84,"$64,006,008 ","$761,976 ","$788,500 ",151,65.90%,140,1.2,105%,16,22
All Home Types,10,2020,Toronto E08,79,"$63,376,208 ","$802,230 ","$779,000 ",113,61.40%,105,1.6,101%,17,23
All Home Types,10,2020,Toronto E09,122,"$85,834,471 ","$703,561 ","$766,500 ",164,64.20%,159,1.1,103%,16,23
All Home Types,10,2020,Toronto E10,77,"$70,459,251 ","$915,055 ","$930,000 ",110,68.40%,84,1.2,103%,16,20
All Home Types,10,2020,Toronto E11,80,"$57,077,603 ","$713,470 ","$692,500 ",111,71.40%,75,1,102%,19,24
All Home Types,11,2020,All TRREB Areas,8766,"$8,376,919,864 ","$955,615 ","$830,000 ",11545,59.80%,13798,1.6,101%,19,28
All Home Types,11,2020,Halton Region,841,"$898,323,488 ","$1,068,161 ","$923,500 ",912,70.00%,856,1.4,100%,18,25
All Home Types,11,2020,Burlington,234,"$222,048,197 ","$948,924 ","$840,500 ",257,72.80%,251,1.3,100%,19,24
All Home Types,11,2020,Halton Hills,90,"$90,022,964 ","$1,000,255 ","$950,000 ",92,78.90%,75,1,101%,14,20
All Home Types,11,2020,Milton,207,"$190,676,508 ","$921,143 ","$870,000 ",207,75.90%,104,0.9,103%,12,15
All Home Types,11,2020,Oakville,310,"$395,575,819 ","$1,276,051 ","$1,100,000 ",356,62.40%,426,1.9,98%,23,34
All Home Types,11,2020,Peel Region,1865,"$1,658,548,867 ","$889,302 ","$820,000 ",2125,63.90%,1927,1.3,100%,17,24
All Home Types,11,2020,Brampton,923,"$785,117,854 ","$850,615 ","$810,000 ",962,68.00%,605,1,101%,14,21
All Home Types,11,2020,Caledon,127,"$139,978,605 ","$1,102,194 ","$1,010,100 ",127,63.80%,127,1.8,100%,21,28
All Home Types,11,2020,Mississauga,815,"$733,452,408 ","$899,942 ","$810,000 ",1036,59.90%,1195,1.5,99%,19,28
All Home Types,11,2020,City of Toronto,3032,"$2,969,008,105 ","$979,224 ","$793,500 ",5106,51.30%,7286,2,101%,21,31
All Home Types,11,2020,Toronto West,837,"$754,731,043 ","$901,710 ","$800,000 ",1297,57.90%,1521,1.6,101%,19,27
All Home Types,11,2020,Toronto Central,1348,"$1,440,734,791 ","$1,068,794 ","$719,000 ",2732,43.10%,4803,2.8,99%,24,39
All Home Types,11,2020,Toronto East,847,"$773,542,271 ","$913,273 ","$868,000 ",1077,63.90%,962,1.1,104%,17,24
All Home Types,11,2020,York Region,1613,"$1,766,062,775 ","$1,094,893 ","$986,000 ",2033,56.30%,2815,2.1,99%,24,33
All Home Types,11,2020,Aurora,102,"$114,252,445 ","$1,120,122 ","$1,000,000 ",114,59.20%,142,2,100%,22,30
All Home Types,11,2020,East Gwillimbury,59,"$56,823,201 ","$963,105 ","$939,900 ",55,62.60%,61,2,100%,23,31
All Home Types,11,2020,Georgina,101,"$72,573,786 ","$718,552 ","$625,000 ",92,67.50%,98,1.7,99%,20,26
All Home Types,11,2020,King,53,"$81,692,387 ","$1,541,366 ","$1,475,000 ",54,52.30%,157,4.4,96%,47,67
All Home Types,11,2020,Markham,401,"$433,396,081 ","$1,080,788 ","$1,000,500 ",484,56.80%,624,1.8,101%,24,32
All Home Types,11,2020,Newmarket,155,"$149,367,526 ","$963,661 ","$910,000 ",156,68.30%,118,1.2,101%,17,21
All Home Types,11,2020,Richmond Hill,285,"$338,630,656 ","$1,188,178 ","$1,090,000 ",414,50.40%,664,2.5,99%,28,40
All Home Types,11,2020,Vaughan,382,"$432,562,897 ","$1,132,364 ","$1,050,000 ",574,52.30%,805,2.2,99%,23,33
All Home Types,11,2020,Whitchurch-Stouffville,75,"$86,763,796 ","$1,156,851 ","$995,000 ",90,59.50%,146,2.4,99%,22,28
All Home Types,11,2020,Durham Region,1088,"$829,860,196 ","$762,739 ","$707,750 ",1042,75.90%,599,1,104%,14,19
All Home Types,11,2020,Ajax,157,"$127,858,119 ","$814,383 ","$785,000 ",155,80.30%,68,0.7,105%,11,13
All Home Types,11,2020,Brock,26,"$17,182,500 ","$660,865 ","$595,000 ",20,75.60%,21,1.8,99%,24,31
All Home Types,11,2020,Clarington,172,"$123,044,876 ","$715,377 ","$688,000 ",177,75.10%,112,1.1,104%,16,20
All Home Types,11,2020,Oshawa,323,"$203,386,175 ","$629,679 ","$620,000 ",305,78.30%,136,0.8,106%,11,15
All Home Types,11,2020,Pickering,142,"$124,432,945 ","$876,288 ","$825,000 ",137,69.20%,98,1.2,104%,15,22
All Home Types,11,2020,Scugog,40,"$33,715,500 ","$842,888 ","$742,500 ",38,67.50%,43,2.2,101%,27,40
All Home Types,11,2020,Uxbridge,29,"$32,873,300 ","$1,133,562 ","$849,900 ",26,71.50%,34,1.9,96%,16,25
All Home Types,11,2020,Whitby,199,"$167,366,781 ","$841,039 ","$807,000 ",184,76.90%,87,0.8,104%,12,17
All Home Types,11,2020,Dufferin County,40,"$25,123,200 ","$628,080 ","$632,000 ",30,85.10%,18,0.8,101%,13,17
All Home Types,11,2020,Orangeville,40,"$25,123,200 ","$628,080 ","$632,000 ",30,85.10%,18,0.8,101%,13,17
All Home Types,11,2020,Simcoe County,287,"$229,993,233 ","$801,370 ","$747,500 ",297,72.60%,297,1.7,100%,20,25
All Home Types,11,2020,Adjala-Tosorontio,12,"$10,780,000 ","$898,333 ","$870,050 ",12,73.90%,21,2.4,99%,14,21
All Home Types,11,2020,Bradford,67,"$62,405,699 ","$931,428 ","$865,000 ",60,71.20%,60,1.2,100%,21,26
All Home Types,11,2020,Essa,51,"$35,132,700 ","$688,876 ","$618,500 ",47,78.80%,30,1.4,101%,16,16
All Home Types,11,2020,Innisfil,95,"$72,229,246 ","$760,308 ","$716,000 ",112,67.40%,120,2.2,99%,23,34
All Home Types,11,2020,New Tecumseth,62,"$49,445,588 ","$797,509 ","$728,000 ",66,78.30%,66,1.4,100%,20,21
All Home Types,11,2020,All TRREB Areas,8766,"$8,376,919,864 ","$955,615 ","$830,000 ",11545,59.80%,13798,1.6,101%,19,28
All Home Types,11,2020,City of Toronto,3032,"$2,969,008,105 ","$979,224 ","$793,500 ",5106,51.30%,7286,2,101%,21,31
All Home Types,11,2020,Toronto West,837,"$754,731,043 ","$901,710 ","$800,000 ",1297,57.90%,1521,1.6,101%,19,27
All Home Types,11,2020,Toronto W01,57,"$52,528,608 ","$921,555 ","$685,000 ",85,55.90%,77,1.3,101%,16,25
All Home Types,11,2020,Toronto W02,96,"$104,881,764 ","$1,092,518 ","$1,044,000 ",126,66.50%,95,0.9,105%,12,18
All Home Types,11,2020,Toronto W03,68,"$58,124,199 ","$854,768 ","$858,500 ",88,62.30%,89,1.2,104%,15,21
All Home Types,11,2020,Toronto W04,80,"$57,895,002 ","$723,688 ","$670,750 ",127,55.40%,195,1.9,100%,22,31
All Home Types,11,2020,Toronto W05,98,"$73,051,589 ","$745,424 ","$785,250 ",150,64.00%,180,1.6,101%,21,29
All Home Types,11,2020,Toronto W06,130,"$118,280,536 ","$909,850 ","$807,500 ",241,51.70%,331,2.1,100%,20,31
All Home Types,11,2020,Toronto W07,20,"$30,180,499 ","$1,509,025 ","$1,530,000 ",40,55.40%,51,1.6,105%,10,20
All Home Types,11,2020,Toronto W08,175,"$168,171,158 ","$960,978 ","$680,000 ",264,55.60%,315,1.7,100%,21,30
All Home Types,11,2020,Toronto W09,46,"$46,718,788 ","$1,015,626 ","$957,500 ",83,58.20%,81,1.8,101%,24,29
All Home Types,11,2020,Toronto W10,67,"$44,898,900 ","$670,133 ","$630,000 ",93,63.00%,107,1.3,99%,20,26
All Home Types,11,2020,Toronto Central,1348,"$1,440,734,791 ","$1,068,794 ","$719,000 ",2732,43.10%,4803,2.8,99%,24,39
All Home Types,11,2020,Toronto C01,418,"$333,093,124 ","$796,874 ","$656,150 ",942,37.80%,1735,3.1,99%,24,42
All Home Types,11,2020,Toronto C02,82,"$125,818,517 ","$1,534,372 ","$1,250,000 ",149,40.20%,279,3.3,99%,24,39
All Home Types,11,2020,Toronto C03,49,"$84,640,731 ","$1,727,362 ","$1,400,000 ",77,55.10%,103,1.9,101%,24,31
All Home Types,11,2020,Toronto C04,66,"$127,588,026 ","$1,933,152 ","$1,739,000 ",112,51.60%,142,2.1,99%,22,28
All Home Types,11,2020,Toronto C06,32,"$34,274,500 ","$1,071,078 ","$1,152,500 ",59,46.70%,70,2.2,102%,20,31
All Home Types,11,2020,Toronto C07,87,"$94,870,248 ","$1,090,463 ","$751,000 ",169,48.10%,288,2.5,97%,24,35
All Home Types,11,2020,Toronto C08,178,"$130,035,890 ","$730,539 ","$637,500 ",442,36.60%,826,3.2,99%,25,41
All Home Types,11,2020,Toronto C09,23,"$62,197,900 ","$2,704,257 ","$2,120,000 ",43,44.40%,95,3,96%,26,33
All Home Types,11,2020,Toronto C10,66,"$66,819,280 ","$1,012,413 ","$759,250 ",128,46.00%,215,2.3,99%,20,35
All Home Types,11,2020,Toronto C11,35,"$41,198,000 ","$1,177,086 ","$735,000 ",67,53.60%,97,2,101%,18,24
All Home Types,11,2020,Toronto C12,28,"$76,559,400 ","$2,734,264 ","$2,317,500 ",37,40.30%,136,5.1,95%,34,53
All Home Types,11,2020,Toronto C13,66,"$69,188,807 ","$1,048,315 ","$826,000 ",97,56.40%,133,1.9,100%,25,34
All Home Types,11,2020,Toronto C14,90,"$82,674,176 ","$918,602 ","$660,500 ",189,48.00%,342,2.6,98%,31,48
All Home Types,11,2020,Toronto C15,128,"$111,776,192 ","$873,252 ","$657,500 ",221,51.60%,342,2.2,98%,25,40
All Home Types,11,2020,Toronto East,847,"$773,542,271 ","$913,273 ","$868,000 ",1077,63.90%,962,1.1,104%,17,24
All Home Types,11,2020,Toronto E01,90,"$102,771,151 ","$1,141,902 ","$1,138,259 ",135,61.10%,97,0.9,108%,12,19
All Home Types,11,2020,Toronto E02,86,"$110,128,605 ","$1,280,565 ","$1,180,000 ",109,57.70%,84,1.1,103%,12,18
All Home Types,11,2020,Toronto E03,87,"$100,120,270 ","$1,150,808 ","$1,049,000 ",131,61.70%,98,1.1,107%,12,19
All Home Types,11,2020,Toronto E04,83,"$67,790,383 ","$816,752 ","$850,000 ",120,67.70%,104,0.9,103%,16,20
All Home Types,11,2020,Toronto E05,67,"$52,128,946 ","$778,044 ","$685,000 ",86,64.20%,101,1.3,102%,22,30
All Home Types,11,2020,Toronto E06,48,"$45,015,614 ","$937,825 ","$865,000 ",65,60.30%,48,1.4,103%,13,22
All Home Types,11,2020,Toronto E07,95,"$68,478,726 ","$720,829 ","$715,000 ",89,66.40%,92,1.2,102%,21,25
All Home Types,11,2020,Toronto E08,65,"$55,406,433 ","$852,407 ","$860,000 ",69,61.20%,81,1.6,102%,23,31
All Home Types,11,2020,Toronto E09,96,"$66,293,142 ","$690,554 ","$745,000 ",134,64.00%,131,1.1,103%,19,31
All Home Types,11,2020,Toronto E10,64,"$57,302,301 ","$895,348 ","$884,500 ",74,68.50%,72,1.2,103%,17,20
All Home Types,11,2020,Toronto E11,66,"$48,106,700 ","$728,889 ","$676,750 ",65,71.20%,54,1,103%,18,28
All Home Types,12,2020,All TRREB Areas,7180,"$6,693,356,276 ","$932,222 ","$800,001 ",5865,60.70%,7892,1.6,101%,24,35
All Home Types,12,2020,Halton Region,584,"$639,625,939 ","$1,095,250 ","$925,000 ",475,70.50%,488,1.3,100%,21,28
All Home Types,12,2020,Burlington,161,"$156,818,178 ","$974,026 ","$855,000 ",144,73.00%,149,1.2,102%,21,26
All Home Types,12,2020,Halton Hills,66,"$61,685,996 ","$934,636 ","$853,500 ",59,78.90%,48,1,99%,14,20
All Home Types,12,2020,Milton,132,"$127,197,638 ","$963,618 ","$879,645 ",102,76.60%,51,0.8,102%,12,17
All Home Types,12,2020,Oakville,225,"$293,924,127 ","$1,306,329 ","$1,165,000 ",170,62.90%,240,1.8,98%,29,38
All Home Types,12,2020,Peel Region,1486,"$1,329,346,806 ","$894,581 ","$810,000 ",1230,64.70%,1013,1.2,101%,19,28
All Home Types,12,2020,Brampton,735,"$638,793,348 ","$869,107 ","$825,000 ",603,68.60%,273,0.9,102%,14,21
All Home Types,12,2020,Caledon,78,"$103,115,150 ","$1,321,989 ","$1,125,000 ",52,65.20%,64,1.7,97%,20,31
All Home Types,12,2020,Mississauga,673,"$587,438,308 ","$872,865 ","$735,000 ",575,60.80%,676,1.5,100%,23,35
All Home Types,12,2020,City of Toronto,2713,"$2,426,985,034 ","$894,576 ","$700,000 ",2281,52.20%,4309,2,100%,29,43
All Home Types,12,2020,Toronto West,634,"$529,621,023 ","$835,364 ","$692,500 ",512,58.50%,884,1.6,101%,28,41
All Home Types,12,2020,Toronto Central,1396,"$1,301,116,433 ","$932,032 ","$655,000 ",1247,44.10%,2926,2.7,98%,34,51
All Home Types,12,2020,Toronto East,683,"$596,247,578 ","$872,983 ","$850,000 ",522,64.80%,499,1.1,105%,19,27
All Home Types,12,2020,York Region,1366,"$1,482,034,618 ","$1,084,945 ","$994,950 ",1065,57.60%,1627,2,100%,29,42
All Home Types,12,2020,Aurora,74,"$81,747,628 ","$1,104,698 ","$990,500 ",66,59.90%,92,1.9,100%,31,46
All Home Types,12,2020,East Gwillimbury,39,"$39,103,888 ","$1,002,664 ","$1,017,000 ",31,62.00%,38,2,100%,26,41
All Home Types,12,2020,Georgina,79,"$56,695,268 ","$717,662 ","$675,000 ",62,68.90%,48,1.6,99%,24,32
All Home Types,12,2020,King,37,"$61,838,500 ","$1,671,311 ","$1,500,000 ",30,53.80%,103,4.1,96%,37,47
All Home Types,12,2020,Markham,314,"$334,335,708 ","$1,064,763 ","$1,002,500 ",260,58.10%,374,1.7,102%,30,43
All Home Types,12,2020,Newmarket,116,"$110,213,906 ","$950,120 ","$875,000 ",87,68.70%,39,1.2,103%,16,22
All Home Types,12,2020,Richmond Hill,291,"$332,555,565 ","$1,142,803 ","$1,050,000 ",203,52.30%,373,2.4,99%,32,47
All Home Types,12,2020,Vaughan,352,"$400,553,126 ","$1,137,935 ","$1,052,500 ",277,53.80%,470,2.2,99%,29,43
All Home Types,12,2020,Whitchurch-Stouffville,64,"$64,991,029 ","$1,015,485 ","$940,000 ",49,60.00%,90,2.3,99%,34,44
All Home Types,12,2020,Durham Region,773,"$601,422,654 ","$778,037 ","$741,000 ",624,76.50%,286,0.9,107%,13,16
All Home Types,12,2020,Ajax,123,"$102,872,841 ","$836,365 ","$780,000 ",100,79.70%,26,0.6,107%,10,13
All Home Types,12,2020,Brock,21,"$12,793,400 ","$609,210 ","$695,000 ",18,77.10%,13,1.6,103%,17,24
All Home Types,12,2020,Clarington,127,"$93,371,293 ","$735,207 ","$705,000 ",96,76.00%,51,1,107%,14,19
All Home Types,12,2020,Oshawa,213,"$138,248,296 ","$649,053 ","$650,000 ",184,78.70%,72,0.7,110%,10,11
All Home Types,12,2020,Pickering,117,"$105,069,820 ","$898,033 ","$801,000 ",91,70.80%,40,1.1,104%,15,21
All Home Types,12,2020,Scugog,22,"$19,326,000 ","$878,455 ","$770,000 ",12,70.20%,21,2,98%,37,39
All Home Types,12,2020,Uxbridge,15,"$15,193,424 ","$1,012,895 ","$951,500 ",14,71.40%,28,1.8,100%,23,23
All Home Types,12,2020,Whitby,135,"$114,547,580 ","$848,501 ","$801,000 ",109,77.60%,35,0.8,107%,10,14
All Home Types,12,2020,Dufferin County,21,"$16,184,840 ","$770,707 ","$760,000 ",17,84.70%,10,0.8,101%,24,24
All Home Types,12,2020,Orangeville,21,"$16,184,840 ","$770,707 ","$760,000 ",17,84.70%,10,0.8,101%,24,24
All Home Types,12,2020,Simcoe County,237,"$197,756,385 ","$834,415 ","$780,000 ",173,73.60%,159,1.6,100%,25,30
All Home Types,12,2020,Adjala-Tosorontio,8,"$8,655,000 ","$1,081,875 ","$735,000 ",8,73.20%,15,2.3,98%,21,21
All Home Types,12,2020,Bradford,68,"$61,764,359 ","$908,299 ","$879,950 ",44,72.60%,22,1.1,101%,23,26
All Home Types,12,2020,Essa,37,"$27,499,725 ","$743,236 ","$685,000 ",27,81.10%,15,1.3,99%,20,26
All Home Types,12,2020,Innisfil,82,"$64,553,399 ","$787,237 ","$708,500 ",67,68.00%,71,2.1,99%,28,35
All Home Types,12,2020,New Tecumseth,42,"$35,283,902 ","$840,093 ","$767,500 ",27,79.00%,36,1.4,98%,31,32
All Home Types,12,2020,All TRREB Areas,7180,"$6,693,356,276 ","$932,222 ","$800,001 ",5865,60.70%,7892,1.6,101%,24,35
All Home Types,12,2020,City of Toronto,2713,"$2,426,985,034 ","$894,576 ","$700,000 ",2281,52.20%,4309,2,100%,29,43
All Home Types,12,2020,Toronto West,634,"$529,621,023 ","$835,364 ","$692,500 ",512,58.50%,884,1.6,101%,28,41
All Home Types,12,2020,Toronto W01,38,"$37,700,047 ","$992,107 ","$643,500 ",23,57.10%,35,1.3,101%,30,51
All Home Types,12,2020,Toronto W02,45,"$45,587,400 ","$1,013,053 ","$930,000 ",31,66.90%,43,0.9,104%,17,25
All Home Types,12,2020,Toronto W03,38,"$33,923,528 ","$892,724 ","$909,000 ",39,61.30%,53,1.2,103%,24,35
All Home Types,12,2020,Toronto W04,73,"$51,222,500 ","$701,678 ","$588,000 ",53,56.30%,104,1.9,100%,31,48
All Home Types,12,2020,Toronto W05,76,"$49,989,088 ","$657,751 ","$645,000 ",84,63.10%,124,1.6,100%,19,28
All Home Types,12,2020,Toronto W06,115,"$94,781,602 ","$824,188 ","$665,000 ",83,52.90%,192,2.1,100%,34,46
All Home Types,12,2020,Toronto W07,23,"$27,193,122 ","$1,182,310 ","$1,052,000 ",19,56.20%,27,1.6,99%,28,47
All Home Types,12,2020,Toronto W08,125,"$116,749,705 ","$933,998 ","$660,000 ",97,56.30%,189,1.7,99%,30,44
All Home Types,12,2020,Toronto W09,38,"$33,876,945 ","$891,499 ","$912,500 ",35,57.70%,51,1.8,104%,34,44
All Home Types,12,2020,Toronto W10,63,"$38,597,086 ","$612,652 ","$484,000 ",48,65.30%,66,1.3,101%,28,42
All Home Types,12,2020,Toronto Central,1396,"$1,301,116,433 ","$932,032 ","$655,000 ",1247,44.10%,2926,2.7,98%,34,51
All Home Types,12,2020,Toronto C01,464,"$354,634,645 ","$764,299 ","$625,000 ",409,39.10%,1047,3.1,98%,34,51
All Home Types,12,2020,Toronto C02,59,"$90,818,645 ","$1,539,299 ","$1,135,000 ",64,40.70%,176,3.3,98%,31,51
All Home Types,12,2020,Toronto C03,33,"$55,453,000 ","$1,680,394 ","$1,440,000 ",27,55.70%,54,1.9,99%,44,58
All Home Types,12,2020,Toronto C04,43,"$84,598,843 ","$1,967,415 ","$1,900,000 ",53,51.00%,83,2.1,99%,26,46
All Home Types,12,2020,Toronto C06,31,"$29,140,110 ","$940,004 ","$590,000 ",22,48.90%,33,2.1,99%,30,48
All Home Types,12,2020,Toronto C07,102,"$102,577,882 ","$1,005,666 ","$719,000 ",82,49.30%,174,2.4,98%,34,51
All Home Types,12,2020,Toronto C08,230,"$160,796,663 ","$699,116 ","$602,500 ",183,38.50%,475,3.2,98%,37,55
All Home Types,12,2020,Toronto C09,12,"$15,889,500 ","$1,324,125 ","$925,000 ",20,43.90%,61,3.1,94%,42,88
All Home Types,12,2020,Toronto C10,52,"$49,067,800 ","$943,612 ","$738,000 ",53,46.70%,148,2.4,99%,35,56
All Home Types,12,2020,Toronto C11,38,"$37,151,100 ","$977,661 ","$612,500 ",41,54.80%,64,2,102%,24,28
All Home Types,12,2020,Toronto C12,23,"$60,379,638 ","$2,625,202 ","$1,999,000 ",26,40.70%,92,4.9,93%,52,92
All Home Types,12,2020,Toronto C13,63,"$54,153,263 ","$859,576 ","$600,000 ",41,57.80%,74,1.9,99%,26,36
All Home Types,12,2020,Toronto C14,104,"$94,725,038 ","$910,818 ","$639,500 ",109,48.20%,235,2.7,99%,33,48
All Home Types,12,2020,Toronto C15,142,"$111,730,306 ","$786,833 ","$616,000 ",117,52.60%,210,2.1,99%,32,46
All Home Types,12,2020,Toronto East,683,"$596,247,578 ","$872,983 ","$850,000 ",522,64.80%,499,1.1,105%,19,27
All Home Types,12,2020,Toronto E01,72,"$78,290,841 ","$1,087,373 ","$1,105,000 ",46,62.60%,41,0.9,108%,13,20
All Home Types,12,2020,Toronto E02,48,"$58,240,640 ","$1,213,347 ","$1,095,500 ",32,59.30%,47,1.1,102%,15,26
All Home Types,12,2020,Toronto E03,62,"$65,600,158 ","$1,058,067 ","$1,032,500 ",55,62.00%,52,1.1,107%,14,28
All Home Types,12,2020,Toronto E04,87,"$68,479,494 ","$787,121 ","$841,000 ",59,69.00%,44,0.9,104%,18,24
All Home Types,12,2020,Toronto E05,58,"$42,625,788 ","$734,927 ","$650,000 ",42,65.50%,51,1.3,103%,27,37
All Home Types,12,2020,Toronto E06,38,"$40,107,956 ","$1,055,473 ","$970,000 ",23,62.00%,21,1.3,104%,18,25
All Home Types,12,2020,Toronto E07,67,"$51,108,988 ","$762,821 ","$668,000 ",45,67.50%,43,1.2,103%,23,33
All Home Types,12,2020,Toronto E08,47,"$41,120,588 ","$874,906 ","$740,000 ",39,61.30%,39,1.6,103%,18,24
All Home Types,12,2020,Toronto E09,87,"$58,126,537 ","$668,121 ","$585,000 ",86,64.20%,96,1.1,104%,22,29
All Home Types,12,2020,Toronto E10,53,"$47,721,000 ","$900,396 ","$899,000 ",40,68.90%,35,1.2,103%,21,26
All Home Types,12,2020,Toronto E11,64,"$44,825,588 ","$700,400 ","$686,500 ",55,71.50%,30,0.9,106%,18,22
ALL HOME TYPES,1,2022,Adjala-Tosorontio,12,"$20,998,800 ","$1,749,900 ","$1,257,500 ",11,75.80%,6,1,104%,21,27
ALL HOME TYPES,1,2022,Ajax,85,"$105,421,770 ","$1,240,256 ","$1,200,000 ",121,79.50%,42,0.4,132%,6,8
ALL HOME TYPES,1,2022,Aurora,56,"$84,709,041 ","$1,512,661 ","$1,466,500 ",98,72.50%,53,0.9,116%,9,14
ALL HOME TYPES,1,2022,Bradford,26,"$40,467,523 ","$1,556,443 ","$1,373,000 ",44,74.80%,22,0.7,112%,10,14
ALL HOME TYPES,1,2022,Brampton,603,"$824,568,727 ","$1,367,444 ","$1,308,000 ",832,74.50%,255,0.6,115%,6,8
ALL HOME TYPES,1,2022,Brock,14,"$15,308,600 ","$1,093,471 ","$900,000 ",18,74.90%,12,0.9,106%,10,19
ALL HOME TYPES,1,2022,Burlington,153,"$207,598,523 ","$1,356,853 ","$1,201,000 ",191,82.00%,71,0.6,114%,11,12
ALL HOME TYPES,1,2022,Caledon,47,"$86,574,800 ","$1,842,017 ","$1,715,000 ",75,68.80%,58,1,106%,17,22
ALL HOME TYPES,1,2022,City of Toronto,"2,247","$2,411,280,100 ","$1,073,111 ","$827,500 ","3,110",68.80%,"1,918",1.1,109%,18,25
ALL HOME TYPES,1,2022,Clarington,95,"$108,991,546 ","$1,147,279 ","$1,091,000 ",144,83.20%,61,0.5,127%,8,10
ALL HOME TYPES,1,2022,Dufferin County,39,"$39,905,542 ","$1,023,219 ","$945,000 ",45,86.30%,9,0.4,114%,8,8
ALL HOME TYPES,1,2022,Durham Region,609,"$715,580,953 ","$1,175,010 ","$1,115,000 ",874,80.50%,336,0.5,127%,7,10
ALL HOME TYPES,1,2022,East Gwillimbury,40,"$66,487,721 ","$1,662,193 ","$1,640,500 ",69,73.60%,39,0.8,114%,9,10
ALL HOME TYPES,1,2022,Essa,26,"$25,138,450 ","$966,863 ","$911,500 ",38,84.00%,15,0.5,116%,6,8
ALL HOME TYPES,1,2022,Georgina,50,"$50,776,377 ","$1,015,528 ","$1,010,500 ",88,73.50%,58,0.8,118%,13,17
ALL HOME TYPES,1,2022,Halton Hills,50,"$69,986,101 ","$1,399,722 ","$1,277,250 ",68,80.60%,37,0.6,113%,10,15
ALL HOME TYPES,1,2022,Halton Region,497,"$737,679,812 ","$1,484,265 ","$1,340,000 ",685,79.10%,298,0.6,112%,10,12
ALL HOME TYPES,1,2022,Innisfil,53,"$62,011,601 ","$1,170,030 ","$1,150,000 ",69,72.70%,37,1,108%,15,17
ALL HOME TYPES,1,2022,King,18,"$35,326,900 ","$1,962,606 ","$1,917,500 ",41,63.30%,50,2,103%,22,42
ALL HOME TYPES,1,2022,Markham,219,"$330,768,115 ","$1,510,357 ","$1,446,600 ",320,72.90%,157,0.8,115%,10,15
ALL HOME TYPES,1,2022,Milton,131,"$164,707,491 ","$1,257,309 ","$1,250,000 ",186,77.50%,74,0.5,117%,7,8
ALL HOME TYPES,1,2022,Mississauga,516,"$595,275,682 ","$1,153,635 ","$950,000 ",676,76.00%,297,0.8,112%,11,14
ALL HOME TYPES,1,2022,New Tecumseth,41,"$46,885,481 ","$1,143,548 ","$1,110,000 ",56,79.90%,28,0.7,110%,14,15
ALL HOME TYPES,1,2022,Newmarket,64,"$83,683,260 ","$1,307,551 ","$1,301,900 ",114,75.70%,55,0.6,117%,8,11
ALL HOME TYPES,1,2022,Oakville,163,"$295,387,697 ","$1,812,194 ","$1,611,000 ",240,77.50%,116,0.7,109%,12,15
ALL HOME TYPES,1,2022,Orangeville,39,"$39,905,542 ","$1,023,219 ","$945,000 ",45,86.30%,9,0.4,114%,8,8
ALL HOME TYPES,1,2022,Oshawa,184,"$187,842,639 ","$1,020,884 ","$995,500 ",262,80.70%,97,0.5,130%,8,10
ALL HOME TYPES,1,2022,Peel Region,"1,166","$1,506,419,209 ","$1,291,955 ","$1,205,000 ","1,583",74.80%,610,0.7,113%,9,11
ALL HOME TYPES,1,2022,Pickering,83,"$105,722,375 ","$1,273,764 ","$1,225,000 ",116,78.20%,48,0.5,125%,5,7
ALL HOME TYPES,1,2022,Richmond Hill,207,"$334,756,783 ","$1,617,183 ","$1,550,000 ",306,66.60%,160,1.2,112%,13,17
ALL HOME TYPES,1,2022,Scugog,14,"$17,571,602 ","$1,255,114 ","$1,070,000 ",16,79.30%,11,0.9,105%,25,55
ALL HOME TYPES,1,2022,Simcoe County,158,"$195,501,855 ","$1,237,354 ","$1,150,000 ",218,76.40%,108,0.8,110%,13,15
ALL HOME TYPES,1,2022,Toronto C01,430,"$380,922,016 ","$885,865 ","$755,000 ",543,68.20%,361,1.2,105%,22,31
ALL HOME TYPES,1,2022,Toronto C02,45,"$71,516,899 ","$1,589,264 ","$1,370,000 ",98,56.00%,97,2.2,103%,23,33
ALL HOME TYPES,1,2022,Toronto C03,24,"$34,658,523 ","$1,444,105 ","$1,246,500 ",53,59.00%,46,1.4,108%,17,27
ALL HOME TYPES,1,2022,Toronto C04,36,"$81,040,500 ","$2,251,125 ","$2,104,500 ",69,66.90%,52,1.1,105%,21,29
ALL HOME TYPES,1,2022,Toronto C06,33,"$30,572,988 ","$926,454 ","$645,000 ",39,64.00%,20,1.2,101%,29,32
ALL HOME TYPES,1,2022,Toronto C07,69,"$78,605,359 ","$1,139,208 ","$855,000 ",84,66.00%,51,1.4,106%,17,25
ALL HOME TYPES,1,2022,Toronto C08,209,"$162,492,366 ","$777,475 ","$716,000 ",268,63.30%,192,1.4,104%,22,33
ALL HOME TYPES,1,2022,Toronto C09,19,"$29,817,080 ","$1,569,320 ","$1,298,000 ",38,65.40%,36,1.7,103%,29,40
ALL HOME TYPES,1,2022,Toronto C10,44,"$44,385,053 ","$1,008,751 ","$800,500 ",70,70.10%,47,1.2,106%,11,20
ALL HOME TYPES,1,2022,Toronto C11,21,"$17,406,600 ","$828,886 ","$695,000 ",32,66.80%,15,1.1,105%,19,19
ALL HOME TYPES,1,2022,Toronto C12,22,"$75,925,000 ","$3,451,136 ","$3,160,000 ",50,52.90%,71,3.1,96%,30,45
ALL HOME TYPES,1,2022,Toronto C13,46,"$57,294,500 ","$1,245,533 ","$852,500 ",70,67.40%,53,1.2,106%,24,41
ALL HOME TYPES,1,2022,Toronto C14,108,"$125,904,018 ","$1,165,778 ","$813,750 ",138,68.70%,66,1.3,108%,15,23
ALL HOME TYPES,1,2022,Toronto C15,112,"$111,638,552 ","$996,773 ","$790,500 ",148,69.60%,96,1.1,113%,20,25
ALL HOME TYPES,1,2022,Toronto Central,"1,218","$1,302,179,454 ","$1,069,113 ","$784,250 ","1,700",65.90%,"1,203",1.3,105%,21,30
ALL HOME TYPES,1,2022,Toronto E01,47,"$58,370,973 ","$1,241,936 ","$1,210,000 ",64,72.00%,26,0.7,123%,8,10
ALL HOME TYPES,1,2022,Toronto E02,42,"$66,196,290 ","$1,576,102 ","$1,531,000 ",57,71.30%,27,0.7,112%,10,18
ALL HOME TYPES,1,2022,Toronto E03,64,"$78,799,188 ","$1,231,237 ","$1,260,000 ",76,67.00%,38,0.8,117%,21,28
ALL HOME TYPES,1,2022,Toronto E04,51,"$48,923,915 ","$959,292 ","$781,001 ",65,74.40%,27,0.6,116%,10,12
ALL HOME TYPES,1,2022,Toronto E05,56,"$61,736,988 ","$1,102,446 ","$1,045,000 ",81,74.90%,35,0.8,121%,11,14
ALL HOME TYPES,1,2022,Toronto E06,20,"$26,645,170 ","$1,332,259 ","$1,112,450 ",29,64.50%,15,1,119%,11,19
ALL HOME TYPES,1,2022,Toronto E07,34,"$36,893,588 ","$1,085,106 ","$1,150,000 ",58,77.10%,25,0.7,122%,6,6
ALL HOME TYPES,1,2022,Toronto E08,40,"$43,364,440 ","$1,084,111 ","$990,325 ",60,72.70%,35,0.8,114%,12,13
ALL HOME TYPES,1,2022,Toronto E09,66,"$60,755,979 ","$920,545 ","$755,500 ",85,81.90%,20,0.6,122%,7,9
ALL HOME TYPES,1,2022,Toronto E10,40,"$44,613,100 ","$1,115,328 ","$1,112,500 ",55,72.90%,23,0.8,125%,11,14
ALL HOME TYPES,1,2022,Toronto E11,53,"$53,555,988 ","$1,010,490 ","$915,000 ",51,78.40%,12,0.6,115%,14,14
ALL HOME TYPES,1,2022,Toronto East,513,"$579,855,619 ","$1,130,323 ","$1,100,000 ",681,73.80%,283,0.7,119%,11,14
ALL HOME TYPES,1,2022,Toronto W01,28,"$34,823,455 ","$1,243,695 ","$968,370 ",53,68.80%,39,0.8,110%,15,21
ALL HOME TYPES,1,2022,Toronto W02,49,"$60,836,287 ","$1,241,557 ","$1,185,000 ",70,70.70%,32,0.7,111%,12,20
ALL HOME TYPES,1,2022,Toronto W03,29,"$31,389,800 ","$1,082,407 ","$1,160,000 ",55,66.40%,31,0.9,112%,14,22
ALL HOME TYPES,1,2022,Toronto W04,58,"$50,874,797 ","$877,152 ","$693,000 ",61,67.40%,33,1.2,107%,25,31
ALL HOME TYPES,1,2022,Toronto W05,70,"$62,767,040 ","$896,672 ","$755,000 ",107,71.70%,68,1.1,109%,19,23
ALL HOME TYPES,1,2022,Toronto W06,90,"$92,787,380 ","$1,030,971 ","$940,001 ",140,66.30%,116,1.2,105%,20,25
ALL HOME TYPES,1,2022,Toronto W07,8,"$14,118,938 ","$1,764,867 ","$1,802,500 ",18,69.90%,13,0.9,102%,27,27
ALL HOME TYPES,1,2022,Toronto W08,97,"$98,594,456 ","$1,016,438 ","$770,000 ",129,75.80%,65,0.9,110%,14,17
ALL HOME TYPES,1,2022,Toronto W09,41,"$37,826,499 ","$922,598 ","$555,000 ",33,71.00%,11,1,111%,21,28
ALL HOME TYPES,1,2022,Toronto W10,46,"$45,226,375 ","$983,182 ","$965,000 ",63,73.70%,24,0.9,113%,12,19
ALL HOME TYPES,1,2022,Toronto West,516,"$529,245,027 ","$1,025,669 ","$877,500 ",729,70.40%,432,1,109%,18,23
ALL HOME TYPES,1,2022,All TRREB Areas,"5,636","$7,004,383,757 ","$1,242,793 ","$1,100,000 ","7,979",72.90%,"4,140",0.9,113%,13,18
ALL HOME TYPES,1,2022,Uxbridge,17,"$25,141,000 ","$1,478,882 ","$1,210,000 ",26,78.30%,14,0.8,113%,18,19
ALL HOME TYPES,1,2022,Vaughan,233,"$350,649,913 ","$1,504,935 ","$1,430,000 ",370,69.80%,240,1,110%,16,20
ALL HOME TYPES,1,2022,Whitby,117,"$149,581,421 ","$1,278,474 ","$1,225,000 ",171,81.10%,51,0.4,131%,5,6
ALL HOME TYPES,1,2022,Whitchurch-Stouffville,33,"$60,858,176 ","$1,844,187 ","$1,600,000 ",58,74.20%,49,1,105%,21,22
ALL HOME TYPES,1,2022,York Region,920,"$1,398,016,286 ","$1,519,583 ","$1,441,000 ","1,464",70.90%,861,1,112%,13,17
ALL HOME TYPES,2,2022,Adjala-Tosorontio,12,"$20,927,000 ","$1,743,917 ","$1,566,000 ",16,77.00%,9,1,110%,14,14
ALL HOME TYPES,2,2022,Ajax,162,"$206,282,566 ","$1,273,349 ","$1,270,000 ",252,78.40%,96,0.4,130%,6,7
ALL HOME TYPES,2,2022,Aurora,128,"$209,057,171 ","$1,633,259 ","$1,500,000 ",218,72.20%,108,0.8,115%,8,10
ALL HOME TYPES,2,2022,Bradford,57,"$80,072,425 ","$1,404,779 ","$1,310,000 ",116,74.00%,59,0.7,114%,6,13
ALL HOME TYPES,2,2022,Brampton,918,"$1,235,880,113 ","$1,346,275 ","$1,315,000 ","1,498",74.40%,565,0.6,116%,5,6
ALL HOME TYPES,2,2022,Brock,22,"$25,706,500 ","$1,168,477 ","$1,042,500 ",34,74.20%,19,0.9,116%,7,12
ALL HOME TYPES,2,2022,Burlington,247,"$359,940,442 ","$1,457,249 ","$1,350,000 ",371,80.90%,150,0.6,117%,7,9
ALL HOME TYPES,2,2022,Caledon,102,"$186,098,500 ","$1,824,495 ","$1,645,000 ",182,68.20%,99,1.1,110%,9,11
ALL HOME TYPES,2,2022,City of Toronto,"3,240","$3,923,279,653 ","$1,210,889 ","$932,000 ","4,889",67.80%,"2,785",1.1,114%,11,13
ALL HOME TYPES,2,2022,Clarington,203,"$234,755,413 ","$1,156,431 ","$1,105,000 ",302,83.40%,114,0.4,132%,7,7
ALL HOME TYPES,2,2022,Dufferin County,55,"$57,731,825 ","$1,049,670 ","$1,092,000 ",76,85.60%,24,0.4,121%,5,6
ALL HOME TYPES,2,2022,Durham Region,"1,125","$1,382,613,319 ","$1,228,990 ","$1,181,000 ","1,613",80.60%,605,0.5,129%,7,8
ALL HOME TYPES,2,2022,East Gwillimbury,67,"$109,451,953 ","$1,633,611 ","$1,550,000 ",121,73.10%,77,0.9,119%,9,12
ALL HOME TYPES,2,2022,Essa,30,"$30,821,100 ","$1,027,370 ","$940,500 ",63,80.20%,33,0.6,111%,7,8
ALL HOME TYPES,2,2022,Georgina,109,"$125,535,017 ","$1,151,697 ","$1,133,000 ",161,73.30%,86,0.8,120%,9,11
ALL HOME TYPES,2,2022,Halton Hills,92,"$128,275,536 ","$1,394,299 ","$1,291,000 ",115,81.60%,46,0.6,119%,8,10
ALL HOME TYPES,2,2022,Halton Region,886,"$1,355,778,664 ","$1,530,224 ","$1,400,000 ","1,342",78.60%,578,0.6,116%,7,8
ALL HOME TYPES,2,2022,Innisfil,78,"$86,795,958 ","$1,112,769 ","$1,107,500 ",142,72.10%,72,1,112%,7,8
ALL HOME TYPES,2,2022,King,38,"$122,300,423 ","$3,218,432 ","$2,770,000 ",58,64.10%,58,2,98%,20,28
ALL HOME TYPES,2,2022,Markham,356,"$555,020,763 ","$1,559,047 ","$1,480,000 ",694,70.80%,378,0.9,118%,9,12
ALL HOME TYPES,2,2022,Milton,240,"$324,649,143 ","$1,352,705 ","$1,300,000 ",353,78.10%,130,0.5,119%,6,7
ALL HOME TYPES,2,2022,Mississauga,854,"$1,046,439,617 ","$1,225,339 ","$1,049,500 ","1,223",75.40%,516,0.8,116%,7,9
ALL HOME TYPES,2,2022,New Tecumseth,79,"$96,898,150 ","$1,226,559 ","$1,125,000 ",127,80.00%,54,0.7,112%,9,10
ALL HOME TYPES,2,2022,Newmarket,150,"$216,553,518 ","$1,443,690 ","$1,371,000 ",232,76.30%,102,0.6,118%,6,7
ALL HOME TYPES,2,2022,Oakville,307,"$542,913,543 ","$1,768,448 ","$1,580,000 ",503,76.30%,252,0.7,113%,7,8
ALL HOME TYPES,2,2022,Orangeville,55,"$57,731,825 ","$1,049,670 ","$1,092,000 ",76,85.60%,24,0.4,121%,5,6
ALL HOME TYPES,2,2022,Oshawa,329,"$361,813,934 ","$1,099,738 ","$1,050,000 ",468,81.30%,177,0.5,131%,5,6
ALL HOME TYPES,2,2022,Peel Region,"1,874","$2,468,418,230 ","$1,317,192 ","$1,260,000 ","2,903",74.50%,"1,180",0.7,115%,6,8
ALL HOME TYPES,2,2022,Pickering,152,"$195,022,802 ","$1,283,045 ","$1,235,000 ",200,78.10%,68,0.5,125%,10,10
ALL HOME TYPES,2,2022,Richmond Hill,287,"$443,506,561 ","$1,545,319 ","$1,470,000 ",552,65.30%,331,1.2,116%,9,12
ALL HOME TYPES,2,2022,Scugog,17,"$25,162,998 ","$1,480,176 ","$1,525,000 ",24,79.00%,11,0.9,110%,12,12
ALL HOME TYPES,2,2022,Simcoe County,256,"$315,514,633 ","$1,232,479 ","$1,150,000 ",464,75.80%,227,0.8,112%,8,10
ALL HOME TYPES,2,2022,Toronto C01,527,"$487,211,523 ","$924,500 ","$799,999 ",786,66.60%,472,1.2,111%,12,16
ALL HOME TYPES,2,2022,Toronto C02,102,"$204,993,737 ","$2,009,743 ","$1,557,500 ",152,56.60%,117,2.1,104%,16,24
ALL HOME TYPES,2,2022,Toronto C03,57,"$132,902,818 ","$2,331,628 ","$1,695,000 ",104,57.90%,72,1.4,107%,12,16
ALL HOME TYPES,2,2022,Toronto C04,59,"$138,331,474 ","$2,344,601 ","$2,480,000 ",94,66.70%,71,1.1,109%,11,15
ALL HOME TYPES,2,2022,Toronto C06,49,"$60,589,900 ","$1,236,529 ","$940,000 ",59,66.30%,25,1.1,117%,7,8
ALL HOME TYPES,2,2022,Toronto C07,105,"$140,672,765 ","$1,339,741 ","$985,000 ",186,64.40%,101,1.3,111%,10,12
ALL HOME TYPES,2,2022,Toronto C08,282,"$237,567,516 ","$842,438 ","$760,000 ",419,61.90%,257,1.4,108%,15,20
ALL HOME TYPES,2,2022,Toronto C09,27,"$43,945,777 ","$1,627,621 ","$1,225,000 ",39,65.30%,41,1.7,100%,22,27
ALL HOME TYPES,2,2022,Toronto C10,72,"$74,427,558 ","$1,033,716 ","$812,500 ",122,66.80%,72,1.2,113%,9,14
ALL HOME TYPES,2,2022,Toronto C11,43,"$46,762,572 ","$1,087,502 ","$752,000 ",61,67.60%,29,1,114%,10,10
ALL HOME TYPES,2,2022,Toronto C12,32,"$139,515,664 ","$4,359,865 ","$3,854,000 ",62,52.60%,85,3.1,100%,17,27
ALL HOME TYPES,2,2022,Toronto C13,72,"$105,790,587 ","$1,469,314 ","$1,144,500 ",98,67.30%,64,1.2,111%,10,11
ALL HOME TYPES,2,2022,Toronto C14,110,"$145,091,177 ","$1,319,011 ","$900,000 ",227,65.60%,153,1.3,112%,12,16
ALL HOME TYPES,2,2022,Toronto C15,172,"$180,759,224 ","$1,050,926 ","$813,900 ",246,68.60%,142,1.1,114%,12,14
ALL HOME TYPES,2,2022,Toronto Central,"1,709","$2,138,562,292 ","$1,251,353 ","$856,000 ","2,655",64.70%,"1,701",1.3,109%,12,17
ALL HOME TYPES,2,2022,Toronto E01,62,"$81,748,002 ","$1,318,516 ","$1,368,000 ",90,70.90%,39,0.7,126%,8,8
ALL HOME TYPES,2,2022,Toronto E02,67,"$108,252,659 ","$1,615,711 ","$1,515,000 ",73,72.20%,23,0.7,118%,7,10
ALL HOME TYPES,2,2022,Toronto E03,72,"$104,174,169 ","$1,446,863 ","$1,410,500 ",117,66.20%,62,0.9,123%,10,11
ALL HOME TYPES,2,2022,Toronto E04,90,"$99,864,400 ","$1,109,604 ","$1,240,500 ",130,73.40%,48,0.6,126%,6,6
ALL HOME TYPES,2,2022,Toronto E05,94,"$105,399,862 ","$1,121,275 ","$966,500 ",131,76.00%,60,0.8,124%,8,8
ALL HOME TYPES,2,2022,Toronto E06,37,"$44,880,486 ","$1,212,986 ","$1,200,000 ",70,64.20%,34,1,118%,10,10
ALL HOME TYPES,2,2022,Toronto E07,68,"$72,434,174 ","$1,065,208 ","$1,158,400 ",100,76.20%,40,0.7,125%,7,9
ALL HOME TYPES,2,2022,Toronto E08,61,"$74,444,070 ","$1,220,395 ","$1,230,000 ",90,72.50%,53,0.8,116%,15,16
ALL HOME TYPES,2,2022,Toronto E09,81,"$85,297,390 ","$1,053,054 ","$1,110,000 ",130,80.20%,52,0.6,126%,6,7
ALL HOME TYPES,2,2022,Toronto E10,56,"$75,199,837 ","$1,342,854 ","$1,379,000 ",74,74.10%,31,0.7,125%,6,6
ALL HOME TYPES,2,2022,Toronto E11,74,"$79,874,009 ","$1,079,379 ","$1,030,000 ",111,77.00%,41,0.6,125%,7,7
ALL HOME TYPES,2,2022,Toronto East,762,"$931,569,058 ","$1,222,532 ","$1,213,500 ","1,116",73.30%,483,0.7,123%,8,9
ALL HOME TYPES,2,2022,Toronto W01,54,"$78,403,358 ","$1,451,914 ","$1,000,000 ",76,67.90%,48,0.9,113%,12,13
ALL HOME TYPES,2,2022,Toronto W02,70,"$93,578,977 ","$1,336,843 ","$1,252,300 ",112,69.30%,57,0.7,121%,9,12
ALL HOME TYPES,2,2022,Toronto W03,60,"$72,148,788 ","$1,202,480 ","$1,219,000 ",82,66.80%,39,0.9,122%,8,11
ALL HOME TYPES,2,2022,Toronto W04,66,"$67,459,900 ","$1,022,120 ","$857,500 ",114,65.60%,63,1.2,116%,9,11
ALL HOME TYPES,2,2022,Toronto W05,110,"$104,212,513 ","$947,386 ","$989,944 ",162,70.50%,92,1.1,115%,8,9
ALL HOME TYPES,2,2022,Toronto W06,128,"$131,388,173 ","$1,026,470 ","$865,000 ",198,64.90%,140,1.3,110%,13,17
ALL HOME TYPES,2,2022,Toronto W07,26,"$40,665,000 ","$1,564,038 ","$1,520,000 ",29,71.60%,10,0.9,115%,10,11
ALL HOME TYPES,2,2022,Toronto W08,148,"$163,627,906 ","$1,105,594 ","$772,500 ",188,75.30%,83,0.9,114%,9,9
ALL HOME TYPES,2,2022,Toronto W09,33,"$31,353,575 ","$950,108 ","$701,000 ",53,70.70%,27,1,117%,9,10
ALL HOME TYPES,2,2022,Toronto W10,74,"$70,310,113 ","$950,137 ","$793,000 ",104,73.00%,42,0.8,117%,6,7
ALL HOME TYPES,2,2022,Toronto West,769,"$853,148,303 ","$1,109,426 ","$950,000 ","1,118",69.50%,601,1,115%,9,11
ALL HOME TYPES,2,2022,All TRREB Areas,"9,097","$12,140,344,085 ","$1,334,544 ","$1,205,000 ","14,147",72.20%,"6,985",0.9,116%,9,11
ALL HOME TYPES,2,2022,Uxbridge,26,"$41,325,487 ","$1,589,442 ","$1,427,500 ",35,79.60%,22,0.8,116%,11,11
ALL HOME TYPES,2,2022,Vaughan,446,"$716,985,495 ","$1,607,591 ","$1,505,000 ",692,69.50%,374,1,112%,11,12
ALL HOME TYPES,2,2022,Whitby,214,"$292,543,619 ","$1,367,026 ","$1,317,506 ",298,81.90%,98,0.4,130%,6,8
ALL HOME TYPES,2,2022,Whitchurch-Stouffville,80,"$138,596,860 ","$1,732,461 ","$1,499,000 ",132,72.90%,72,1,113%,11,12
ALL HOME TYPES,2,2022,York Region,"1,661","$2,637,007,761 ","$1,587,603 ","$1,465,000 ","2,860",70.00%,"1,586",1,115%,9,12
ALL HOME TYPES,3,2022,Adjala-Tosorontio,11,"$13,913,600 ","$1,264,873 ","$1,200,000 ",24,71.10%,17,1.1,108%,7,8
ALL HOME TYPES,3,2022,Ajax,212,"$259,222,125 ","$1,222,746 ","$1,167,500 ",395,77.20%,158,0.5,123%,7,9
ALL HOME TYPES,3,2022,Aurora,133,"$214,705,971 ","$1,614,331 ","$1,516,000 ",284,70.40%,145,0.9,111%,8,10
ALL HOME TYPES,3,2022,Bradford,78,"$107,476,889 ","$1,377,909 ","$1,281,750 ",197,69.30%,101,0.8,112%,12,15
ALL HOME TYPES,3,2022,Brampton,928,"$1,216,414,414 ","$1,310,791 ","$1,250,000 ","2,080",71.90%,953,0.6,112%,7,10
ALL HOME TYPES,3,2022,Brock,33,"$34,894,700 ","$1,057,415 ","$925,000 ",50,74.50%,23,0.9,113%,8,9
ALL HOME TYPES,3,2022,Burlington,364,"$474,224,937 ","$1,302,816 ","$1,200,000 ",602,79.30%,247,0.6,113%,7,8
ALL HOME TYPES,3,2022,Caledon,120,"$205,690,986 ","$1,714,092 ","$1,512,500 ",228,66.60%,151,1.1,108%,9,13
ALL HOME TYPES,3,2022,City of Toronto,"3,981","$4,851,031,962 ","$1,218,546 ","$979,000 ","6,537",66.70%,"3,726",1.1,113%,10,12
ALL HOME TYPES,3,2022,Clarington,253,"$272,429,917 ","$1,076,798 ","$1,025,000 ",452,78.90%,179,0.5,124%,6,7
ALL HOME TYPES,3,2022,Dufferin County,74,"$75,184,416 ","$1,016,006 ","$982,500 ",139,81.60%,56,0.5,112%,6,7
ALL HOME TYPES,3,2022,Durham Region,"1,390","$1,596,672,449 ","$1,148,685 ","$1,095,500 ","2,473",78.40%,978,0.5,123%,7,8
ALL HOME TYPES,3,2022,East Gwillimbury,86,"$130,966,225 ","$1,522,863 ","$1,467,500 ",183,72.60%,108,0.9,114%,10,13
ALL HOME TYPES,3,2022,Essa,55,"$56,274,625 ","$1,023,175 ","$952,000 ",105,76.10%,55,0.6,109%,6,8
ALL HOME TYPES,3,2022,Georgina,111,"$122,437,305 ","$1,103,039 ","$1,065,000 ",222,71.40%,116,0.9,114%,12,14
ALL HOME TYPES,3,2022,Halton Hills,118,"$169,897,770 ","$1,439,812 ","$1,248,000 ",209,78.00%,85,0.6,111%,6,9
ALL HOME TYPES,3,2022,Halton Region,"1,135","$1,720,353,208 ","$1,515,730 ","$1,351,000 ","2,069",76.00%,921,0.7,111%,8,10
ALL HOME TYPES,3,2022,Innisfil,99,"$116,969,749 ","$1,181,513 ","$1,100,000 ",208,71.20%,111,1,108%,10,13
ALL HOME TYPES,3,2022,King,41,"$103,055,158 ","$2,513,540 ","$2,500,000 ",86,64.00%,72,2,102%,17,24
ALL HOME TYPES,3,2022,Markham,490,"$702,299,480 ","$1,433,264 ","$1,400,000 ",990,69.10%,527,0.9,114%,8,11
ALL HOME TYPES,3,2022,Milton,248,"$324,446,022 ","$1,308,250 ","$1,250,000 ",530,74.20%,229,0.6,113%,7,9
ALL HOME TYPES,3,2022,Mississauga,"1,059","$1,252,186,871 ","$1,182,424 ","$1,070,000 ","1,797",73.90%,793,0.8,113%,7,8
ALL HOME TYPES,3,2022,New Tecumseth,104,"$116,135,086 ","$1,116,684 ","$992,000 ",187,76.50%,88,0.7,108%,8,10
ALL HOME TYPES,3,2022,Newmarket,154,"$212,802,789 ","$1,381,836 ","$1,315,000 ",304,75.20%,154,0.6,112%,9,11
ALL HOME TYPES,3,2022,Oakville,405,"$751,784,479 ","$1,856,258 ","$1,650,000 ",728,74.20%,360,0.8,108%,10,12
ALL HOME TYPES,3,2022,Orangeville,74,"$75,184,416 ","$1,016,006 ","$982,500 ",139,81.60%,56,0.5,112%,6,7
ALL HOME TYPES,3,2022,Oshawa,408,"$412,365,982 ","$1,010,701 ","$950,001 ",724,79.40%,280,0.5,124%,7,8
ALL HOME TYPES,3,2022,Peel Region,"2,107","$2,674,292,271 ","$1,269,242 ","$1,200,000 ","4,105",72.50%,"1,897",0.7,112%,7,9
ALL HOME TYPES,3,2022,Pickering,164,"$202,286,160 ","$1,233,452 ","$1,155,000 ",278,77.10%,117,0.6,122%,7,10
ALL HOME TYPES,3,2022,Richmond Hill,319,"$505,823,133 ","$1,585,652 ","$1,520,000 ",684,64.40%,429,1.2,111%,9,12
ALL HOME TYPES,3,2022,Scugog,31,"$39,905,931 ","$1,287,288 ","$1,120,000 ",48,79.50%,24,0.9,123%,7,7
ALL HOME TYPES,3,2022,Simcoe County,347,"$410,769,949 ","$1,183,775 ","$1,100,000 ",721,72.70%,372,0.8,109%,9,11
ALL HOME TYPES,3,2022,Toronto C01,592,"$571,305,515 ","$965,043 ","$810,000 ","1,005",64.60%,619,1.3,109%,10,13
ALL HOME TYPES,3,2022,Toronto C02,100,"$169,386,657 ","$1,693,867 ","$1,400,000 ",188,57.00%,153,2.1,106%,16,21
ALL HOME TYPES,3,2022,Toronto C03,79,"$141,739,598 ","$1,794,172 ","$1,220,000 ",108,58.00%,74,1.5,108%,11,12
ALL HOME TYPES,3,2022,Toronto C04,91,"$225,723,329 ","$2,480,476 ","$2,295,000 ",148,66.30%,93,1.2,109%,10,14
ALL HOME TYPES,3,2022,Toronto C06,30,"$32,894,936 ","$1,096,498 ","$842,500 ",88,61.30%,51,1.2,114%,9,12
ALL HOME TYPES,3,2022,Toronto C07,118,"$161,355,678 ","$1,367,421 ","$925,000 ",203,63.10%,132,1.4,108%,10,11
ALL HOME TYPES,3,2022,Toronto C08,303,"$280,321,302 ","$925,153 ","$785,000 ",472,61.10%,297,1.4,108%,11,13
ALL HOME TYPES,3,2022,Toronto C09,32,"$73,719,188 ","$2,303,725 ","$1,657,450 ",45,65.10%,41,1.8,107%,20,26
ALL HOME TYPES,3,2022,Toronto C10,101,"$128,890,508 ","$1,276,144 ","$980,000 ",161,66.00%,94,1.2,110%,10,12
ALL HOME TYPES,3,2022,Toronto C11,52,"$63,481,925 ","$1,220,806 ","$735,000 ",72,69.10%,35,1,111%,8,10
ALL HOME TYPES,3,2022,Toronto C12,36,"$126,228,200 ","$3,506,339 ","$2,805,500 ",68,50.50%,92,3.2,101%,22,43
ALL HOME TYPES,3,2022,Toronto C13,80,"$103,650,759 ","$1,295,634 ","$1,062,000 ",119,67.30%,70,1.2,111%,9,11
ALL HOME TYPES,3,2022,Toronto C14,162,"$193,814,144 ","$1,196,384 ","$828,500 ",307,63.10%,208,1.3,109%,10,13
ALL HOME TYPES,3,2022,Toronto C15,192,"$194,343,649 ","$1,012,207 ","$852,500 ",315,67.40%,186,1.2,113%,11,12
ALL HOME TYPES,3,2022,Toronto Central,"1,968","$2,466,855,388 ","$1,253,483 ","$871,500 ","3,299",63.40%,"2,145",1.4,108%,11,14
ALL HOME TYPES,3,2022,Toronto E01,103,"$146,878,400 ","$1,426,004 ","$1,400,177 ",146,70.50%,56,0.7,125%,6,8
ALL HOME TYPES,3,2022,Toronto E02,66,"$105,222,791 ","$1,594,285 ","$1,506,500 ",105,70.60%,37,0.7,118%,7,8
ALL HOME TYPES,3,2022,Toronto E03,112,"$153,210,789 ","$1,367,953 ","$1,251,500 ",175,66.10%,78,0.9,122%,6,8
ALL HOME TYPES,3,2022,Toronto E04,124,"$132,969,000 ","$1,072,331 ","$1,138,500 ",182,72.70%,73,0.7,119%,7,8
ALL HOME TYPES,3,2022,Toronto E05,88,"$92,947,475 ","$1,056,221 ","$959,400 ",152,75.00%,99,0.8,119%,9,10
ALL HOME TYPES,3,2022,Toronto E06,50,"$70,984,198 ","$1,419,684 ","$1,251,550 ",65,64.50%,33,1,110%,10,12
ALL HOME TYPES,3,2022,Toronto E07,89,"$93,585,728 ","$1,051,525 ","$958,888 ",171,74.20%,89,0.7,122%,7,8
ALL HOME TYPES,3,2022,Toronto E08,92,"$102,308,330 ","$1,112,047 ","$1,136,000 ",122,72.90%,59,0.8,122%,7,8
ALL HOME TYPES,3,2022,Toronto E09,93,"$95,114,005 ","$1,022,731 ","$1,030,000 ",169,77.20%,82,0.6,122%,7,9
ALL HOME TYPES,3,2022,Toronto E10,90,"$113,712,137 ","$1,263,468 ","$1,290,000 ",124,75.10%,36,0.7,122%,7,9
ALL HOME TYPES,3,2022,Toronto E11,92,"$90,141,193 ","$979,796 ","$930,944 ",159,76.00%,75,0.7,120%,8,9
ALL HOME TYPES,3,2022,Toronto East,999,"$1,197,074,046 ","$1,198,272 ","$1,200,000 ","1,570",72.50%,717,0.7,121%,7,9
ALL HOME TYPES,3,2022,Toronto W01,84,"$124,740,993 ","$1,485,012 ","$1,225,000 ",117,68.20%,51,0.9,116%,9,11
ALL HOME TYPES,3,2022,Toronto W02,117,"$148,469,722 ","$1,268,972 ","$1,275,000 ",152,68.60%,60,0.7,119%,8,10
ALL HOME TYPES,3,2022,Toronto W03,61,"$69,059,443 ","$1,132,122 ","$1,160,000 ",110,66.70%,61,1,122%,8,9
ALL HOME TYPES,3,2022,Toronto W04,102,"$109,630,446 ","$1,074,808 ","$1,110,250 ",174,64.60%,97,1.3,116%,8,10
ALL HOME TYPES,3,2022,Toronto W05,119,"$115,256,522 ","$968,542 ","$1,060,000 ",213,69.90%,137,1.1,113%,10,11
ALL HOME TYPES,3,2022,Toronto W06,176,"$182,978,638 ","$1,039,651 ","$900,000 ",321,63.30%,199,1.3,111%,12,13
ALL HOME TYPES,3,2022,Toronto W07,36,"$65,289,523 ","$1,813,598 ","$1,672,500 ",52,71.20%,20,0.8,118%,6,8
ALL HOME TYPES,3,2022,Toronto W08,174,"$224,506,084 ","$1,290,265 ","$932,500 ",286,73.60%,123,0.9,110%,8,10
ALL HOME TYPES,3,2022,Toronto W09,51,"$60,454,347 ","$1,185,379 ","$1,050,000 ",88,69.20%,47,1.1,113%,9,10
ALL HOME TYPES,3,2022,Toronto W10,94,"$86,716,810 ","$922,519 ","$838,000 ",155,72.10%,69,0.8,114%,8,9
ALL HOME TYPES,3,2022,Toronto West,"1,014","$1,187,102,528 ","$1,170,713 ","$1,070,000 ","1,668",68.50%,864,1,114%,9,11
ALL HOME TYPES,3,2022,All TRREB Areas,"10,955","$14,240,341,973 ","$1,299,894 ","$1,165,000 ","20,038",70.50%,"10,167",0.9,113%,8,11
ALL HOME TYPES,3,2022,Uxbridge,37,"$54,417,008 ","$1,470,730 ","$1,260,622 ",45,78.80%,18,0.8,110%,13,15
ALL HOME TYPES,3,2022,Vaughan,505,"$782,207,481 ","$1,548,926 ","$1,490,000 ","1,032",67.70%,550,1.1,109%,8,11
ALL HOME TYPES,3,2022,Whitby,252,"$321,150,626 ","$1,274,407 ","$1,208,600 ",481,78.30%,179,0.4,123%,6,7
ALL HOME TYPES,3,2022,Whitchurch-Stouffville,82,"$137,740,175 ","$1,679,758 ","$1,399,000 ",209,68.80%,116,1,109%,6,10
ALL HOME TYPES,3,2022,York Region,"1,921","$2,912,037,717 ","$1,515,897 ","$1,415,000 ","3,994",68.50%,"2,217",1,111%,9,12
ALL HOME TYPES,4,2022,Adjala-Tosorontio,14,"$16,056,500 ","$1,146,893 ","$1,125,000 ",27,70.40%,22,1.2,103%,9,11
ALL HOME TYPES,4,2022,Ajax,152,"$179,258,839 ","$1,179,334 ","$1,145,000 ",394,72.30%,207,0.5,114%,9,11
ALL HOME TYPES,4,2022,Aurora,76,"$114,944,576 ","$1,512,429 ","$1,327,500 ",223,66.00%,196,1,106%,11,15
ALL HOME TYPES,4,2022,Bradford,43,"$51,695,899 ","$1,202,230 ","$1,130,000 ",171,62.40%,128,0.9,102%,10,15
ALL HOME TYPES,4,2022,Brampton,716,"$889,027,068 ","$1,241,658 ","$1,155,250 ","1,997",68.50%,"1,285",0.7,106%,10,15
ALL HOME TYPES,4,2022,Brock,13,"$11,143,910 ","$857,224 ","$875,000 ",51,69.20%,45,1,106%,13,15
ALL HOME TYPES,4,2022,Burlington,291,"$358,021,492 ","$1,230,314 ","$1,083,000 ",584,75.30%,358,0.6,106%,9,11
ALL HOME TYPES,4,2022,Caledon,99,"$175,417,100 ","$1,771,890 ","$1,522,000 ",237,63.90%,178,1.2,103%,14,22
ALL HOME TYPES,4,2022,City of Toronto,"3,024","$3,759,044,412 ","$1,243,070 ","$980,000 ","6,164",65.40%,"4,732",1.2,108%,12,15
ALL HOME TYPES,4,2022,Clarington,224,"$230,183,125 ","$1,027,603 ","$950,000 ",406,75.30%,200,0.5,116%,7,10
ALL HOME TYPES,4,2022,Dufferin County,64,"$60,077,500 ","$938,711 ","$842,000 ",118,76.60%,66,0.5,104%,9,13
ALL HOME TYPES,4,2022,Durham Region,"1,089","$1,171,036,798 ","$1,075,332 ","$999,999 ","2,338",74.50%,"1,278",0.6,114%,8,11
ALL HOME TYPES,4,2022,East Gwillimbury,50,"$75,169,500 ","$1,503,390 ","$1,291,000 ",139,66.40%,114,1,104%,15,19
ALL HOME TYPES,4,2022,Essa,39,"$35,806,900 ","$918,126 ","$860,000 ",96,68.00%,73,0.8,105%,12,16
ALL HOME TYPES,4,2022,Georgina,69,"$69,825,000 ","$1,011,957 ","$920,000 ",205,66.80%,152,1,106%,12,17
ALL HOME TYPES,4,2022,Halton Hills,89,"$121,007,416 ","$1,359,634 ","$1,200,000 ",203,73.80%,129,0.7,106%,9,12
ALL HOME TYPES,4,2022,Halton Region,824,"$1,140,373,440 ","$1,383,948 ","$1,230,000 ","1,922",72.20%,"1,273",0.7,104%,10,13
ALL HOME TYPES,4,2022,Innisfil,72,"$72,007,013 ","$1,000,097 ","$890,000 ",230,64.40%,165,1.1,103%,10,13
ALL HOME TYPES,4,2022,King,25,"$51,541,850 ","$2,061,674 ","$2,012,850 ",84,61.70%,98,2.1,101%,16,17
ALL HOME TYPES,4,2022,Markham,293,"$428,117,914 ","$1,461,153 ","$1,400,000 ",753,67.20%,597,1,106%,12,15
ALL HOME TYPES,4,2022,Milton,176,"$207,889,389 ","$1,181,190 ","$1,139,950 ",469,70.60%,293,0.6,105%,10,14
ALL HOME TYPES,4,2022,Mississauga,720,"$842,551,655 ","$1,170,211 ","$1,028,500 ","1,659",71.10%,"1,101",0.8,106%,10,13
ALL HOME TYPES,4,2022,New Tecumseth,74,"$77,650,701 ","$1,049,334 ","$975,000 ",185,72.20%,132,0.8,104%,14,17
ALL HOME TYPES,4,2022,Newmarket,115,"$145,696,300 ","$1,266,924 ","$1,205,000 ",256,73.90%,166,0.7,108%,9,14
ALL HOME TYPES,4,2022,Oakville,268,"$453,455,143 ","$1,691,997 ","$1,572,500 ",666,70.30%,493,0.9,102%,11,15
ALL HOME TYPES,4,2022,Orangeville,64,"$60,077,500 ","$938,711 ","$842,000 ",118,76.60%,66,0.5,104%,9,13
ALL HOME TYPES,4,2022,Oshawa,296,"$277,221,913 ","$936,561 ","$860,000 ",636,75.50%,367,0.6,116%,9,12
ALL HOME TYPES,4,2022,Peel Region,"1,535","$1,906,995,823 ","$1,242,343 ","$1,132,500 ","3,893",69.40%,"2,564",0.8,106%,10,15
ALL HOME TYPES,4,2022,Pickering,123,"$138,250,506 ","$1,123,988 ","$999,999 ",276,74.60%,159,0.6,113%,8,10
ALL HOME TYPES,4,2022,Richmond Hill,198,"$294,831,444 ","$1,489,048 ","$1,450,000 ",582,63.00%,525,1.3,106%,12,16
ALL HOME TYPES,4,2022,Scugog,32,"$38,786,300 ","$1,212,072 ","$1,100,000 ",50,77.20%,30,0.9,111%,7,8
ALL HOME TYPES,4,2022,Simcoe County,242,"$253,217,013 ","$1,046,351 ","$970,000 ",709,66.70%,520,0.9,103%,12,15
ALL HOME TYPES,4,2022,Toronto C01,431,"$420,170,060 ","$974,873 ","$786,000 ",894,63.60%,754,1.3,106%,12,16
ALL HOME TYPES,4,2022,Toronto C02,94,"$177,339,815 ","$1,886,594 ","$1,339,750 ",202,55.80%,188,2.1,103%,14,22
ALL HOME TYPES,4,2022,Toronto C03,50,"$96,899,335 ","$1,937,987 ","$1,670,000 ",115,56.70%,100,1.6,110%,11,17
ALL HOME TYPES,4,2022,Toronto C04,76,"$195,790,868 ","$2,576,196 ","$2,300,000 ",117,66.70%,88,1.2,103%,12,16
ALL HOME TYPES,4,2022,Toronto C06,39,"$42,418,611 ","$1,087,657 ","$775,000 ",75,61.00%,54,1.3,106%,13,17
ALL HOME TYPES,4,2022,Toronto C07,77,"$95,824,847 ","$1,244,479 ","$960,000 ",200,61.80%,177,1.4,104%,12,16
ALL HOME TYPES,4,2022,Toronto C08,176,"$162,087,262 ","$920,950 ","$776,000 ",464,59.10%,424,1.5,105%,12,17
ALL HOME TYPES,4,2022,Toronto C09,26,"$61,454,388 ","$2,363,630 ","$2,118,500 ",53,63.20%,46,1.8,102%,26,28
ALL HOME TYPES,4,2022,Toronto C10,79,"$96,782,799 ","$1,225,099 ","$921,000 ",167,64.00%,126,1.3,106%,13,17
ALL HOME TYPES,4,2022,Toronto C11,43,"$78,699,004 ","$1,830,209 ","$1,600,000 ",81,68.90%,45,1,111%,11,12
ALL HOME TYPES,4,2022,Toronto C12,24,"$96,391,000 ","$4,016,292 ","$3,582,000 ",61,50.70%,98,3.4,100%,16,34
ALL HOME TYPES,4,2022,Toronto C13,50,"$68,184,624 ","$1,363,692 ","$906,850 ",104,67.40%,96,1.2,103%,19,22
ALL HOME TYPES,4,2022,Toronto C14,115,"$137,957,814 ","$1,199,633 ","$818,000 ",260,61.90%,245,1.4,103%,13,17
ALL HOME TYPES,4,2022,Toronto C15,131,"$145,333,877 ","$1,109,419 ","$872,000 ",287,65.00%,238,1.2,105%,13,18
ALL HOME TYPES,4,2022,Toronto Central,"1,411","$1,875,334,304 ","$1,329,082 ","$882,250 ","3,080",62.20%,"2,679",1.4,105%,13,17
ALL HOME TYPES,4,2022,Toronto E01,83,"$115,663,239 ","$1,393,533 ","$1,348,200 ",128,69.40%,58,0.7,114%,8,10
ALL HOME TYPES,4,2022,Toronto E02,78,"$122,708,380 ","$1,573,184 ","$1,425,000 ",120,70.70%,46,0.7,115%,7,9
ALL HOME TYPES,4,2022,Toronto E03,99,"$136,945,913 ","$1,383,292 ","$1,310,000 ",161,65.90%,79,0.9,118%,7,10
ALL HOME TYPES,4,2022,Toronto E04,82,"$84,072,600 ","$1,025,276 ","$1,037,450 ",186,71.00%,113,0.7,115%,8,9
ALL HOME TYPES,4,2022,Toronto E05,69,"$67,177,444 ","$973,586 ","$900,000 ",138,74.30%,108,0.8,107%,13,15
ALL HOME TYPES,4,2022,Toronto E06,36,"$44,019,610 ","$1,222,767 ","$1,189,950 ",71,61.60%,40,1,110%,7,9
ALL HOME TYPES,4,2022,Toronto E07,63,"$65,318,488 ","$1,036,801 ","$990,000 ",148,71.30%,119,0.8,110%,13,15
ALL HOME TYPES,4,2022,Toronto E08,60,"$61,379,340 ","$1,022,989 ","$940,257 ",111,71.30%,80,0.9,111%,8,9
ALL HOME TYPES,4,2022,Toronto E09,76,"$74,333,889 ","$978,077 ","$980,500 ",192,74.40%,126,0.7,113%,10,12
ALL HOME TYPES,4,2022,Toronto E10,51,"$66,138,629 ","$1,296,836 ","$1,210,000 ",108,73.30%,58,0.7,112%,11,12
ALL HOME TYPES,4,2022,Toronto E11,69,"$64,050,219 ","$928,264 ","$875,000 ",112,74.40%,75,0.7,114%,10,12
ALL HOME TYPES,4,2022,Toronto East,766,"$901,807,751 ","$1,177,295 ","$1,123,500 ","1,475",71.00%,902,0.8,113%,9,11
ALL HOME TYPES,4,2022,Toronto W01,49,"$64,106,918 ","$1,308,304 ","$960,000 ",86,67.10%,62,0.9,112%,8,11
ALL HOME TYPES,4,2022,Toronto W02,102,"$153,467,312 ","$1,504,581 ","$1,365,000 ",163,67.50%,85,0.8,115%,11,13
ALL HOME TYPES,4,2022,Toronto W03,58,"$65,203,994 ","$1,124,207 ","$1,100,500 ",110,65.40%,84,1,114%,9,12
ALL HOME TYPES,4,2022,Toronto W04,100,"$104,480,670 ","$1,044,807 ","$950,000 ",148,64.80%,106,1.3,107%,14,16
ALL HOME TYPES,4,2022,Toronto W05,126,"$118,795,025 ","$942,818 ","$926,500 ",252,69.50%,183,1.1,108%,11,13
ALL HOME TYPES,4,2022,Toronto W06,141,"$144,399,979 ","$1,024,113 ","$850,000 ",297,62.40%,247,1.4,107%,16,21
ALL HOME TYPES,4,2022,Toronto W07,31,"$51,048,005 ","$1,646,710 ","$1,505,000 ",53,69.10%,32,0.9,108%,9,10
ALL HOME TYPES,4,2022,Toronto W08,138,"$181,976,838 ","$1,318,673 ","$885,000 ",276,71.30%,187,0.9,106%,16,17
ALL HOME TYPES,4,2022,Toronto W09,46,"$50,343,642 ","$1,094,427 ","$954,000 ",88,68.40%,61,1.1,105%,14,15
ALL HOME TYPES,4,2022,Toronto W10,56,"$48,079,974 ","$858,571 ","$750,000 ",136,69.20%,104,0.9,109%,12,14
ALL HOME TYPES,4,2022,Toronto West,847,"$981,902,357 ","$1,159,271 ","$1,005,000 ","1,609",67.30%,"1,151",1.1,109%,13,15
ALL HOME TYPES,4,2022,All TRREB Areas,"8,008","$10,045,524,994 ","$1,254,436 ","$1,098,000 ","18,413",68.00%,"13,098",0.9,107%,11,14
ALL HOME TYPES,4,2022,Uxbridge,33,"$45,554,614 ","$1,380,443 ","$1,225,000 ",60,74.90%,32,0.9,110%,7,9
ALL HOME TYPES,4,2022,Vaughan,336,"$481,640,015 ","$1,433,452 ","$1,346,500 ",854,65.70%,668,1.1,105%,11,17
ALL HOME TYPES,4,2022,Whitby,216,"$250,637,591 ","$1,160,359 ","$1,100,578 ",465,74.00%,238,0.5,114%,7,11
ALL HOME TYPES,4,2022,Whitchurch-Stouffville,68,"$93,013,409 ","$1,367,844 ","$1,257,500 ",173,64.60%,149,1.1,104%,11,15
ALL HOME TYPES,4,2022,York Region,"1,230","$1,754,780,008 ","$1,426,650 ","$1,325,000 ","3,269",66.10%,"2,665",1.1,105%,12,16
ALL HOME TYPES,5,2022,Adjala-Tosorontio,12,"$14,225,500 ","$1,185,458 ","$1,225,000 ",51,60.40%,46,1.4,101%,11,21
ALL HOME TYPES,5,2022,Ajax,161,"$177,080,950 ","$1,099,882 ","$988,800 ",330,68.90%,200,0.6,108%,10,16
ALL HOME TYPES,5,2022,All TRREB Areas,"7,283","$8,832,867,274 ","$1,212,806 ","$1,050,000 ","18,679",65.10%,"15,433",1,103%,12,18
ALL HOME TYPES,5,2022,Aurora,78,"$112,614,475 ","$1,443,775 ","$1,302,500 ",211,62.60%,188,1.1,100%,15,21
ALL HOME TYPES,5,2022,Bradford,57,"$70,977,100 ","$1,245,212 ","$1,200,000 ",152,58.30%,130,1,102%,13,25
ALL HOME TYPES,5,2022,Brampton,670,"$768,120,772 ","$1,146,449 ","$1,051,000 ","1,646",65.90%,"1,268",0.7,102%,12,21
ALL HOME TYPES,5,2022,Brock,12,"$12,659,000 ","$1,054,917 ","$910,000 ",46,62.00%,55,1.2,99%,18,26
ALL HOME TYPES,5,2022,Burlington,296,"$367,619,614 ","$1,241,958 ","$1,094,000 ",556,71.70%,399,0.7,101%,12,16
ALL HOME TYPES,5,2022,Caledon,77,"$134,221,687 ","$1,743,139 ","$1,330,000 ",264,59.80%,240,1.3,98%,13,19
ALL HOME TYPES,5,2022,City of Toronto,"2,679","$3,305,209,844 ","$1,233,748 ","$980,000 ","6,877",63.20%,"5,970",1.2,104%,13,17
ALL HOME TYPES,5,2022,Clarington,189,"$182,679,572 ","$966,559 ","$900,000 ",381,71.00%,210,0.6,109%,9,13
ALL HOME TYPES,5,2022,Dufferin County,46,"$39,727,511 ","$863,642 ","$849,000 ",123,71.60%,86,0.6,99%,13,20
ALL HOME TYPES,5,2022,Durham Region,"1,025","$1,020,559,260 ","$995,668 ","$930,000 ","2,261",70.50%,"1,391",0.6,108%,10,15
ALL HOME TYPES,5,2022,East Gwillimbury,43,"$58,727,540 ","$1,365,757 ","$1,330,000 ",124,62.70%,120,1.1,101%,14,23
ALL HOME TYPES,5,2022,Essa,37,"$36,586,000 ","$988,811 ","$910,000 ",84,63.60%,80,1,102%,15,22
ALL HOME TYPES,5,2022,Georgina,62,"$59,206,518 ","$954,944 ","$866,250 ",212,62.30%,192,1.1,102%,12,18
ALL HOME TYPES,5,2022,Halton Hills,83,"$105,341,192 ","$1,269,171 ","$1,225,000 ",219,68.30%,174,0.8,101%,11,17
ALL HOME TYPES,5,2022,Halton Region,826,"$1,085,075,513 ","$1,313,651 ","$1,200,000 ","1,893",68.20%,"1,426",0.8,101%,12,19
ALL HOME TYPES,5,2022,Innisfil,72,"$71,342,255 ","$990,865 ","$918,750 ",227,60.20%,219,1.2,102%,14,19
ALL HOME TYPES,5,2022,King,29,"$59,757,500 ","$2,060,603 ","$2,050,000 ",87,58.10%,113,2.2,96%,20,25
ALL HOME TYPES,5,2022,Markham,261,"$357,101,842 ","$1,368,206 ","$1,315,000 ",692,64.70%,647,1,102%,14,21
ALL HOME TYPES,5,2022,Milton,188,"$224,669,993 ","$1,195,053 ","$1,102,500 ",499,66.00%,332,0.7,102%,10,19
ALL HOME TYPES,5,2022,Mississauga,630,"$723,733,861 ","$1,148,784 ","$1,027,500 ","1,766",67.60%,"1,444",0.9,103%,12,17
ALL HOME TYPES,5,2022,New Tecumseth,52,"$56,465,077 ","$1,085,867 ","$920,000 ",184,65.00%,179,1,101%,21,25
ALL HOME TYPES,5,2022,Newmarket,119,"$141,669,288 ","$1,190,498 ","$1,140,000 ",258,69.20%,183,0.7,103%,11,19
ALL HOME TYPES,5,2022,Oakville,259,"$387,444,714 ","$1,495,926 ","$1,400,000 ",619,67.00%,521,0.9,99%,15,22
ALL HOME TYPES,5,2022,Orangeville,46,"$39,727,511 ","$863,642 ","$849,000 ",123,71.60%,86,0.6,99%,13,20
ALL HOME TYPES,5,2022,Oshawa,294,"$248,355,063 ","$844,745 ","$811,250 ",686,71.40%,421,0.6,111%,11,15
ALL HOME TYPES,5,2022,Peel Region,"1,377","$1,626,076,320 ","$1,180,883 ","$1,058,300 ","3,676",66.30%,"2,952",0.8,102%,12,19
ALL HOME TYPES,5,2022,Pickering,119,"$129,377,971 ","$1,087,210 ","$1,015,000 ",298,70.40%,205,0.7,105%,9,15
ALL HOME TYPES,5,2022,Richmond Hill,188,"$280,233,239 ","$1,490,602 ","$1,350,000 ",553,61.20%,572,1.3,102%,15,22
ALL HOME TYPES,5,2022,Scugog,29,"$31,611,200 ","$1,090,041 ","$1,056,000 ",62,72.70%,45,1,108%,7,9
ALL HOME TYPES,5,2022,Simcoe County,230,"$249,595,932 ","$1,085,200 ","$982,500 ",698,61.40%,654,1.1,102%,15,22
ALL HOME TYPES,5,2022,Stouffville,57,"$75,248,725 ","$1,320,153 ","$1,180,000 ",123,62.70%,140,1.2,99%,16,25
ALL HOME TYPES,5,2022,Toronto C01,352,"$325,686,803 ","$925,247 ","$771,000 ","1,080",61.10%,"1,024",1.4,104%,14,18
ALL HOME TYPES,5,2022,Toronto C02,75,"$128,414,570 ","$1,712,194 ","$1,300,000 ",196,55.00%,213,2.1,101%,16,20
ALL HOME TYPES,5,2022,Toronto C03,51,"$113,401,049 ","$2,223,550 ","$1,525,000 ",127,55.70%,119,1.6,102%,15,19
ALL HOME TYPES,5,2022,Toronto C04,81,"$205,598,621 ","$2,538,255 ","$2,375,000 ",183,64.00%,115,1.2,102%,9,14
ALL HOME TYPES,5,2022,Toronto C06,25,"$29,589,788 ","$1,183,592 ","$830,000 ",78,58.10%,71,1.4,105%,16,25
ALL HOME TYPES,5,2022,Toronto C07,68,"$86,187,483 ","$1,267,463 ","$957,500 ",199,60.70%,202,1.5,101%,13,22
ALL HOME TYPES,5,2022,Toronto C08,165,"$143,120,144 ","$867,395 ","$760,000 ",576,56.70%,557,1.6,102%,15,19
ALL HOME TYPES,5,2022,Toronto C09,31,"$93,812,400 ","$3,026,206 ","$1,995,000 ",61,63.10%,51,1.8,98%,20,28
ALL HOME TYPES,5,2022,Toronto C10,74,"$83,616,516 ","$1,129,953 ","$842,500 ",176,63.10%,151,1.3,105%,11,15
ALL HOME TYPES,5,2022,Toronto C11,40,"$68,564,931 ","$1,714,123 ","$1,277,500 ",96,66.80%,71,1,106%,10,13
ALL HOME TYPES,5,2022,Toronto C12,29,"$90,586,000 ","$3,123,655 ","$2,700,000 ",74,47.70%,106,3.5,100%,23,31
ALL HOME TYPES,5,2022,Toronto C13,41,"$49,578,013 ","$1,209,220 ","$970,000 ",122,63.00%,121,1.4,102%,12,14
ALL HOME TYPES,5,2022,Toronto C14,87,"$103,199,626 ","$1,186,203 ","$851,000 ",229,61.30%,259,1.5,100%,15,22
ALL HOME TYPES,5,2022,Toronto C15,98,"$94,502,038 ","$964,307 ","$751,500 ",265,62.90%,283,1.3,102%,16,21
ALL HOME TYPES,5,2022,Toronto Central,"1,217","$1,615,857,982 ","$1,327,739 ","$866,000 ","3,462",60.10%,"3,343",1.5,102%,14,19
ALL HOME TYPES,5,2022,Toronto E01,82,"$120,861,310 ","$1,473,918 ","$1,370,500 ",154,68.30%,76,0.7,115%,6,10
ALL HOME TYPES,5,2022,Toronto E02,65,"$93,856,113 ","$1,443,940 ","$1,350,000 ",164,67.40%,90,0.7,112%,7,9
ALL HOME TYPES,5,2022,Toronto E03,74,"$95,634,619 ","$1,292,360 ","$1,265,000 ",189,64.20%,126,1,113%,9,12
ALL HOME TYPES,5,2022,Toronto E04,82,"$85,751,361 ","$1,045,748 ","$1,025,000 ",172,70.00%,130,0.8,105%,12,14
ALL HOME TYPES,5,2022,Toronto E05,60,"$56,879,988 ","$948,000 ","$862,500 ",132,72.10%,115,0.9,107%,14,16
ALL HOME TYPES,5,2022,Toronto E06,37,"$46,993,800 ","$1,270,103 ","$1,130,000 ",95,59.40%,61,1.1,111%,9,12
ALL HOME TYPES,5,2022,Toronto E07,64,"$62,225,108 ","$972,267 ","$944,000 ",150,68.20%,124,0.9,105%,16,23
ALL HOME TYPES,5,2022,Toronto E08,56,"$63,607,493 ","$1,135,848 ","$1,100,000 ",118,69.80%,94,0.9,103%,11,16
ALL HOME TYPES,5,2022,Toronto E09,82,"$75,321,929 ","$918,560 ","$940,000 ",220,69.20%,160,0.8,109%,11,17
ALL HOME TYPES,5,2022,Toronto E10,47,"$56,768,620 ","$1,207,843 ","$1,050,000 ",118,69.80%,84,0.8,107%,9,13
ALL HOME TYPES,5,2022,Toronto E11,55,"$48,668,098 ","$884,875 ","$851,000 ",126,72.50%,101,0.8,107%,13,19
ALL HOME TYPES,5,2022,Toronto East,704,"$806,568,439 ","$1,145,694 ","$1,072,275 ","1,638",68.50%,"1,161",0.8,109%,11,15
ALL HOME TYPES,5,2022,Toronto W01,52,"$75,464,500 ","$1,451,240 ","$1,180,250 ",116,62.30%,83,1.1,105%,13,17
ALL HOME TYPES,5,2022,Toronto W02,97,"$132,197,138 ","$1,362,857 ","$1,300,000 ",192,66.30%,123,0.8,109%,9,12
ALL HOME TYPES,5,2022,Toronto W03,51,"$54,555,516 ","$1,069,716 ","$1,080,017 ",125,62.70%,107,1.1,106%,13,16
ALL HOME TYPES,5,2022,Toronto W04,68,"$71,646,210 ","$1,053,621 ","$999,106 ",208,61.60%,179,1.3,103%,12,14
ALL HOME TYPES,5,2022,Toronto W05,103,"$86,662,678 ","$841,385 ","$832,500 ",223,67.10%,214,1.2,104%,17,19
ALL HOME TYPES,5,2022,Toronto W06,125,"$123,203,809 ","$985,630 ","$860,000 ",300,61.10%,276,1.4,102%,14,20
ALL HOME TYPES,5,2022,Toronto W07,29,"$61,172,401 ","$2,109,393 ","$1,900,000 ",56,67.20%,34,0.9,106%,7,11
ALL HOME TYPES,5,2022,Toronto W08,139,"$182,635,033 ","$1,313,921 ","$1,119,000 ",326,68.80%,252,1,103%,12,17
ALL HOME TYPES,5,2022,Toronto W09,45,"$51,235,235 ","$1,138,561 ","$1,200,000 ",98,66.70%,79,1.1,104%,17,21
ALL HOME TYPES,5,2022,Toronto W10,49,"$44,010,903 ","$898,182 ","$922,000 ",133,66.70%,119,1,102%,14,19
ALL HOME TYPES,5,2022,Toronto West,758,"$882,783,423 ","$1,164,622 ","$1,009,056 ","1,777",65.00%,"1,466",1.1,104%,13,17
ALL HOME TYPES,5,2022,Uxbridge,27,"$35,024,100 ","$1,297,189 ","$1,200,000 ",54,71.50%,34,0.9,104%,10,11
ALL HOME TYPES,5,2022,Vaughan,263,"$362,063,767 ","$1,376,668 ","$1,300,000 ",891,61.90%,799,1.2,101%,14,21
ALL HOME TYPES,5,2022,Whitby,194,"$203,771,404 ","$1,050,368 ","$999,450 ",404,70.50%,221,0.5,108%,9,16
ALL HOME TYPES,5,2022,York Region,"1,100","$1,506,622,894 ","$1,369,657 ","$1,270,000 ","3,151",63.10%,"2,954",1.1,101%,14,21
ALL HOME TYPES,6,2022,Adjala-Tosorontio,5,"$5,362,000 ","$1,072,400 ","$965,000 ",35,53.90%,57,1.8,97%,23,35
ALL HOME TYPES,6,2022,Ajax,135,"$137,849,172 ","$1,021,105 ","$985,000 ",255,65.70%,185,0.7,103%,13,20
ALL HOME TYPES,6,2022,All TRREB Areas,"6,474","$7,420,848,281 ","$1,146,254 ","$985,000 ","16,347",62.10%,"16,093",1.1,100%,15,24
ALL HOME TYPES,6,2022,Aurora,70,"$102,391,675 ","$1,462,738 ","$1,250,500 ",172,59.40%,185,1.2,99%,17,28
ALL HOME TYPES,6,2022,Bradford,40,"$45,364,187 ","$1,134,105 ","$1,040,000 ",103,54.40%,113,1.2,97%,21,35
ALL HOME TYPES,6,2022,Brampton,518,"$550,882,285 ","$1,063,479 ","$999,000 ","1,467",61.90%,"1,303",0.8,99%,15,25
ALL HOME TYPES,6,2022,Brock,17,"$12,394,000 ","$729,059 ","$745,000 ",43,60.20%,62,1.4,96%,27,39
ALL HOME TYPES,6,2022,Burlington,199,"$249,504,535 ","$1,253,792 ","$1,049,900 ",530,67.20%,481,0.8,98%,15,21
ALL HOME TYPES,6,2022,Caledon,58,"$87,827,103 ","$1,514,260 ","$1,342,500 ",199,55.60%,257,1.5,96%,19,31
ALL HOME TYPES,6,2022,City of Toronto,"2,422","$2,790,567,821 ","$1,152,175 ","$930,000 ","5,988",61.30%,"6,290",1.3,101%,16,23
ALL HOME TYPES,6,2022,Clarington,175,"$163,759,472 ","$935,768 ","$865,000 ",366,68.20%,236,0.7,105%,9,15
ALL HOME TYPES,6,2022,Dufferin County,41,"$36,909,057 ","$900,221 ","$850,000 ",93,67.50%,99,0.8,98%,16,23
ALL HOME TYPES,6,2022,Durham Region,967,"$937,433,226 ","$969,424 ","$885,000 ","1,979",66.70%,"1,415",0.7,104%,12,19
ALL HOME TYPES,6,2022,East Gwillimbury,37,"$46,464,138 ","$1,255,788 ","$1,200,000 ",89,59.00%,116,1.3,100%,18,28
ALL HOME TYPES,6,2022,Essa,33,"$29,533,500 ","$894,955 ","$775,000 ",86,59.20%,91,1.2,98%,18,26
ALL HOME TYPES,6,2022,Georgina,60,"$56,075,825 ","$934,597 ","$810,000 ",171,57.40%,199,1.3,98%,16,28
ALL HOME TYPES,6,2022,Halton Hills,72,"$84,935,530 ","$1,179,660 ","$1,050,000 ",207,62.00%,193,1,98%,16,26
ALL HOME TYPES,6,2022,Halton Region,665,"$844,584,914 ","$1,270,053 ","$1,100,000 ","1,715",64.10%,"1,562",0.9,98%,15,24
ALL HOME TYPES,6,2022,Innisfil,57,"$57,856,205 ","$1,015,021 ","$890,000 ",240,54.20%,266,1.5,98%,28,38
ALL HOME TYPES,6,2022,King,21,"$43,734,500 ","$2,082,595 ","$1,618,000 ",86,54.60%,129,2.3,92%,29,42
ALL HOME TYPES,6,2022,Markham,269,"$359,970,053 ","$1,338,179 ","$1,268,000 ",585,62.70%,588,1.1,101%,17,27
ALL HOME TYPES,6,2022,Milton,167,"$184,011,976 ","$1,101,868 ","$1,050,000 ",408,62.40%,322,0.8,99%,13,24
ALL HOME TYPES,6,2022,Mississauga,596,"$651,870,948 ","$1,093,743 ","$977,250 ","1,612",64.40%,"1,526",1,99%,16,24
ALL HOME TYPES,6,2022,New Tecumseth,61,"$60,413,776 ","$990,390 ","$940,000 ",164,59.60%,182,1.2,98%,20,32
ALL HOME TYPES,6,2022,Newmarket,94,"$107,628,100 ","$1,144,980 ","$1,091,000 ",194,66.60%,173,0.8,99%,16,21
ALL HOME TYPES,6,2022,Oakville,227,"$326,132,873 ","$1,436,709 ","$1,260,000 ",570,63.40%,566,1,97%,17,27
ALL HOME TYPES,6,2022,Orangeville,41,"$36,909,057 ","$900,221 ","$850,000 ",93,67.50%,99,0.8,98%,16,23
ALL HOME TYPES,6,2022,Oshawa,288,"$234,614,899 ","$814,635 ","$771,000 ",548,67.10%,392,0.7,106%,12,19
ALL HOME TYPES,6,2022,Peel Region,"1,172","$1,290,580,336 ","$1,101,178 ","$999,000 ","3,278",62.70%,"3,086",0.9,99%,16,25
ALL HOME TYPES,6,2022,Pickering,127,"$146,024,741 ","$1,149,801 ","$995,740 ",297,65.30%,214,0.8,103%,11,20
ALL HOME TYPES,6,2022,Richmond Hill,163,"$220,638,673 ","$1,353,611 ","$1,333,000 ",472,58.60%,578,1.4,99%,18,28
ALL HOME TYPES,6,2022,Scugog,26,"$31,110,250 ","$1,196,548 ","$1,023,950 ",65,67.00%,60,1.1,99%,14,17
ALL HOME TYPES,6,2022,Simcoe County,196,"$198,529,668 ","$1,012,906 ","$914,000 ",628,56.20%,709,1.3,98%,22,34
ALL HOME TYPES,6,2022,Stouffville,38,"$49,165,888 ","$1,293,839 ","$1,202,500 ",156,58.00%,174,1.4,97%,16,24
ALL HOME TYPES,6,2022,Toronto C01,376,"$338,924,222 ","$901,394 ","$760,000 ",985,58.80%,"1,086",1.5,101%,17,25
ALL HOME TYPES,6,2022,Toronto C02,54,"$114,606,602 ","$2,122,344 ","$1,663,000 ",158,54.20%,225,2.1,98%,18,28
ALL HOME TYPES,6,2022,Toronto C03,34,"$54,970,000 ","$1,616,765 ","$1,200,000 ",110,54.00%,132,1.7,106%,16,22
ALL HOME TYPES,6,2022,Toronto C04,54,"$127,532,924 ","$2,361,721 ","$2,320,000 ",131,62.00%,134,1.3,99%,11,16
ALL HOME TYPES,6,2022,Toronto C06,24,"$29,393,918 ","$1,224,747 ","$1,257,500 ",68,56.60%,75,1.4,100%,16,19
ALL HOME TYPES,6,2022,Toronto C07,60,"$75,622,545 ","$1,260,376 ","$935,000 ",152,58.30%,203,1.6,99%,20,34
ALL HOME TYPES,6,2022,Toronto C08,177,"$153,806,346 ","$868,962 ","$750,000 ",474,54.70%,567,1.7,100%,18,28
ALL HOME TYPES,6,2022,Toronto C09,30,"$59,660,718 ","$1,988,691 ","$1,685,000 ",47,65.20%,49,1.7,96%,17,23
ALL HOME TYPES,6,2022,Toronto C10,60,"$68,300,536 ","$1,138,342 ","$832,000 ",167,60.80%,173,1.4,102%,15,19
ALL HOME TYPES,6,2022,Toronto C11,40,"$62,507,837 ","$1,562,696 ","$683,500 ",73,66.30%,62,1.1,100%,12,16
ALL HOME TYPES,6,2022,Toronto C12,18,"$39,472,800 ","$2,192,933 ","$1,304,500 ",55,47.30%,104,3.5,97%,9,18
ALL HOME TYPES,6,2022,Toronto C13,48,"$69,546,098 ","$1,448,877 ","$1,055,000 ",139,60.70%,144,1.5,101%,13,19
ALL HOME TYPES,6,2022,Toronto C14,70,"$72,236,558 ","$1,031,951 ","$733,500 ",192,59.50%,259,1.5,100%,22,30
ALL HOME TYPES,6,2022,Toronto C15,100,"$110,927,145 ","$1,109,271 ","$841,500 ",245,62.00%,291,1.4,99%,20,31
ALL HOME TYPES,6,2022,Toronto Central,"1,145","$1,377,508,249 ","$1,203,064 ","$832,000 ","2,996",58.30%,"3,504",1.6,100%,17,25
ALL HOME TYPES,6,2022,Toronto E01,63,"$84,421,221 ","$1,340,019 ","$1,300,000 ",148,66.70%,95,0.8,107%,10,14
ALL HOME TYPES,6,2022,Toronto E02,58,"$81,775,126 ","$1,409,916 ","$1,180,000 ",120,65.10%,81,0.8,107%,9,14
ALL HOME TYPES,6,2022,Toronto E03,82,"$105,594,017 ","$1,287,732 ","$1,199,950 ",173,62.80%,125,1,103%,11,18
ALL HOME TYPES,6,2022,Toronto E04,71,"$63,104,886 ","$888,801 ","$915,000 ",169,67.60%,139,0.8,105%,12,20
ALL HOME TYPES,6,2022,Toronto E05,53,"$51,710,233 ","$975,665 ","$880,000 ",118,70.70%,116,0.9,105%,15,20
ALL HOME TYPES,6,2022,Toronto E06,31,"$43,596,201 ","$1,406,329 ","$1,030,000 ",67,59.00%,61,1.2,100%,10,14
ALL HOME TYPES,6,2022,Toronto E07,55,"$49,240,187 ","$895,276 ","$902,000 ",119,66.00%,123,0.9,103%,14,22
ALL HOME TYPES,6,2022,Toronto E08,47,"$51,199,502 ","$1,089,351 ","$1,010,000 ",128,65.40%,116,1,101%,13,22
ALL HOME TYPES,6,2022,Toronto E09,83,"$75,903,719 ","$914,503 ","$935,000 ",171,66.30%,155,0.9,107%,14,19
ALL HOME TYPES,6,2022,Toronto E10,43,"$42,668,901 ","$992,300 ","$950,000 ",99,68.30%,93,0.8,102%,17,25
ALL HOME TYPES,6,2022,Toronto E11,42,"$35,834,401 ","$853,200 ","$867,500 ",110,67.90%,107,0.9,104%,12,17
ALL HOME TYPES,6,2022,Toronto East,628,"$685,048,394 ","$1,090,841 ","$1,010,000 ","1,422",66.20%,"1,211",0.9,104%,12,19
ALL HOME TYPES,6,2022,Toronto W01,50,"$77,062,500 ","$1,541,250 ","$1,472,500 ",100,62.70%,83,1.1,101%,15,22
ALL HOME TYPES,6,2022,Toronto W02,68,"$91,701,668 ","$1,348,554 ","$1,142,558 ",180,63.60%,145,0.9,104%,10,14
ALL HOME TYPES,6,2022,Toronto W03,45,"$42,878,500 ","$952,856 ","$925,000 ",108,61.50%,118,1.2,101%,14,22
ALL HOME TYPES,6,2022,Toronto W04,74,"$69,510,479 ","$939,331 ","$887,500 ",153,60.50%,171,1.4,104%,18,21
ALL HOME TYPES,6,2022,Toronto W05,86,"$74,890,699 ","$870,822 ","$872,500 ",185,65.90%,219,1.2,99%,18,26
ALL HOME TYPES,6,2022,Toronto W06,97,"$93,950,153 ","$968,558 ","$815,000 ",279,58.20%,296,1.6,100%,17,24
ALL HOME TYPES,6,2022,Toronto W07,26,"$48,142,981 ","$1,851,653 ","$1,680,000 ",36,68.80%,25,0.9,102%,13,21
ALL HOME TYPES,6,2022,Toronto W08,134,"$165,590,586 ","$1,235,751 ","$931,000 ",339,65.80%,302,1.1,100%,15,23
ALL HOME TYPES,6,2022,Toronto W09,40,"$37,976,912 ","$949,423 ","$900,000 ",88,66.00%,86,1.1,99%,18,31
ALL HOME TYPES,6,2022,Toronto W10,29,"$26,306,700 ","$907,128 ","$950,000 ",102,62.90%,130,1.1,101%,19,28
ALL HOME TYPES,6,2022,Toronto West,649,"$728,011,178 ","$1,121,743 ","$956,000 ","1,570",63.00%,"1,575",1.2,101%,16,23
ALL HOME TYPES,6,2022,Uxbridge,20,"$26,850,413 ","$1,342,521 ","$1,237,500 ",42,68.10%,37,1,100%,25,27
ALL HOME TYPES,6,2022,Vaughan,259,"$336,174,407 ","$1,297,971 ","$1,238,888 ",741,58.90%,790,1.3,99%,15,28
ALL HOME TYPES,6,2022,Whitby,179,"$184,830,279 ","$1,032,571 ","$990,000 ",363,66.70%,229,0.6,104%,11,17
ALL HOME TYPES,6,2022,York Region,"1,011","$1,322,243,259 ","$1,307,857 ","$1,228,000 ","2,666",60.20%,"2,932",1.2,99%,17,27
ALL HOME TYPES,7,2022,Adjala-Tosorontio,4,"$4,035,000 ","$1,008,750 ","$1,050,000 ",24,49.60%,56,2.2,94%,17,17
ALL HOME TYPES,7,2022,Ajax,95,"$91,230,879 ","$960,325 ","$920,000 ",175,63.80%,162,0.8,100%,15,25
ALL HOME TYPES,7,2022,All TRREB Areas,"4,912","$5,279,193,253 ","$1,074,754 ","$940,000 ","12,046",59.50%,"15,334",1.2,99%,19,29
ALL HOME TYPES,7,2022,Aurora,62,"$85,036,614 ","$1,371,558 ","$1,184,000 ",130,56.40%,177,1.3,96%,21,33
ALL HOME TYPES,7,2022,Bradford,32,"$33,241,000 ","$1,038,781 ","$951,000 ",74,51.40%,97,1.4,95%,28,42
ALL HOME TYPES,7,2022,Brampton,406,"$417,179,138 ","$1,027,535 ","$977,500 ","1,123",58.10%,"1,291",1,98%,16,29
ALL HOME TYPES,7,2022,Brock,14,"$10,033,800 ","$716,700 ","$634,400 ",30,56.50%,55,1.6,97%,28,42
ALL HOME TYPES,7,2022,Burlington,177,"$200,958,492 ","$1,135,359 ","$1,007,700 ",380,64.40%,457,1,97%,23,34
ALL HOME TYPES,7,2022,Caledon,40,"$57,885,400 ","$1,447,135 ","$1,222,500 ",161,51.60%,266,1.7,97%,16,27
ALL HOME TYPES,7,2022,City of Toronto,"1,833","$1,868,009,408 ","$1,019,100 ","$850,000 ","4,392",59.60%,"5,876",1.4,99%,20,29
ALL HOME TYPES,7,2022,Clarington,138,"$117,423,262 ","$850,893 ","$815,550 ",283,65.20%,238,0.8,101%,15,24
ALL HOME TYPES,7,2022,Dufferin County,25,"$22,189,800 ","$887,592 ","$872,000 ",75,63.10%,120,1,97%,24,32
ALL HOME TYPES,7,2022,Durham Region,700,"$630,988,386 ","$901,412 ","$850,000 ","1,461",63.80%,"1,353",0.8,101%,15,24
ALL HOME TYPES,7,2022,East Gwillimbury,26,"$30,174,900 ","$1,160,573 ","$1,194,950 ",81,55.50%,118,1.4,99%,23,37
ALL HOME TYPES,7,2022,Essa,20,"$15,741,000 ","$787,050 ","$708,000 ",73,54.80%,95,1.4,98%,27,34
ALL HOME TYPES,7,2022,Georgina,43,"$37,115,999 ","$863,163 ","$835,000 ",121,55.20%,178,1.4,97%,21,30
ALL HOME TYPES,7,2022,Halton Hills,57,"$68,006,100 ","$1,193,089 ","$1,036,900 ",136,58.70%,182,1.1,96%,18,29
ALL HOME TYPES,7,2022,Halton Region,510,"$639,263,387 ","$1,253,458 ","$1,067,500 ","1,167",60.90%,"1,474",1,97%,21,30
ALL HOME TYPES,7,2022,Innisfil,42,"$40,752,000 ","$970,286 ","$813,000 ",163,49.70%,256,1.7,96%,24,39
ALL HOME TYPES,7,2022,King,20,"$33,280,911 ","$1,664,046 ","$1,717,500 ",70,50.70%,121,2.5,96%,22,40
ALL HOME TYPES,7,2022,Markham,216,"$266,438,544 ","$1,233,512 ","$1,154,000 ",410,60.40%,513,1.2,101%,19,29
ALL HOME TYPES,7,2022,Milton,114,"$123,372,395 ","$1,082,214 ","$999,950 ",265,58.70%,292,0.9,98%,18,29
ALL HOME TYPES,7,2022,Mississauga,440,"$470,273,751 ","$1,068,804 ","$920,000 ","1,159",61.10%,"1,478",1.1,97%,20,32
ALL HOME TYPES,7,2022,New Tecumseth,40,"$34,208,000 ","$855,200 ","$827,500 ",152,54.00%,198,1.4,97%,18,35
ALL HOME TYPES,7,2022,Newmarket,68,"$76,613,288 ","$1,126,666 ","$1,081,000 ",146,63.50%,162,0.9,98%,17,28
ALL HOME TYPES,7,2022,Oakville,162,"$246,926,400 ","$1,524,237 ","$1,247,500 ",386,60.20%,543,1.2,97%,22,28
ALL HOME TYPES,7,2022,Orangeville,25,"$22,189,800 ","$887,592 ","$872,000 ",75,63.10%,120,1,97%,24,32
ALL HOME TYPES,7,2022,Oshawa,207,"$158,362,990 ","$765,039 ","$740,000 ",400,64.60%,348,0.8,103%,15,25
ALL HOME TYPES,7,2022,Peel Region,886,"$945,338,289 ","$1,066,973 ","$960,000 ","2,443",59.10%,"3,035",1.1,97%,18,30
ALL HOME TYPES,7,2022,Pickering,89,"$93,522,693 ","$1,050,817 ","$950,000 ",191,61.90%,214,0.9,99%,16,24
ALL HOME TYPES,7,2022,Richmond Hill,146,"$210,686,101 ","$1,443,055 ","$1,312,500 ",343,56.20%,525,1.5,99%,22,33
ALL HOME TYPES,7,2022,Scugog,21,"$20,777,000 ","$989,381 ","$950,000 ",44,63.90%,64,1.2,99%,18,26
ALL HOME TYPES,7,2022,Simcoe County,138,"$127,977,000 ","$927,370 ","$850,000 ",486,51.90%,702,1.5,96%,23,37
ALL HOME TYPES,7,2022,Stouffville,42,"$52,766,220 ","$1,256,339 ","$1,091,750 ",122,53.80%,168,1.6,96%,19,32
ALL HOME TYPES,7,2022,Toronto C01,276,"$243,230,081 ","$881,268 ","$757,500 ",671,57.40%,993,1.6,99%,21,29
ALL HOME TYPES,7,2022,Toronto C02,46,"$75,129,433 ","$1,633,249 ","$1,330,000 ",112,53.90%,184,2.2,96%,22,28
ALL HOME TYPES,7,2022,Toronto C03,25,"$37,297,388 ","$1,491,896 ","$999,000 ",73,54.50%,120,1.8,99%,20,30
ALL HOME TYPES,7,2022,Toronto C04,35,"$61,970,500 ","$1,770,586 ","$1,700,000 ",97,59.00%,125,1.4,98%,17,23
ALL HOME TYPES,7,2022,Toronto C06,18,"$15,987,500 ","$888,194 ","$728,500 ",50,55.80%,70,1.5,98%,25,31
ALL HOME TYPES,7,2022,Toronto C07,52,"$59,944,450 ","$1,152,778 ","$848,000 ",144,57.30%,199,1.6,97%,26,40
ALL HOME TYPES,7,2022,Toronto C08,154,"$124,316,837 ","$807,252 ","$709,500 ",343,53.80%,497,1.8,99%,22,32
ALL HOME TYPES,7,2022,Toronto C09,16,"$32,246,000 ","$2,015,375 ","$1,462,500 ",29,64.90%,45,1.7,96%,36,46
ALL HOME TYPES,7,2022,Toronto C10,55,"$53,578,700 ","$974,158 ","$755,000 ",104,59.10%,153,1.5,96%,20,32
ALL HOME TYPES,7,2022,Toronto C11,13,"$13,988,988 ","$1,076,076 ","$805,000 ",50,64.00%,75,1.1,101%,19,24
ALL HOME TYPES,7,2022,Toronto C12,5,"$9,310,100 ","$1,862,020 ","$1,230,000 ",36,44.10%,104,3.9,97%,15,23
ALL HOME TYPES,7,2022,Toronto C13,54,"$61,407,990 ","$1,137,185 ","$909,000 ",104,60.10%,132,1.5,99%,20,28
ALL HOME TYPES,7,2022,Toronto C14,61,"$59,845,921 ","$981,081 ","$772,000 ",161,57.70%,244,1.6,98%,26,38
ALL HOME TYPES,7,2022,Toronto C15,84,"$80,672,111 ","$960,382 ","$839,000 ",195,60.90%,282,1.5,100%,24,30
ALL HOME TYPES,7,2022,Toronto Central,894,"$928,925,999 ","$1,039,067 ","$805,000 ","2,169",57.10%,"3,223",1.7,98%,22,31
ALL HOME TYPES,7,2022,Toronto E01,41,"$54,458,448 ","$1,328,255 ","$1,300,000 ",102,64.00%,86,0.8,104%,13,20
ALL HOME TYPES,7,2022,Toronto E02,49,"$70,974,224 ","$1,448,454 ","$1,300,000 ",83,64.90%,66,0.8,101%,12,24
ALL HOME TYPES,7,2022,Toronto E03,46,"$50,827,500 ","$1,104,946 ","$1,056,000 ",116,61.40%,113,1.1,107%,12,23
ALL HOME TYPES,7,2022,Toronto E04,59,"$55,185,888 ","$935,354 ","$961,000 ",117,65.40%,127,0.9,101%,14,21
ALL HOME TYPES,7,2022,Toronto E05,48,"$40,936,588 ","$852,846 ","$813,500 ",103,68.40%,106,1,101%,17,23
ALL HOME TYPES,7,2022,Toronto E06,16,"$20,906,107 ","$1,306,632 ","$1,287,554 ",56,55.70%,69,1.3,104%,12,17
ALL HOME TYPES,7,2022,Toronto E07,36,"$28,361,888 ","$787,830 ","$750,000 ",101,63.50%,124,1,100%,16,26
ALL HOME TYPES,7,2022,Toronto E08,37,"$35,338,601 ","$955,097 ","$880,000 ",99,62.80%,114,1.1,97%,19,25
ALL HOME TYPES,7,2022,Toronto E09,57,"$48,625,573 ","$853,080 ","$830,000 ",135,63.20%,142,0.9,99%,20,29
ALL HOME TYPES,7,2022,Toronto E10,42,"$41,252,177 ","$982,195 ","$972,500 ",90,64.90%,88,0.9,102%,13,23
ALL HOME TYPES,7,2022,Toronto E11,39,"$29,807,250 ","$764,288 ","$710,000 ",95,65.10%,113,1,102%,19,26
ALL HOME TYPES,7,2022,Toronto East,470,"$476,674,244 ","$1,014,201 ","$850,000 ","1,097",63.90%,"1,148",1,102%,15,24
ALL HOME TYPES,7,2022,Toronto W01,28,"$32,532,500 ","$1,161,875 ","$955,000 ",65,61.40%,78,1.2,100%,19,30
ALL HOME TYPES,7,2022,Toronto W02,57,"$68,924,889 ","$1,209,209 ","$1,183,000 ",101,62.50%,118,1,99%,14,23
ALL HOME TYPES,7,2022,Toronto W03,33,"$29,425,000 ","$891,667 ","$855,000 ",86,59.80%,114,1.3,100%,17,29
ALL HOME TYPES,7,2022,Toronto W04,41,"$35,224,000 ","$859,122 ","$790,000 ",124,58.30%,171,1.5,98%,24,38
ALL HOME TYPES,7,2022,Toronto W05,58,"$50,794,600 ","$875,769 ","$886,500 ",176,61.80%,237,1.4,98%,25,33
ALL HOME TYPES,7,2022,Toronto W06,75,"$65,034,124 ","$867,122 ","$799,000 ",180,57.10%,265,1.6,98%,20,30
ALL HOME TYPES,7,2022,Toronto W07,17,"$32,203,488 ","$1,894,323 ","$1,950,000 ",30,69.70%,28,0.9,98%,15,22
ALL HOME TYPES,7,2022,Toronto W08,107,"$104,185,067 ","$973,692 ","$748,000 ",221,63.70%,279,1.1,98%,19,31
ALL HOME TYPES,7,2022,Toronto W09,26,"$21,143,497 ","$813,211 ","$725,000 ",65,61.20%,88,1.3,100%,20,30
ALL HOME TYPES,7,2022,Toronto W10,27,"$22,942,000 ","$849,704 ","$919,000 ",78,61.50%,127,1.2,95%,24,36
ALL HOME TYPES,7,2022,Toronto West,469,"$462,409,165 ","$985,947 ","$880,000 ","1,126",61.00%,"1,505",1.3,98%,20,31
ALL HOME TYPES,7,2022,Uxbridge,16,"$18,772,800 ","$1,173,300 ","$1,062,500 ",46,64.50%,50,1.1,96%,16,24
ALL HOME TYPES,7,2022,Vaughan,197,"$253,314,406 ","$1,285,860 ","$1,175,000 ",599,55.60%,812,1.4,97%,20,31
ALL HOME TYPES,7,2022,Whitby,120,"$120,864,962 ","$1,007,208 ","$955,000 ",292,63.00%,222,0.7,102%,13,22
ALL HOME TYPES,7,2022,York Region,820,"$1,045,426,983 ","$1,274,911 ","$1,168,500 ","2,022",57.30%,"2,774",1.4,98%,20,31
ALL HOME TYPES,8,2022,Adjala-Tosorontio,10,"$12,930,900 ","$1,293,090 ","$1,117,500 ",26,46.10%,54,2.5,95%,44,57
ALL HOME TYPES,8,2022,Ajax,104,"$101,907,457 ","$979,879 ","$930,000 ",170,61.30%,134,0.8,102%,16,24
ALL HOME TYPES,8,2022,All TRREB Areas,"5,627","$6,074,349,229 ","$1,079,500 ","$930,000 ","10,537",57.60%,"13,305",1.3,98%,22,34
ALL HOME TYPES,8,2022,Aurora,82,"$97,677,880 ","$1,191,194 ","$1,071,000 ",106,55.20%,125,1.4,97%,23,35
ALL HOME TYPES,8,2022,Bradford,34,"$37,043,300 ","$1,089,509 ","$1,037,500 ",92,48.30%,104,1.5,95%,24,38
ALL HOME TYPES,8,2022,Brampton,508,"$517,468,365 ","$1,018,639 ","$959,000 ",896,55.80%,"1,037",1.1,97%,21,35
ALL HOME TYPES,8,2022,Brock,14,"$10,473,000 ","$748,071 ","$705,000 ",36,51.60%,55,1.9,96%,28,31
ALL HOME TYPES,8,2022,Burlington,211,"$225,771,014 ","$1,070,005 ","$965,000 ",384,62.20%,442,1.1,96%,24,36
ALL HOME TYPES,8,2022,Caledon,63,"$82,624,999 ","$1,311,508 ","$1,040,000 ",174,48.40%,260,1.9,95%,26,40
ALL HOME TYPES,8,2022,City of Toronto,"1,892","$1,952,505,116 ","$1,031,979 ","$820,000 ","3,785",58.20%,"5,135",1.5,98%,23,34
ALL HOME TYPES,8,2022,Clarington,153,"$141,302,300 ","$923,544 ","$840,000 ",241,63.40%,192,0.8,98%,17,27
ALL HOME TYPES,8,2022,Dufferin County,44,"$36,480,400 ","$829,100 ","$792,000 ",64,61.50%,90,1.1,99%,28,44
ALL HOME TYPES,8,2022,Durham Region,806,"$741,736,706 ","$920,269 ","$854,000 ","1,275",62.10%,"1,121",0.9,100%,17,26
ALL HOME TYPES,8,2022,East Gwillimbury,42,"$53,632,500 ","$1,276,964 ","$1,162,500 ",89,53.00%,105,1.6,99%,24,35
ALL HOME TYPES,8,2022,Essa,29,"$23,671,900 ","$816,272 ","$710,000 ",66,52.90%,79,1.5,97%,22,40
ALL HOME TYPES,8,2022,Georgina,65,"$56,026,883 ","$861,952 ","$840,000 ",118,53.00%,155,1.6,97%,22,40
ALL HOME TYPES,8,2022,Halton Hills,58,"$66,813,400 ","$1,151,955 ","$995,500 ",124,55.90%,153,1.3,96%,24,39
ALL HOME TYPES,8,2022,Halton Region,589,"$711,101,449 ","$1,207,303 ","$1,002,000 ","1,044",58.70%,"1,334",1.2,96%,25,37
ALL HOME TYPES,8,2022,Innisfil,53,"$46,807,950 ","$883,169 ","$791,000 ",157,45.50%,238,2,96%,24,45
ALL HOME TYPES,8,2022,King,24,"$51,949,831 ","$2,164,576 ","$1,825,000 ",79,46.60%,125,2.8,91%,23,54
ALL HOME TYPES,8,2022,Markham,270,"$343,825,604 ","$1,273,428 ","$1,215,500 ",409,59.30%,431,1.2,101%,21,29
ALL HOME TYPES,8,2022,Milton,153,"$153,384,673 ","$1,002,514 ","$960,000 ",197,57.00%,227,1,98%,21,34
ALL HOME TYPES,8,2022,Mississauga,487,"$524,544,046 ","$1,077,092 ","$975,000 ","1,047",58.50%,"1,349",1.2,97%,23,34
ALL HOME TYPES,8,2022,New Tecumseth,49,"$42,071,656 ","$858,605 ","$825,000 ",126,51.20%,189,1.6,96%,23,34
ALL HOME TYPES,8,2022,Newmarket,80,"$84,086,388 ","$1,051,080 ","$964,000 ",120,61.70%,126,1,97%,21,33
ALL HOME TYPES,8,2022,Oakville,167,"$265,132,362 ","$1,587,619 ","$1,237,120 ",339,57.80%,512,1.3,95%,28,42
ALL HOME TYPES,8,2022,Orangeville,44,"$36,480,400 ","$829,100 ","$792,000 ",64,61.50%,90,1.1,99%,28,44
ALL HOME TYPES,8,2022,Oshawa,237,"$188,835,097 ","$796,773 ","$745,000 ",358,63.10%,281,0.8,102%,16,25
ALL HOME TYPES,8,2022,Peel Region,"1,058","$1,124,637,410 ","$1,062,984 ","$970,000 ","2,117",56.60%,"2,646",1.2,97%,22,35
ALL HOME TYPES,8,2022,Pickering,95,"$94,050,750 ","$990,008 ","$895,000 ",170,60.30%,179,1,99%,17,27
ALL HOME TYPES,8,2022,Richmond Hill,187,"$255,702,650 ","$1,367,394 ","$1,300,000 ",310,54.80%,436,1.6,100%,26,42
ALL HOME TYPES,8,2022,Scugog,24,"$22,777,376 ","$949,057 ","$930,000 ",41,63.00%,59,1.3,100%,20,28
ALL HOME TYPES,8,2022,Simcoe County,175,"$162,525,706 ","$928,718 ","$835,000 ",467,48.70%,664,1.7,96%,25,40
ALL HOME TYPES,8,2022,Stouffville,53,"$71,117,997 ","$1,341,849 ","$1,288,888 ",111,52.40%,155,1.7,97%,21,38
ALL HOME TYPES,8,2022,Toronto C01,319,"$265,352,564 ","$831,826 ","$732,000 ",553,56.10%,810,1.7,98%,24,36
ALL HOME TYPES,8,2022,Toronto C02,47,"$58,116,800 ","$1,236,528 ","$939,000 ",97,53.80%,162,2.1,96%,24,40
ALL HOME TYPES,8,2022,Toronto C03,30,"$47,551,418 ","$1,585,047 ","$1,210,000 ",71,54.00%,109,1.8,97%,26,42
ALL HOME TYPES,8,2022,Toronto C04,39,"$86,350,818 ","$2,214,124 ","$2,188,000 ",84,57.50%,110,1.5,96%,19,34
ALL HOME TYPES,8,2022,Toronto C06,18,"$16,426,000 ","$912,556 ","$725,000 ",46,54.70%,65,1.6,97%,22,37
ALL HOME TYPES,8,2022,Toronto C07,68,"$74,789,500 ","$1,099,846 ","$751,000 ",121,56.20%,167,1.7,99%,26,38
ALL HOME TYPES,8,2022,Toronto C08,130,"$106,180,368 ","$816,772 ","$697,500 ",293,52.30%,431,1.9,98%,27,40
ALL HOME TYPES,8,2022,Toronto C09,11,"$18,959,000 ","$1,723,545 ","$1,360,000 ",22,62.60%,39,1.7,98%,23,35
ALL HOME TYPES,8,2022,Toronto C10,42,"$40,946,415 ","$974,915 ","$689,500 ",103,57.60%,141,1.6,100%,21,32
ALL HOME TYPES,8,2022,Toronto C11,23,"$27,617,410 ","$1,200,757 ","$778,000 ",57,61.70%,72,1.2,97%,18,27
ALL HOME TYPES,8,2022,Toronto C12,21,"$92,434,000 ","$4,401,619 ","$3,330,000 ",28,45.50%,72,3.8,89%,34,53
ALL HOME TYPES,8,2022,Toronto C13,49,"$51,261,106 ","$1,046,145 ","$715,000 ",66,60.20%,100,1.5,96%,23,38
ALL HOME TYPES,8,2022,Toronto C14,78,"$88,553,341 ","$1,135,299 ","$775,000 ",145,57.40%,199,1.7,97%,27,36
ALL HOME TYPES,8,2022,Toronto C15,103,"$102,099,629 ","$991,259 ","$815,000 ",179,60.10%,222,1.5,99%,23,34
ALL HOME TYPES,8,2022,Toronto Central,978,"$1,076,638,369 ","$1,100,857 ","$770,000 ","1,865",56.00%,"2,699",1.7,97%,24,37
ALL HOME TYPES,8,2022,Toronto E01,37,"$39,662,276 ","$1,071,953 ","$1,115,000 ",89,62.10%,86,0.9,102%,14,23
ALL HOME TYPES,8,2022,Toronto E02,26,"$33,373,638 ","$1,283,601 ","$1,143,900 ",68,61.80%,67,0.9,98%,19,26
ALL HOME TYPES,8,2022,Toronto E03,43,"$46,145,948 ","$1,073,162 ","$1,021,000 ",93,60.20%,102,1.1,101%,15,22
ALL HOME TYPES,8,2022,Toronto E04,64,"$53,598,499 ","$837,477 ","$846,000 ",114,63.80%,118,1,98%,17,23
ALL HOME TYPES,8,2022,Toronto E05,51,"$47,751,800 ","$936,310 ","$878,000 ",96,65.70%,100,1.1,103%,22,31
ALL HOME TYPES,8,2022,Toronto E06,22,"$21,312,890 ","$968,768 ","$899,000 ",46,55.30%,59,1.3,97%,24,37
ALL HOME TYPES,8,2022,Toronto E07,51,"$44,465,915 ","$871,881 ","$803,300 ",78,62.30%,97,1.1,101%,24,33
ALL HOME TYPES,8,2022,Toronto E08,44,"$44,756,800 ","$1,017,200 ","$941,050 ",92,61.60%,101,1.2,98%,20,31
ALL HOME TYPES,8,2022,Toronto E09,59,"$51,186,391 ","$867,566 ","$925,500 ",104,61.00%,116,1,101%,21,30
ALL HOME TYPES,8,2022,Toronto E10,36,"$37,549,528 ","$1,043,042 ","$995,250 ",72,62.20%,76,1,101%,13,21
ALL HOME TYPES,8,2022,Toronto E11,36,"$28,562,000 ","$793,389 ","$800,000 ",64,64.00%,89,1.1,97%,29,38
ALL HOME TYPES,8,2022,Toronto East,469,"$448,365,685 ","$956,004 ","$940,000 ",916,62.10%,"1,011",1,100%,20,28
ALL HOME TYPES,8,2022,Toronto W01,35,"$40,967,000 ","$1,170,486 ","$820,000 ",56,59.90%,68,1.3,99%,20,28
ALL HOME TYPES,8,2022,Toronto W02,30,"$31,431,200 ","$1,047,707 ","$950,000 ",68,61.10%,100,1.1,98%,19,31
ALL HOME TYPES,8,2022,Toronto W03,23,"$19,841,000 ","$862,652 ","$840,000 ",87,56.60%,112,1.5,99%,26,38
ALL HOME TYPES,8,2022,Toronto W04,48,"$44,529,196 ","$927,692 ","$847,500 ",104,58.00%,154,1.5,97%,22,42
ALL HOME TYPES,8,2022,Toronto W05,62,"$52,059,971 ","$839,677 ","$811,250 ",155,59.00%,242,1.5,99%,23,34
ALL HOME TYPES,8,2022,Toronto W06,71,"$64,244,400 ","$904,851 ","$815,000 ",164,55.00%,234,1.7,97%,25,38
ALL HOME TYPES,8,2022,Toronto W07,10,"$12,635,000 ","$1,263,500 ","$1,252,500 ",29,66.90%,34,0.9,99%,20,29
ALL HOME TYPES,8,2022,Toronto W08,99,"$104,314,150 ","$1,053,678 ","$747,000 ",192,61.10%,264,1.3,97%,24,33
ALL HOME TYPES,8,2022,Toronto W09,32,"$29,255,138 ","$914,223 ","$860,000 ",50,60.80%,76,1.4,98%,31,41
ALL HOME TYPES,8,2022,Toronto W10,35,"$28,224,007 ","$806,400 ","$830,000 ",99,58.00%,141,1.4,97%,26,40
ALL HOME TYPES,8,2022,Toronto West,445,"$427,501,062 ","$960,677 ","$842,500 ","1,004",58.90%,"1,425",1.4,98%,24,36
ALL HOME TYPES,8,2022,Uxbridge,22,"$29,482,900 ","$1,340,132 ","$1,218,500 ",33,64.00%,45,1.2,97%,19,24
ALL HOME TYPES,8,2022,Vaughan,260,"$331,342,709 ","$1,274,395 ","$1,203,000 ",443,54.10%,657,1.5,97%,23,37
ALL HOME TYPES,8,2022,Whitby,157,"$152,907,826 ","$973,935 ","$910,000 ",226,61.90%,176,0.8,100%,15,27
ALL HOME TYPES,8,2022,York Region,"1,063","$1,345,362,442 ","$1,265,628 ","$1,170,000 ","1,785",55.70%,"2,315",1.5,98%,23,36
ALL HOME TYPES,9,2022,Adjala-Tosorontio,11,"$15,940,000 ","$1,449,091 ","$1,400,000 ",22,45.80%,51,2.7,91%,41,50
ALL HOME TYPES,9,2022,Ajax,90,"$80,547,785 ","$894,975 ","$843,500 ",145,59.70%,124,0.9,101%,18,29
ALL HOME TYPES,9,2022,All TRREB Areas,"5,038","$5,475,107,809 ","$1,086,762 ","$945,000 ","11,237",55.80%,"13,534",1.4,98%,23,35
ALL HOME TYPES,9,2022,Aurora,68,"$83,659,125 ","$1,230,281 ","$1,104,000 ",124,54.80%,135,1.5,99%,20,30
ALL HOME TYPES,9,2022,Bradford,38,"$40,196,799 ","$1,057,811 ","$964,000 ",87,47.20%,109,1.7,97%,24,38
ALL HOME TYPES,9,2022,Brampton,405,"$407,966,163 ","$1,007,324 ","$945,000 ",809,53.50%,949,1.2,97%,22,36
ALL HOME TYPES,9,2022,Brock,18,"$16,613,569 ","$922,976 ","$837,500 ",34,50.70%,48,2.1,96%,35,48
ALL HOME TYPES,9,2022,Burlington,182,"$192,872,034 ","$1,059,736 ","$958,750 ",423,58.70%,501,1.2,96%,24,35
ALL HOME TYPES,9,2022,Caledon,65,"$88,252,137 ","$1,357,725 ","$1,175,000 ",156,46.00%,252,2.2,94%,29,44
ALL HOME TYPES,9,2022,City of Toronto,"1,744","$1,851,911,787 ","$1,061,876 ","$859,000 ","4,493",56.70%,"5,485",1.6,99%,22,34
ALL HOME TYPES,9,2022,Clarington,131,"$109,883,402 ","$838,805 ","$810,000 ",214,62.00%,182,0.9,99%,18,29
ALL HOME TYPES,9,2022,Dufferin County,44,"$35,453,898 ","$805,770 ","$785,000 ",58,61.30%,75,1.2,97%,34,45
ALL HOME TYPES,9,2022,Durham Region,662,"$605,747,544 ","$915,027 ","$849,950 ","1,194",60.50%,"1,090",1,99%,18,29
ALL HOME TYPES,9,2022,East Gwillimbury,40,"$54,516,388 ","$1,362,910 ","$1,230,000 ",89,50.10%,115,1.7,95%,22,36
ALL HOME TYPES,9,2022,Essa,23,"$18,438,399 ","$801,670 ","$820,000 ",63,50.50%,78,1.6,96%,28,56
ALL HOME TYPES,9,2022,Georgina,59,"$48,819,110 ","$827,443 ","$750,000 ",113,51.30%,139,1.7,97%,26,43
ALL HOME TYPES,9,2022,Halton Hills,62,"$70,665,400 ","$1,139,765 ","$1,012,500 ",141,53.90%,155,1.4,96%,27,49
ALL HOME TYPES,9,2022,Halton Region,557,"$686,114,160 ","$1,231,803 ","$1,060,000 ","1,204",56.40%,"1,401",1.3,96%,24,37
ALL HOME TYPES,9,2022,Innisfil,51,"$47,828,474 ","$937,813 ","$855,000 ",154,43.20%,247,2.2,96%,28,44
ALL HOME TYPES,9,2022,King,19,"$41,471,300 ","$2,182,700 ","$1,760,000 ",78,42.40%,132,3.2,92%,34,48
ALL HOME TYPES,9,2022,Markham,217,"$262,836,952 ","$1,211,230 ","$1,150,000 ",388,57.70%,434,1.3,101%,23,33
ALL HOME TYPES,9,2022,Milton,122,"$129,428,078 ","$1,060,886 ","$952,000 ",206,56.10%,213,1.1,96%,22,35
ALL HOME TYPES,9,2022,Mississauga,466,"$481,326,279 ","$1,032,889 ","$950,000 ","1,027",56.20%,"1,303",1.4,97%,25,38
ALL HOME TYPES,9,2022,New Tecumseth,45,"$40,435,800 ","$898,573 ","$813,800 ",122,48.40%,185,1.9,95%,39,59
ALL HOME TYPES,9,2022,Newmarket,75,"$85,252,901 ","$1,136,705 ","$1,089,000 ",139,60.70%,147,1.1,98%,19,23
ALL HOME TYPES,9,2022,Oakville,191,"$293,148,648 ","$1,534,810 ","$1,285,000 ",434,55.40%,532,1.5,96%,24,38
ALL HOME TYPES,9,2022,Orangeville,44,"$35,453,898 ","$805,770 ","$785,000 ",58,61.30%,75,1.2,97%,34,45
ALL HOME TYPES,9,2022,Oshawa,174,"$142,834,058 ","$820,885 ","$759,500 ",326,61.40%,284,0.9,101%,15,26
ALL HOME TYPES,9,2022,Peel Region,936,"$977,544,579 ","$1,044,385 ","$956,500 ","1,992",54.20%,"2,504",1.3,97%,24,37
ALL HOME TYPES,9,2022,Pickering,80,"$78,315,411 ","$978,943 ","$908,750 ",158,58.70%,160,1.1,99%,21,33
ALL HOME TYPES,9,2022,Richmond Hill,153,"$218,155,338 ","$1,425,852 ","$1,287,000 ",285,53.90%,409,1.7,99%,25,36
ALL HOME TYPES,9,2022,Scugog,26,"$28,382,850 ","$1,091,648 ","$915,000 ",38,63.00%,53,1.4,98%,26,33
ALL HOME TYPES,9,2022,Simcoe County,168,"$162,839,472 ","$969,283 ","$866,250 ",448,46.60%,670,1.9,96%,31,49
ALL HOME TYPES,9,2022,Stouffville,72,"$84,878,289 ","$1,178,865 ","$1,152,500 ",103,51.70%,131,1.8,98%,17,27
ALL HOME TYPES,9,2022,Toronto C01,250,"$222,461,684 ","$889,847 ","$747,900 ",672,54.80%,858,1.8,99%,25,38
ALL HOME TYPES,9,2022,Toronto C02,55,"$104,395,300 ","$1,898,096 ","$1,390,000 ",151,53.20%,193,2.2,95%,29,51
ALL HOME TYPES,9,2022,Toronto C03,28,"$41,753,072 ","$1,491,181 ","$1,272,500 ",90,51.80%,118,2,96%,19,28
ALL HOME TYPES,9,2022,Toronto C04,51,"$111,952,950 ","$2,195,156 ","$1,945,000 ",120,58.20%,117,1.5,98%,16,28
ALL HOME TYPES,9,2022,Toronto C06,23,"$31,196,518 ","$1,356,370 ","$1,388,000 ",55,54.00%,70,1.6,97%,19,34
ALL HOME TYPES,9,2022,Toronto C07,43,"$47,502,000 ","$1,104,698 ","$900,000 ",123,55.90%,176,1.7,97%,26,39
ALL HOME TYPES,9,2022,Toronto C08,122,"$98,429,067 ","$806,796 ","$703,500 ",351,52.30%,460,1.9,98%,26,34
ALL HOME TYPES,9,2022,Toronto C09,10,"$19,589,668 ","$1,958,967 ","$1,173,834 ",43,62.60%,54,1.8,100%,19,24
ALL HOME TYPES,9,2022,Toronto C10,39,"$37,107,627 ","$951,478 ","$749,900 ",138,54.80%,160,1.7,100%,17,29
ALL HOME TYPES,9,2022,Toronto C11,24,"$27,614,928 ","$1,150,622 ","$650,000 ",67,60.30%,87,1.3,97%,28,34
ALL HOME TYPES,9,2022,Toronto C12,10,"$37,970,000 ","$3,797,000 ","$3,310,000 ",58,44.30%,91,4,99%,27,36
ALL HOME TYPES,9,2022,Toronto C13,22,"$19,131,188 ","$869,599 ","$620,000 ",92,57.60%,114,1.6,97%,27,39
ALL HOME TYPES,9,2022,Toronto C14,56,"$63,333,126 ","$1,130,949 ","$736,000 ",151,55.70%,208,1.8,96%,28,36
ALL HOME TYPES,9,2022,Toronto C15,83,"$71,337,877 ","$859,492 ","$740,000 ",181,59.60%,218,1.6,100%,22,33
ALL HOME TYPES,9,2022,Toronto Central,816,"$933,775,005 ","$1,144,332 ","$785,000 ","2,292",55.10%,"2,924",1.8,98%,24,36
ALL HOME TYPES,9,2022,Toronto E01,57,"$70,583,990 ","$1,238,316 ","$1,200,296 ",101,62.10%,94,0.9,103%,15,20
ALL HOME TYPES,9,2022,Toronto E02,33,"$37,709,197 ","$1,142,703 ","$1,030,000 ",90,59.70%,84,1,100%,16,26
ALL HOME TYPES,9,2022,Toronto E03,62,"$75,379,400 ","$1,215,797 ","$1,167,000 ",131,59.30%,114,1.2,102%,15,28
ALL HOME TYPES,9,2022,Toronto E04,52,"$41,130,607 ","$790,973 ","$812,500 ",99,62.20%,109,1.1,99%,20,27
ALL HOME TYPES,9,2022,Toronto E05,43,"$37,753,576 ","$877,990 ","$772,000 ",81,63.70%,92,1.2,103%,27,38
ALL HOME TYPES,9,2022,Toronto E06,27,"$26,900,490 ","$996,314 ","$913,000 ",63,52.90%,63,1.4,99%,15,41
ALL HOME TYPES,9,2022,Toronto E07,37,"$33,316,887 ","$900,456 ","$897,000 ",78,59.70%,96,1.2,103%,21,29
ALL HOME TYPES,9,2022,Toronto E08,33,"$34,761,070 ","$1,053,366 ","$925,000 ",81,58.50%,117,1.4,97%,20,23
ALL HOME TYPES,9,2022,Toronto E09,57,"$46,839,688 ","$821,749 ","$830,000 ",103,59.10%,99,1.1,102%,17,27
ALL HOME TYPES,9,2022,Toronto E10,31,"$29,357,900 ","$947,029 ","$925,000 ",76,59.20%,79,1.1,97%,20,36
ALL HOME TYPES,9,2022,Toronto E11,30,"$24,258,000 ","$808,600 ","$782,500 ",74,60.10%,84,1.2,99%,25,38
ALL HOME TYPES,9,2022,Toronto East,462,"$457,990,805 ","$991,322 ","$942,500 ",977,60.00%,"1,031",1.1,101%,19,29
ALL HOME TYPES,9,2022,Toronto W01,27,"$36,655,936 ","$1,357,627 ","$999,000 ",85,58.00%,83,1.4,98%,18,32
ALL HOME TYPES,9,2022,Toronto W02,45,"$55,307,015 ","$1,229,045 ","$1,181,683 ",115,59.60%,110,1.2,99%,22,36
ALL HOME TYPES,9,2022,Toronto W03,39,"$34,961,837 ","$896,457 ","$860,000 ",87,55.00%,103,1.6,99%,22,39
ALL HOME TYPES,9,2022,Toronto W04,48,"$42,411,600 ","$883,575 ","$810,000 ",107,58.10%,158,1.6,98%,29,41
ALL HOME TYPES,9,2022,Toronto W05,68,"$53,742,799 ","$790,335 ","$784,500 ",136,57.40%,223,1.7,98%,29,41
ALL HOME TYPES,9,2022,Toronto W06,75,"$66,349,450 ","$884,659 ","$845,000 ",208,53.50%,264,1.8,98%,18,34
ALL HOME TYPES,9,2022,Toronto W07,18,"$23,446,000 ","$1,302,556 ","$1,200,000 ",44,63.20%,48,1.1,98%,21,28
ALL HOME TYPES,9,2022,Toronto W08,88,"$95,620,829 ","$1,086,600 ","$940,000 ",266,58.60%,307,1.4,99%,23,34
ALL HOME TYPES,9,2022,Toronto W09,21,"$20,609,000 ","$981,381 ","$1,068,000 ",73,58.30%,90,1.5,98%,18,23
ALL HOME TYPES,9,2022,Toronto W10,37,"$31,041,511 ","$838,960 ","$905,000 ",103,55.20%,144,1.5,96%,24,35
ALL HOME TYPES,9,2022,Toronto West,466,"$460,145,977 ","$987,438 ","$900,000 ","1,224",57.10%,"1,530",1.5,98%,23,35
ALL HOME TYPES,9,2022,Uxbridge,22,"$26,161,000 ","$1,189,136 ","$1,001,000 ",44,63.30%,49,1.3,95%,25,41
ALL HOME TYPES,9,2022,Vaughan,224,"$275,906,966 ","$1,231,728 ","$1,200,000 ",529,51.90%,667,1.7,98%,26,40
ALL HOME TYPES,9,2022,Whitby,121,"$123,009,469 ","$1,016,607 ","$950,000 ",235,60.10%,190,0.8,99%,14,24
ALL HOME TYPES,9,2022,York Region,927,"$1,155,496,369 ","$1,246,490 ","$1,165,000 ","1,848",54.10%,"2,309",1.6,98%,23,35
ALL HOME TYPES,10,2022,Adjala-Tosorontio,10,"$10,146,000 ","$1,014,600 ","$1,027,500 ",32,43.40%,53,3,96%,35,41
ALL HOME TYPES,10,2022,Ajax,80,"$77,501,387 ","$968,767 ","$885,000 ",167,57.00%,139,1,102%,16,23
ALL HOME TYPES,10,2022,All TRREB Areas,"4,961","$5,404,650,873 ","$1,089,428 ","$940,500 ","10,390",53.20%,"13,023",1.6,98%,21,33
ALL HOME TYPES,10,2022,Aurora,61,"$83,168,107 ","$1,363,412 ","$1,302,000 ",92,53.10%,114,1.6,98%,22,42
ALL HOME TYPES,10,2022,Bradford,39,"$40,668,900 ","$1,042,792 ","$990,000 ",77,45.20%,95,1.8,96%,22,33
ALL HOME TYPES,10,2022,Brampton,404,"$405,318,345 ","$1,003,263 ","$948,750 ",821,50.80%,887,1.4,97%,20,34
ALL HOME TYPES,10,2022,Brock,15,"$12,084,800 ","$805,653 ","$780,000 ",32,48.00%,41,2.3,97%,22,33
ALL HOME TYPES,10,2022,Burlington,163,"$184,197,866 ","$1,130,048 ","$985,000 ",331,56.20%,486,1.4,95%,29,43
ALL HOME TYPES,10,2022,Caledon,52,"$88,918,703 ","$1,709,975 ","$1,319,000 ",149,43.20%,229,2.5,90%,30,48
ALL HOME TYPES,10,2022,City of Toronto,"1,894","$2,070,325,706 ","$1,093,097 ","$887,500 ","4,101",54.40%,"5,366",1.7,98%,21,33
ALL HOME TYPES,10,2022,Clarington,114,"$95,230,949 ","$835,359 ","$810,250 ",226,59.40%,207,1,99%,18,28
ALL HOME TYPES,10,2022,Dufferin County,26,"$20,374,000 ","$783,615 ","$757,500 ",48,58.60%,71,1.3,97%,33,50
ALL HOME TYPES,10,2022,Durham Region,632,"$564,801,438 ","$893,673 ","$843,500 ","1,183",58.10%,"1,093",1.1,100%,16,26
ALL HOME TYPES,10,2022,East Gwillimbury,25,"$32,303,800 ","$1,292,152 ","$1,335,000 ",70,47.00%,108,2,95%,25,42
ALL HOME TYPES,10,2022,Essa,25,"$19,109,900 ","$764,396 ","$704,000 ",47,47.70%,62,1.9,97%,28,53
ALL HOME TYPES,10,2022,Georgina,45,"$40,482,399 ","$899,609 ","$815,000 ",112,48.10%,145,1.9,96%,24,34
ALL HOME TYPES,10,2022,Halton Hills,50,"$48,301,540 ","$966,031 ","$905,000 ",123,50.30%,146,1.6,97%,20,37
ALL HOME TYPES,10,2022,Halton Region,476,"$582,237,908 ","$1,223,189 ","$1,086,000 ","1,027",53.70%,"1,374",1.5,96%,24,37
ALL HOME TYPES,10,2022,Innisfil,53,"$45,485,000 ","$858,208 ","$807,000 ",142,40.10%,228,2.6,95%,33,45
ALL HOME TYPES,10,2022,King,24,"$42,220,500 ","$1,759,188 ","$1,417,500 ",61,39.00%,126,3.6,94%,32,67
ALL HOME TYPES,10,2022,Markham,245,"$314,227,530 ","$1,282,561 ","$1,235,000 ",404,55.30%,404,1.4,103%,18,26
ALL HOME TYPES,10,2022,Milton,91,"$93,891,080 ","$1,031,770 ","$1,000,000 ",188,53.80%,219,1.2,98%,20,32
ALL HOME TYPES,10,2022,Mississauga,446,"$440,360,835 ","$987,356 ","$900,000 ",938,52.90%,"1,191",1.5,97%,23,37
ALL HOME TYPES,10,2022,New Tecumseth,50,"$42,051,090 ","$841,022 ","$794,500 ",88,46.20%,150,2.1,96%,35,53
ALL HOME TYPES,10,2022,Newmarket,81,"$91,122,903 ","$1,124,974 ","$1,080,000 ",143,57.60%,140,1.2,99%,19,27
ALL HOME TYPES,10,2022,Oakville,172,"$255,847,422 ","$1,487,485 ","$1,321,500 ",385,52.40%,523,1.7,96%,23,34
ALL HOME TYPES,10,2022,Orangeville,26,"$20,374,000 ","$783,615 ","$757,500 ",48,58.60%,71,1.3,97%,33,50
ALL HOME TYPES,10,2022,Oshawa,192,"$150,187,531 ","$782,227 ","$745,000 ",320,59.40%,271,1,102%,14,24
ALL HOME TYPES,10,2022,Peel Region,902,"$934,597,883 ","$1,036,140 ","$943,500 ","1,908",51.30%,"2,307",1.5,97%,22,36
ALL HOME TYPES,10,2022,Pickering,81,"$79,506,601 ","$981,563 ","$891,000 ",142,56.10%,149,1.2,99%,16,25
ALL HOME TYPES,10,2022,Richmond Hill,138,"$181,780,084 ","$1,317,247 ","$1,237,000 ",309,51.10%,404,1.9,99%,21,33
ALL HOME TYPES,10,2022,Scugog,14,"$13,419,000 ","$958,500 ","$867,500 ",38,59.50%,60,1.6,98%,25,34
ALL HOME TYPES,10,2022,Simcoe County,177,"$157,460,890 ","$889,610 ","$835,000 ",386,44.00%,588,2.2,96%,30,45
ALL HOME TYPES,10,2022,Stouffville,48,"$55,523,688 ","$1,156,744 ","$1,070,000 ",95,48.70%,143,2,98%,23,32
ALL HOME TYPES,10,2022,Toronto C01,218,"$205,910,465 ","$944,543 ","$767,000 ",620,52.60%,906,1.9,98%,21,34
ALL HOME TYPES,10,2022,Toronto C02,51,"$86,140,818 ","$1,689,036 ","$1,418,000 ",133,49.70%,199,2.4,96%,19,29
ALL HOME TYPES,10,2022,Toronto C03,45,"$65,365,799 ","$1,452,573 ","$1,088,500 ",91,50.00%,106,2.1,96%,18,22
ALL HOME TYPES,10,2022,Toronto C04,47,"$110,843,000 ","$2,358,362 ","$2,000,000 ",106,54.40%,123,1.6,97%,22,27
ALL HOME TYPES,10,2022,Toronto C06,14,"$10,083,000 ","$720,214 ","$632,500 ",50,50.60%,80,1.8,97%,24,26
ALL HOME TYPES,10,2022,Toronto C07,60,"$61,071,871 ","$1,017,865 ","$782,000 ",110,52.70%,159,1.9,97%,25,35
ALL HOME TYPES,10,2022,Toronto C08,119,"$96,741,165 ","$812,951 ","$673,000 ",349,50.70%,473,2.1,97%,26,37
ALL HOME TYPES,10,2022,Toronto C09,22,"$51,139,500 ","$2,324,523 ","$1,705,500 ",42,60.40%,56,1.9,97%,19,30
ALL HOME TYPES,10,2022,Toronto C10,51,"$44,412,500 ","$870,833 ","$735,000 ",105,53.20%,159,1.8,97%,21,32
ALL HOME TYPES,10,2022,Toronto C11,35,"$45,216,121 ","$1,291,889 ","$622,000 ",73,55.80%,87,1.5,97%,19,29
ALL HOME TYPES,10,2022,Toronto C12,11,"$53,419,000 ","$4,856,273 ","$4,089,000 ",46,41.50%,101,4.4,93%,26,34
ALL HOME TYPES,10,2022,Toronto C13,52,"$67,406,199 ","$1,296,273 ","$940,000 ",91,56.20%,108,1.7,97%,20,35
ALL HOME TYPES,10,2022,Toronto C14,61,"$60,035,776 ","$984,193 ","$735,000 ",141,53.10%,202,1.9,98%,21,32
ALL HOME TYPES,10,2022,Toronto C15,86,"$74,897,588 ","$870,902 ","$720,000 ",177,57.40%,215,1.7,100%,26,45
ALL HOME TYPES,10,2022,Toronto Central,872,"$1,032,682,802 ","$1,184,269 ","$811,000 ","2,134",52.70%,"2,974",1.9,97%,22,34
ALL HOME TYPES,10,2022,Toronto E01,65,"$75,261,674 ","$1,157,872 ","$1,089,000 ",114,59.20%,85,1,103%,15,24
ALL HOME TYPES,10,2022,Toronto E02,47,"$64,250,741 ","$1,367,037 ","$1,250,000 ",78,59.20%,76,1.1,99%,21,34
ALL HOME TYPES,10,2022,Toronto E03,64,"$76,491,490 ","$1,195,180 ","$1,050,000 ",103,58.50%,97,1.2,103%,11,14
ALL HOME TYPES,10,2022,Toronto E04,60,"$52,393,200 ","$873,220 ","$901,500 ",100,60.40%,102,1.2,102%,19,27
ALL HOME TYPES,10,2022,Toronto E05,49,"$44,458,088 ","$907,308 ","$800,000 ",94,60.80%,89,1.3,103%,21,29
ALL HOME TYPES,10,2022,Toronto E06,31,"$31,391,025 ","$1,012,614 ","$952,757 ",45,53.20%,45,1.5,98%,29,39
ALL HOME TYPES,10,2022,Toronto E07,36,"$33,303,264 ","$925,091 ","$900,000 ",66,56.10%,91,1.4,107%,15,27
ALL HOME TYPES,10,2022,Toronto E08,35,"$32,516,921 ","$929,055 ","$956,000 ",74,55.80%,106,1.5,95%,15,24
ALL HOME TYPES,10,2022,Toronto E09,48,"$41,153,188 ","$857,358 ","$940,000 ",82,57.10%,90,1.2,100%,16,26
ALL HOME TYPES,10,2022,Toronto E10,44,"$49,814,096 ","$1,132,139 ","$1,117,500 ",66,57.90%,74,1.2,98%,16,33
ALL HOME TYPES,10,2022,Toronto E11,30,"$23,094,400 ","$769,813 ","$806,500 ",67,57.60%,74,1.3,100%,22,32
ALL HOME TYPES,10,2022,Toronto East,509,"$524,128,087 ","$1,029,721 ","$970,000 ",889,58.00%,929,1.2,101%,17,27
ALL HOME TYPES,10,2022,Toronto W01,37,"$49,672,157 ","$1,342,491 ","$1,112,000 ",89,55.90%,93,1.5,99%,18,29
ALL HOME TYPES,10,2022,Toronto W02,56,"$67,762,899 ","$1,210,052 ","$1,200,000 ",101,57.70%,113,1.3,100%,17,24
ALL HOME TYPES,10,2022,Toronto W03,45,"$40,778,393 ","$906,187 ","$860,000 ",82,53.20%,94,1.7,99%,22,40
ALL HOME TYPES,10,2022,Toronto W04,49,"$47,629,648 ","$972,034 ","$912,500 ",101,55.80%,135,1.7,96%,19,30
ALL HOME TYPES,10,2022,Toronto W05,65,"$50,686,300 ","$779,789 ","$805,000 ",141,54.20%,213,1.9,98%,32,47
ALL HOME TYPES,10,2022,Toronto W06,73,"$69,455,576 ","$951,446 ","$850,000 ",176,51.00%,258,2,98%,25,39
ALL HOME TYPES,10,2022,Toronto W07,18,"$19,983,388 ","$1,110,188 ","$1,183,944 ",48,59.60%,53,1.2,98%,19,20
ALL HOME TYPES,10,2022,Toronto W08,101,"$109,736,279 ","$1,086,498 ","$815,000 ",192,55.80%,284,1.5,99%,25,43
ALL HOME TYPES,10,2022,Toronto W09,31,"$30,206,892 ","$974,416 ","$977,000 ",58,56.70%,77,1.6,99%,28,39
ALL HOME TYPES,10,2022,Toronto W10,38,"$27,603,285 ","$726,402 ","$820,000 ",90,51.50%,143,1.8,98%,27,38
ALL HOME TYPES,10,2022,Toronto West,513,"$513,514,817 ","$1,001,004 ","$875,000 ","1,078",54.60%,"1,463",1.7,99%,24,37
ALL HOME TYPES,10,2022,Uxbridge,19,"$20,911,920 ","$1,100,627 ","$950,000 ",55,57.80%,64,1.5,99%,17,29
ALL HOME TYPES,10,2022,Vaughan,187,"$234,024,037 ","$1,251,465 ","$1,175,000 ",451,48.40%,640,1.9,97%,23,33
ALL HOME TYPES,10,2022,Whitby,117,"$115,959,250 ","$991,105 ","$960,000 ",203,58.00%,162,0.9,99%,15,25
ALL HOME TYPES,10,2022,York Region,854,"$1,074,853,048 ","$1,258,610 ","$1,178,500 ","1,737",51.10%,"2,224",1.7,99%,21,32
ALL HOME TYPES,11,2022,Adjala-Tosorontio,6,"$5,448,000 ","$908,000 ","$849,000 ",17,39.20%,46,3.7,96%,26,63
ALL HOME TYPES,11,2022,Ajax,76,"$72,012,514 ","$947,533 ","$920,500 ",126,55.00%,120,1.1,102%,14,24
ALL HOME TYPES,11,2022,All TRREB Areas,"4,544","$4,904,772,817 ","$1,079,395 ","$920,000 ","8,880",50.70%,"11,910",1.7,98%,22,33
ALL HOME TYPES,11,2022,Aurora,50,"$62,227,600 ","$1,244,552 ","$1,143,900 ",78,51.90%,99,1.7,97%,18,30
ALL HOME TYPES,11,2022,Bradford,41,"$39,018,448 ","$951,669 ","$981,000 ",59,44.00%,67,2,98%,22,32
ALL HOME TYPES,11,2022,Brampton,283,"$282,895,621 ","$999,631 ","$957,500 ",705,47.60%,872,1.6,98%,20,30
ALL HOME TYPES,11,2022,Brock,10,"$7,134,500 ","$713,450 ","$712,500 ",28,45.70%,36,2.4,95%,24,47
ALL HOME TYPES,11,2022,Burlington,135,"$130,266,793 ","$964,939 ","$870,000 ",253,54.20%,446,1.6,97%,28,40
ALL HOME TYPES,11,2022,Caledon,56,"$76,678,964 ","$1,369,267 ","$1,202,500 ",151,40.60%,224,2.7,96%,24,46
ALL HOME TYPES,11,2022,City of Toronto,"1,798","$1,889,316,028 ","$1,050,788 ","$851,000 ","3,562",51.90%,"4,931",1.9,98%,22,34
ALL HOME TYPES,11,2022,Clarington,108,"$92,813,086 ","$859,380 ","$800,000 ",209,56.90%,194,1.1,99%,19,27
ALL HOME TYPES,11,2022,Dufferin County,22,"$16,104,593 ","$732,027 ","$765,000 ",42,55.50%,64,1.5,96%,28,38
ALL HOME TYPES,11,2022,Durham Region,564,"$503,469,946 ","$892,677 ","$822,500 ","1,037",55.70%,"1,025",1.2,100%,17,26
ALL HOME TYPES,11,2022,East Gwillimbury,29,"$33,988,380 ","$1,172,013 ","$1,101,900 ",60,45.10%,100,2.2,96%,33,46
ALL HOME TYPES,11,2022,Essa,22,"$16,685,400 ","$758,427 ","$697,500 ",34,45.60%,51,2.1,96%,23,48
ALL HOME TYPES,11,2022,Georgina,45,"$34,470,901 ","$766,020 ","$748,000 ",87,46.60%,122,2,99%,20,28
ALL HOME TYPES,11,2022,Halton Hills,50,"$53,338,799 ","$1,066,776 ","$930,000 ",103,48.40%,136,1.8,95%,35,56
ALL HOME TYPES,11,2022,Halton Region,431,"$498,371,643 ","$1,156,315 ","$1,005,000 ",802,51.30%,"1,238",1.7,97%,26,39
ALL HOME TYPES,11,2022,Innisfil,37,"$32,912,530 ","$889,528 ","$815,000 ",128,37.00%,217,3,97%,25,38
ALL HOME TYPES,11,2022,King,23,"$57,424,500 ","$2,496,717 ","$2,360,000 ",44,37.80%,105,3.9,93%,35,49
ALL HOME TYPES,11,2022,Markham,208,"$279,577,520 ","$1,344,123 ","$1,305,400 ",373,52.80%,398,1.6,104%,18,26
ALL HOME TYPES,11,2022,Milton,91,"$98,119,812 ","$1,078,240 ","$978,000 ",156,51.50%,192,1.4,98%,19,29
ALL HOME TYPES,11,2022,Mississauga,409,"$418,125,746 ","$1,022,312 ","$915,000 ",737,50.50%,"1,035",1.7,97%,24,37
ALL HOME TYPES,11,2022,New Tecumseth,43,"$36,120,500 ","$840,012 ","$785,000 ",75,44.40%,127,2.3,95%,31,53
ALL HOME TYPES,11,2022,Newmarket,85,"$92,726,176 ","$1,090,896 ","$1,050,000 ",118,55.10%,111,1.3,99%,20,30
ALL HOME TYPES,11,2022,Oakville,155,"$216,646,239 ","$1,397,718 ","$1,250,000 ",290,49.60%,464,1.9,98%,25,39
ALL HOME TYPES,11,2022,Orangeville,22,"$16,104,593 ","$732,027 ","$765,000 ",42,55.50%,64,1.5,96%,28,38
ALL HOME TYPES,11,2022,Oshawa,161,"$127,011,211 ","$788,890 ","$740,000 ",267,56.70%,261,1.1,101%,17,22
ALL HOME TYPES,11,2022,Peel Region,748,"$777,700,331 ","$1,039,706 ","$956,250 ","1,593",48.40%,"2,131",1.7,97%,22,35
ALL HOME TYPES,11,2022,Pickering,74,"$71,241,723 ","$962,726 ","$852,950 ",148,54.00%,148,1.3,98%,17,29
ALL HOME TYPES,11,2022,Richmond Hill,144,"$186,551,706 ","$1,295,498 ","$1,249,000 ",286,48.00%,372,2.1,102%,22,33
ALL HOME TYPES,11,2022,Scugog,17,"$13,917,900 ","$818,700 ","$820,000 ",42,55.50%,54,1.8,99%,23,28
ALL HOME TYPES,11,2022,Simcoe County,149,"$130,184,878 ","$873,724 ","$835,000 ",313,41.70%,508,2.4,96%,26,43
ALL HOME TYPES,11,2022,Stouffville,51,"$74,800,899 ","$1,466,684 ","$1,220,000 ",77,47.60%,118,2.2,97%,22,31
ALL HOME TYPES,11,2022,Toronto C01,248,"$217,644,942 ","$877,601 ","$725,000 ",582,50.30%,876,2.1,98%,22,31
ALL HOME TYPES,11,2022,Toronto C02,40,"$70,033,680 ","$1,750,842 ","$1,465,000 ",139,46.40%,211,2.6,97%,24,39
ALL HOME TYPES,11,2022,Toronto C03,37,"$66,483,575 ","$1,796,853 ","$1,165,000 ",64,47.60%,89,2.3,95%,21,27
ALL HOME TYPES,11,2022,Toronto C04,45,"$83,999,888 ","$1,866,664 ","$1,735,000 ",108,50.50%,132,1.8,96%,16,31
ALL HOME TYPES,11,2022,Toronto C06,23,"$26,256,500 ","$1,141,587 ","$1,100,000 ",51,46.60%,73,2.1,99%,14,29
ALL HOME TYPES,11,2022,Toronto C07,55,"$54,572,500 ","$992,227 ","$743,000 ",107,49.60%,144,2.1,96%,24,35
ALL HOME TYPES,11,2022,Toronto C08,131,"$105,758,748 ","$807,319 ","$695,000 ",283,48.00%,428,2.2,98%,29,39
ALL HOME TYPES,11,2022,Toronto C09,23,"$41,848,926 ","$1,819,519 ","$1,025,000 ",32,59.60%,44,1.9,96%,21,24
ALL HOME TYPES,11,2022,Toronto C10,44,"$43,035,935 ","$978,089 ","$765,000 ",88,50.10%,126,2,99%,20,36
ALL HOME TYPES,11,2022,Toronto C11,19,"$19,928,857 ","$1,048,887 ","$685,000 ",51,52.50%,75,1.7,96%,34,56
ALL HOME TYPES,11,2022,Toronto C12,12,"$37,353,000 ","$3,112,750 ","$2,830,000 ",38,39.60%,102,4.7,94%,47,79
ALL HOME TYPES,11,2022,Toronto C13,38,"$33,289,300 ","$876,034 ","$738,500 ",72,54.30%,91,1.9,99%,18,32
ALL HOME TYPES,11,2022,Toronto C14,64,"$72,933,705 ","$1,139,589 ","$721,500 ",113,50.10%,179,2.1,98%,26,38
ALL HOME TYPES,11,2022,Toronto C15,100,"$110,350,745 ","$1,103,507 ","$865,000 ",157,55.50%,183,1.8,98%,22,37
ALL HOME TYPES,11,2022,Toronto Central,879,"$983,490,301 ","$1,118,874 ","$780,000 ","1,885",50.10%,"2,753",2.1,97%,23,35
ALL HOME TYPES,11,2022,Toronto E01,47,"$51,592,350 ","$1,097,710 ","$1,087,000 ",82,57.30%,76,1.1,102%,14,25
ALL HOME TYPES,11,2022,Toronto E02,40,"$56,404,836 ","$1,410,121 ","$1,277,500 ",64,57.10%,64,1.1,101%,17,29
ALL HOME TYPES,11,2022,Toronto E03,48,"$54,029,900 ","$1,125,623 ","$1,027,500 ",104,55.40%,104,1.3,102%,10,17
ALL HOME TYPES,11,2022,Toronto E04,57,"$49,989,276 ","$877,005 ","$870,000 ",90,58.20%,95,1.3,102%,16,26
ALL HOME TYPES,11,2022,Toronto E05,46,"$39,402,648 ","$856,579 ","$754,000 ",74,57.70%,76,1.4,103%,16,29
ALL HOME TYPES,11,2022,Toronto E06,23,"$23,598,708 ","$1,026,031 ","$840,000 ",40,52.20%,48,1.6,101%,24,26
ALL HOME TYPES,11,2022,Toronto E07,28,"$23,405,576 ","$835,913 ","$752,500 ",66,51.60%,90,1.7,101%,17,24
ALL HOME TYPES,11,2022,Toronto E08,44,"$39,273,100 ","$892,570 ","$895,000 ",60,55.00%,90,1.7,97%,21,24
ALL HOME TYPES,11,2022,Toronto E09,44,"$34,616,300 ","$786,734 ","$837,500 ",69,53.40%,86,1.4,102%,21,35
ALL HOME TYPES,11,2022,Toronto E10,33,"$35,168,200 ","$1,065,703 ","$981,000 ",55,56.60%,61,1.3,99%,14,25
ALL HOME TYPES,11,2022,Toronto E11,40,"$28,848,503 ","$721,213 ","$650,000 ",53,56.50%,52,1.4,100%,22,43
ALL HOME TYPES,11,2022,Toronto East,450,"$436,329,397 ","$969,621 ","$900,000 ",757,55.70%,842,1.4,101%,17,28
ALL HOME TYPES,11,2022,Toronto W01,45,"$64,118,076 ","$1,424,846 ","$1,275,000 ",60,55.20%,75,1.5,99%,21,35
ALL HOME TYPES,11,2022,Toronto W02,44,"$44,960,240 ","$1,021,824 ","$937,215 ",82,56.70%,96,1.4,98%,16,25
ALL HOME TYPES,11,2022,Toronto W03,33,"$30,826,077 ","$934,124 ","$895,000 ",68,50.60%,90,1.9,98%,27,42
ALL HOME TYPES,11,2022,Toronto W04,48,"$38,119,900 ","$794,165 ","$682,500 ",121,52.20%,154,1.9,97%,23,32
ALL HOME TYPES,11,2022,Toronto W05,62,"$51,132,526 ","$824,718 ","$865,000 ",123,52.10%,202,2.1,100%,22,39
ALL HOME TYPES,11,2022,Toronto W06,72,"$69,506,152 ","$965,363 ","$846,750 ",161,48.40%,228,2.2,96%,25,37
ALL HOME TYPES,11,2022,Toronto W07,20,"$26,082,000 ","$1,304,100 ","$1,342,500 ",24,59.10%,33,1.3,96%,16,26
ALL HOME TYPES,11,2022,Toronto W08,89,"$95,516,460 ","$1,073,219 ","$935,000 ",160,52.60%,260,1.8,96%,26,41
ALL HOME TYPES,11,2022,Toronto W09,20,"$20,178,500 ","$1,008,925 ","$996,000 ",39,53.80%,65,1.8,96%,27,45
ALL HOME TYPES,11,2022,Toronto W10,36,"$29,056,399 ","$807,122 ","$852,500 ",82,47.80%,133,2.1,97%,27,40
ALL HOME TYPES,11,2022,Toronto West,469,"$469,496,330 ","$1,001,058 ","$896,000 ",920,52.00%,"1,336",1.8,97%,23,37
ALL HOME TYPES,11,2022,Uxbridge,22,"$27,144,499 ","$1,233,841 ","$1,036,000 ",36,56.90%,51,1.5,97%,25,42
ALL HOME TYPES,11,2022,Vaughan,197,"$267,857,717 ","$1,359,684 ","$1,265,000 ",408,46.20%,588,2.1,98%,23,35
ALL HOME TYPES,11,2022,Whitby,96,"$92,194,513 ","$960,360 ","$917,000 ",181,55.60%,161,1,100%,13,24
ALL HOME TYPES,11,2022,York Region,832,"$1,089,625,399 ","$1,309,646 ","$1,215,000 ","1,531",48.90%,"2,013",1.9,100%,21,32
ALL HOME TYPES,12,2022,Adjala-Tosorontio,5,"$5,859,000 ","$1,171,800 ","$1,099,000 ",10,38.00%,33,4,92%,35,35
ALL HOME TYPES,12,2022,Ajax,63,"$56,034,177 ","$889,431 ","$848,000 ",59,54.20%,67,1.2,101%,20,37
ALL HOME TYPES,12,2022,All TRREB Areas,"3,117","$3,276,641,642 ","$1,051,216 ","$888,000 ","4,074",49.20%,"8,692",1.9,98%,27,40
ALL HOME TYPES,12,2022,Aurora,34,"$42,143,300 ","$1,239,509 ","$1,093,000 ",44,50.10%,71,1.8,99%,18,26
ALL HOME TYPES,12,2022,Bradford,20,"$22,049,500 ","$1,102,475 ","$1,012,500 ",26,41.70%,51,2.2,95%,32,41
ALL HOME TYPES,12,2022,Brampton,268,"$263,154,561 ","$981,920 ","$937,500 ",409,45.60%,677,1.7,97%,24,36
ALL HOME TYPES,12,2022,Brock,4,"$2,867,000 ","$716,750 ","$721,000 ",8,44.70%,34,2.6,97%,24,28
ALL HOME TYPES,12,2022,Burlington,103,"$110,213,701 ","$1,070,036 ","$905,000 ",130,53.10%,305,1.7,97%,31,46
ALL HOME TYPES,12,2022,Caledon,30,"$35,427,655 ","$1,180,922 ","$1,110,000 ",64,38.80%,177,3,96%,32,60
ALL HOME TYPES,12,2022,City of Toronto,"1,162","$1,182,903,527 ","$1,017,989 ","$810,000 ","1,510",50.10%,"3,594",2,97%,28,40
ALL HOME TYPES,12,2022,Clarington,73,"$55,226,840 ","$756,532 ","$745,000 ",78,55.90%,131,1.2,100%,22,38
ALL HOME TYPES,12,2022,Dufferin County,17,"$12,177,000 ","$716,294 ","$725,000 ",15,55.00%,46,1.6,96%,38,60
ALL HOME TYPES,12,2022,Durham Region,380,"$332,293,208 ","$874,456 ","$815,000 ",458,54.40%,723,1.3,100%,21,33
ALL HOME TYPES,12,2022,East Gwillimbury,27,"$36,532,000 ","$1,353,037 ","$1,320,000 ",30,44.60%,67,2.3,100%,28,47
ALL HOME TYPES,12,2022,Essa,12,"$10,575,000 ","$881,250 ","$712,500 ",17,45.10%,38,2.2,94%,16,40
ALL HOME TYPES,12,2022,Georgina,29,"$26,094,000 ","$899,793 ","$836,000 ",46,44.90%,97,2.2,98%,31,53
ALL HOME TYPES,12,2022,Halton Hills,38,"$41,502,400 ","$1,092,168 ","$979,000 ",44,48.20%,98,1.9,97%,31,43
ALL HOME TYPES,12,2022,Halton Region,305,"$362,444,047 ","$1,188,341 ","$1,030,000 ",384,50.30%,883,1.8,97%,32,45
ALL HOME TYPES,12,2022,Innisfil,41,"$29,510,900 ","$719,778 ","$750,000 ",65,36.20%,175,3.2,95%,41,45
ALL HOME TYPES,12,2022,King,9,"$18,280,500 ","$2,031,167 ","$1,130,000 ",20,36.10%,75,4.2,95%,34,58
ALL HOME TYPES,12,2022,Markham,162,"$204,686,136 ","$1,263,495 ","$1,219,500 ",190,51.40%,297,1.7,105%,22,29
ALL HOME TYPES,12,2022,Milton,71,"$75,903,819 ","$1,069,068 ","$945,000 ",66,50.60%,124,1.5,98%,35,47
ALL HOME TYPES,12,2022,Mississauga,280,"$273,564,382 ","$977,016 ","$850,000 ",335,49.00%,727,1.9,96%,28,42
ALL HOME TYPES,12,2022,New Tecumseth,22,"$17,834,000 ","$810,636 ","$817,500 ",38,43.30%,101,2.5,94%,44,54
ALL HOME TYPES,12,2022,Newmarket,50,"$52,452,165 ","$1,049,043 ","$953,500 ",56,54.40%,88,1.4,99%,25,31
ALL HOME TYPES,12,2022,Oakville,93,"$134,824,127 ","$1,449,722 ","$1,400,000 ",144,48.20%,356,2,97%,31,43
ALL HOME TYPES,12,2022,Orangeville,17,"$12,177,000 ","$716,294 ","$725,000 ",15,55.00%,46,1.6,96%,38,60
ALL HOME TYPES,12,2022,Oshawa,98,"$75,912,882 ","$774,621 ","$764,750 ",159,55.00%,218,1.2,101%,18,30
ALL HOME TYPES,12,2022,Peel Region,578,"$572,146,598 ","$989,873 ","$910,000 ",808,46.70%,"1,581",1.9,97%,26,40
ALL HOME TYPES,12,2022,Pickering,51,"$50,798,661 ","$996,052 ","$960,000 ",52,52.80%,101,1.4,97%,21,31
ALL HOME TYPES,12,2022,Richmond Hill,101,"$132,823,800 ","$1,315,087 ","$1,245,000 ",126,46.20%,261,2.3,99%,26,35
ALL HOME TYPES,12,2022,Scugog,13,"$10,850,000 ","$834,615 ","$805,000 ",11,54.90%,33,1.9,93%,25,37
ALL HOME TYPES,12,2022,Simcoe County,100,"$85,828,400 ","$858,284 ","$810,000 ",156,40.50%,398,2.6,95%,36,45
ALL HOME TYPES,12,2022,Stouffville,25,"$30,671,388 ","$1,226,856 ","$1,170,000 ",32,46.50%,82,2.3,102%,21,34
ALL HOME TYPES,12,2022,Toronto C01,168,"$142,350,156 ","$847,322 ","$707,000 ",238,48.30%,676,2.3,98%,27,41
ALL HOME TYPES,12,2022,Toronto C02,28,"$55,726,900 ","$1,990,246 ","$1,297,500 ",44,44.10%,157,2.9,94%,28,34
ALL HOME TYPES,12,2022,Toronto C03,15,"$33,235,819 ","$2,215,721 ","$815,000 ",24,46.00%,63,2.4,93%,40,61
ALL HOME TYPES,12,2022,Toronto C04,29,"$51,529,943 ","$1,776,895 ","$1,850,000 ",28,49.90%,84,1.9,94%,32,51
ALL HOME TYPES,12,2022,Toronto C06,16,"$18,643,368 ","$1,165,211 ","$1,150,000 ",19,45.70%,43,2.2,98%,20,38
ALL HOME TYPES,12,2022,Toronto C07,35,"$44,326,300 ","$1,266,466 ","$775,000 ",56,47.60%,117,2.3,94%,32,39
ALL HOME TYPES,12,2022,Toronto C08,88,"$70,378,270 ","$799,753 ","$702,000 ",125,46.20%,330,2.4,98%,30,46
ALL HOME TYPES,12,2022,Toronto C09,6,"$18,432,000 ","$3,072,000 ","$2,402,500 ",3,56.10%,22,2.1,97%,26,28
ALL HOME TYPES,12,2022,Toronto C10,29,"$27,148,000 ","$936,138 ","$738,000 ",27,48.20%,85,2.2,98%,26,39
ALL HOME TYPES,12,2022,Toronto C11,14,"$10,698,776 ","$764,198 ","$575,000 ",17,49.70%,53,1.9,101%,33,49
ALL HOME TYPES,12,2022,Toronto C12,9,"$24,356,800 ","$2,706,311 ","$2,388,800 ",15,38.60%,86,4.9,98%,65,65
ALL HOME TYPES,12,2022,Toronto C13,27,"$32,387,499 ","$1,199,537 ","$725,000 ",33,52.00%,66,2,95%,28,41
ALL HOME TYPES,12,2022,Toronto C14,42,"$46,441,792 ","$1,105,757 ","$791,934 ",61,47.40%,144,2.3,96%,36,49
ALL HOME TYPES,12,2022,Toronto C15,54,"$54,907,716 ","$1,016,810 ","$814,333 ",92,52.70%,155,1.9,99%,21,28
ALL HOME TYPES,12,2022,Toronto Central,560,"$630,563,339 ","$1,126,006 ","$771,000 ",782,48.00%,"2,081",2.3,97%,29,42
ALL HOME TYPES,12,2022,Toronto E01,29,"$29,323,000 ","$1,011,138 ","$930,000 ",26,57.40%,44,1.1,98%,23,38
ALL HOME TYPES,12,2022,Toronto E02,17,"$17,337,400 ","$1,019,847 ","$1,000,000 ",13,56.60%,39,1.2,100%,21,28
ALL HOME TYPES,12,2022,Toronto E03,27,"$27,774,476 ","$1,028,684 ","$980,000 ",30,53.80%,64,1.4,100%,26,40
ALL HOME TYPES,12,2022,Toronto E04,40,"$30,689,750 ","$767,244 ","$789,500 ",42,56.60%,60,1.4,100%,24,30
ALL HOME TYPES,12,2022,Toronto E05,29,"$23,902,576 ","$824,227 ","$640,000 ",26,55.60%,57,1.5,99%,29,44
ALL HOME TYPES,12,2022,Toronto E06,15,"$13,229,833 ","$881,989 ","$853,000 ",15,51.50%,30,1.6,98%,24,36
ALL HOME TYPES,12,2022,Toronto E07,32,"$22,585,000 ","$705,781 ","$590,000 ",35,50.40%,59,1.8,100%,29,33
ALL HOME TYPES,12,2022,Toronto E08,24,"$25,105,388 ","$1,046,058 ","$842,500 ",29,53.20%,62,1.8,97%,31,40
ALL HOME TYPES,12,2022,Toronto E09,35,"$24,635,300 ","$703,866 ","$650,000 ",36,51.50%,62,1.5,101%,24,39
ALL HOME TYPES,12,2022,Toronto E10,22,"$19,316,000 ","$878,000 ","$884,500 ",17,55.30%,36,1.4,97%,29,36
ALL HOME TYPES,12,2022,Toronto E11,18,"$14,562,800 ","$809,044 ","$797,500 ",31,54.40%,50,1.5,100%,19,35
ALL HOME TYPES,12,2022,Toronto East,288,"$248,461,523 ","$862,714 ","$821,162 ",300,54.30%,563,1.5,99%,26,36
ALL HOME TYPES,12,2022,Toronto W01,16,"$22,615,900 ","$1,413,494 ","$1,280,000 ",21,54.50%,56,1.6,96%,32,45
ALL HOME TYPES,12,2022,Toronto W02,22,"$24,164,000 ","$1,098,364 ","$1,034,000 ",24,55.50%,54,1.4,96%,27,43
ALL HOME TYPES,12,2022,Toronto W03,24,"$21,780,900 ","$907,540 ","$875,500 ",31,48.20%,59,2,99%,30,37
ALL HOME TYPES,12,2022,Toronto W04,32,"$29,799,900 ","$931,247 ","$840,000 ",59,49.50%,123,2.1,98%,23,36
ALL HOME TYPES,12,2022,Toronto W05,36,"$28,618,500 ","$794,958 ","$842,500 ",49,49.70%,157,2.3,97%,24,39
ALL HOME TYPES,12,2022,Toronto W06,56,"$52,539,800 ","$938,211 ","$858,500 ",85,46.80%,167,2.3,97%,30,44
ALL HOME TYPES,12,2022,Toronto W07,7,"$7,933,000 ","$1,133,286 ","$1,175,000 ",9,57.50%,21,1.4,97%,25,33
ALL HOME TYPES,12,2022,Toronto W08,69,"$76,053,300 ","$1,102,222 ","$775,000 ",89,51.70%,178,1.9,97%,30,43
ALL HOME TYPES,12,2022,Toronto W09,11,"$10,317,895 ","$937,990 ","$1,015,000 ",22,51.50%,50,1.9,100%,21,24
ALL HOME TYPES,12,2022,Toronto W10,41,"$30,055,400 ","$733,059 ","$725,000 ",39,46.50%,85,2.3,95%,37,47
ALL HOME TYPES,12,2022,Toronto West,314,"$303,878,665 ","$967,766 ","$862,500 ",428,50.40%,950,2,97%,29,41
ALL HOME TYPES,12,2022,Uxbridge,12,"$11,965,000 ","$997,083 ","$924,500 ",11,55.30%,36,1.7,97%,26,39
ALL HOME TYPES,12,2022,Vaughan,138,"$185,165,574 ","$1,341,780 ","$1,136,500 ",199,44.60%,429,2.2,96%,29,47
ALL HOME TYPES,12,2022,Whitby,66,"$68,638,648 ","$1,039,980 ","$965,500 ",80,54.20%,103,1.1,100%,20,28
ALL HOME TYPES,12,2022,York Region,575,"$728,848,863 ","$1,267,563 ","$1,133,000 ",743,47.40%,"1,467",2,100%,25,37
ALL HOME TYPES,1,2023,Adjala-Tosorontio,7,"$8,380,000 ","$1,197,143 ","$1,240,000 ",14,35.90%,31,4.4,94%,56,73
ALL HOME TYPES,1,2023,Ajax,56,"$52,155,401 ","$931,346 ","$872,250 ",118,53.20%,83,1.2,101%,17,28
ALL HOME TYPES,1,2023,All TRREB Areas,"3,100","$3,219,870,216 ","$1,038,668 ","$900,000 ","7,688",47.60%,"9,299",2,98%,29,41
ALL HOME TYPES,1,2023,Aurora,32,"$47,944,500 ","$1,498,266 ","$1,304,500 ",72,49.50%,83,1.9,96%,22,29
ALL HOME TYPES,1,2023,Bradford,22,"$23,489,700 ","$1,067,714 ","$992,000 ",61,40.70%,62,2.3,94%,26,48
ALL HOME TYPES,1,2023,Brampton,286,"$286,577,107 ","$1,002,018 ","$930,000 ",590,44.20%,658,1.9,97%,24,39
ALL HOME TYPES,1,2023,Brock,6,"$3,472,000 ","$578,667 ","$535,000 ",26,41.90%,38,2.9,95%,42,42
ALL HOME TYPES,1,2023,Burlington,127,"$118,941,424 ","$936,547 ","$822,000 ",271,51.70%,332,1.8,96%,32,43
ALL HOME TYPES,1,2023,Caledon,28,"$44,284,000 ","$1,581,571 ","$1,168,750 ",135,36.90%,201,3.3,96%,31,50
ALL HOME TYPES,1,2023,City of Toronto,"1,108","$1,094,529,050 ","$987,842 ","$797,500 ","3,010",48.10%,"3,880",2.2,98%,31,44
ALL HOME TYPES,1,2023,Clarington,66,"$54,210,800 ","$821,376 ","$790,000 ",134,55.20%,142,1.2,98%,25,37
ALL HOME TYPES,1,2023,Dufferin County,21,"$17,442,109 ","$830,577 ","$815,000 ",36,53.50%,42,1.8,96%,39,53
ALL HOME TYPES,1,2023,Durham Region,394,"$349,418,577 ","$886,849 ","$839,000 ",863,53.20%,799,1.3,99%,21,31
ALL HOME TYPES,1,2023,East Gwillimbury,16,"$22,334,000 ","$1,395,875 ","$1,384,000 ",51,43.20%,66,2.5,95%,26,28
ALL HOME TYPES,1,2023,Essa,11,"$8,800,000 ","$800,000 ","$745,000 ",27,43.90%,38,2.3,96%,32,44
ALL HOME TYPES,1,2023,Georgina,33,"$25,676,500 ","$778,076 ","$700,000 ",77,44.20%,100,2.3,97%,37,48
ALL HOME TYPES,1,2023,Halton Hills,37,"$37,864,250 ","$1,023,358 ","$985,000 ",82,47.10%,104,2,97%,35,51
ALL HOME TYPES,1,2023,Halton Region,350,"$392,875,235 ","$1,122,501 ","$986,950 ",776,49.00%,937,1.9,96%,32,44
ALL HOME TYPES,1,2023,Innisfil,32,"$25,500,000 ","$796,875 ","$781,250 ",122,34.10%,197,3.5,96%,43,61
ALL HOME TYPES,1,2023,King,9,"$18,315,000 ","$2,035,000 ","$1,315,000 ",42,34.90%,87,4.4,96%,44,61
ALL HOME TYPES,1,2023,Markham,146,"$184,826,816 ","$1,265,937 ","$1,253,000 ",290,50.40%,309,1.8,104%,24,33
ALL HOME TYPES,1,2023,Milton,64,"$67,533,297 ","$1,055,208 ","$960,000 ",142,49.30%,143,1.6,100%,25,35
ALL HOME TYPES,1,2023,Mississauga,262,"$241,193,703 ","$920,587 ","$825,000 ",634,47.40%,747,2,97%,30,45
ALL HOME TYPES,1,2023,New Tecumseth,35,"$28,023,379 ","$800,668 ","$772,500 ",77,42.30%,105,2.6,97%,29,39
ALL HOME TYPES,1,2023,Newmarket,39,"$45,618,364 ","$1,169,702 ","$1,095,500 ",99,53.70%,103,1.5,99%,18,29
ALL HOME TYPES,1,2023,Oakville,122,"$168,536,264 ","$1,381,445 ","$1,153,500 ",281,47.10%,358,2.2,95%,36,48
ALL HOME TYPES,1,2023,Orangeville,21,"$17,442,109 ","$830,577 ","$815,000 ",36,53.50%,42,1.8,96%,39,53
ALL HOME TYPES,1,2023,Oshawa,111,"$86,050,831 ","$775,233 ","$761,000 ",248,53.70%,230,1.3,100%,20,27
ALL HOME TYPES,1,2023,Peel Region,576,"$572,054,810 ","$993,151 ","$906,500 ","1,359",45.20%,"1,606",2,97%,27,42
ALL HOME TYPES,1,2023,Pickering,56,"$52,652,251 ","$940,219 ","$885,000 ",124,51.40%,112,1.5,99%,25,35
ALL HOME TYPES,1,2023,Richmond Hill,111,"$144,271,974 ","$1,299,748 ","$1,150,000 ",268,44.60%,289,2.4,102%,24,38
ALL HOME TYPES,1,2023,Scugog,9,"$8,520,000 ","$946,667 ","$845,000 ",32,52.10%,36,2,100%,30,38
ALL HOME TYPES,1,2023,Simcoe County,107,"$94,193,079 ","$880,309 ","$827,000 ",301,39.10%,433,2.9,96%,35,50
ALL HOME TYPES,1,2023,Stouffville,25,"$33,647,000 ","$1,345,880 ","$1,390,000 ",62,45.70%,89,2.4,100%,41,56
ALL HOME TYPES,1,2023,Toronto C01,164,"$137,272,429 ","$837,027 ","$695,000 ",492,45.50%,712,2.5,99%,33,45
ALL HOME TYPES,1,2023,Toronto C02,28,"$46,973,930 ","$1,677,640 ","$1,300,000 ",116,42.70%,170,3,95%,37,50
ALL HOME TYPES,1,2023,Toronto C03,23,"$29,522,992 ","$1,283,608 ","$989,000 ",57,45.70%,66,2.5,99%,19,28
ALL HOME TYPES,1,2023,Toronto C04,34,"$60,259,888 ","$1,772,350 ","$1,619,000 ",69,49.80%,83,2,94%,40,50
ALL HOME TYPES,1,2023,Toronto C06,11,"$11,273,518 ","$1,024,865 ","$1,045,000 ",37,42.60%,49,2.5,96%,37,51
ALL HOME TYPES,1,2023,Toronto C07,40,"$41,739,100 ","$1,043,478 ","$784,500 ",101,45.40%,129,2.5,99%,25,39
ALL HOME TYPES,1,2023,Toronto C08,59,"$45,824,999 ","$776,695 ","$670,000 ",282,42.80%,384,2.7,98%,28,39
ALL HOME TYPES,1,2023,Toronto C09,7,"$17,953,500 ","$2,564,786 ","$2,080,000 ",17,56.00%,25,2.1,96%,46,46
ALL HOME TYPES,1,2023,Toronto C10,26,"$21,047,000 ","$809,500 ","$696,350 ",97,46.10%,116,2.3,101%,30,40
ALL HOME TYPES,1,2023,Toronto C11,20,"$22,203,500 ","$1,110,175 ","$593,750 ",34,49.40%,41,2,100%,30,55
ALL HOME TYPES,1,2023,Toronto C12,6,"$9,300,000 ","$1,550,000 ","$1,650,000 ",27,37.40%,83,5.3,91%,26,46
ALL HOME TYPES,1,2023,Toronto C13,24,"$23,639,400 ","$984,975 ","$707,500 ",62,50.40%,71,2.1,99%,33,42
ALL HOME TYPES,1,2023,Toronto C14,41,"$42,079,137 ","$1,026,320 ","$730,000 ",112,44.70%,154,2.6,98%,34,55
ALL HOME TYPES,1,2023,Toronto C15,52,"$42,529,732 ","$817,879 ","$660,444 ",146,50.30%,174,2.1,99%,31,44
ALL HOME TYPES,1,2023,Toronto Central,535,"$551,619,125 ","$1,031,064 ","$748,000 ","1,649",45.70%,"2,257",2.5,98%,32,45
ALL HOME TYPES,1,2023,Toronto E01,22,"$25,128,000 ","$1,142,182 ","$980,000 ",69,55.10%,59,1.2,99%,14,29
ALL HOME TYPES,1,2023,Toronto E02,25,"$27,844,196 ","$1,113,768 ","$1,160,000 ",55,55.10%,45,1.3,101%,21,32
ALL HOME TYPES,1,2023,Toronto E03,28,"$31,796,000 ","$1,135,571 ","$1,058,500 ",74,51.40%,82,1.5,99%,26,34
ALL HOME TYPES,1,2023,Toronto E04,33,"$28,855,499 ","$874,409 ","$880,000 ",60,55.40%,66,1.5,102%,19,24
ALL HOME TYPES,1,2023,Toronto E05,31,"$26,278,576 ","$847,696 ","$690,000 ",55,54.80%,54,1.6,101%,32,50
ALL HOME TYPES,1,2023,Toronto E06,12,"$10,524,180 ","$877,015 ","$867,000 ",26,50.20%,33,1.7,101%,27,33
ALL HOME TYPES,1,2023,Toronto E07,21,"$18,032,000 ","$858,667 ","$680,000 ",39,50.20%,57,1.9,100%,36,47
ALL HOME TYPES,1,2023,Toronto E08,20,"$16,748,200 ","$837,410 ","$737,500 ",57,51.40%,64,1.9,100%,28,35
ALL HOME TYPES,1,2023,Toronto E09,30,"$25,363,276 ","$845,443 ","$767,500 ",67,49.70%,65,1.7,103%,31,42
ALL HOME TYPES,1,2023,Toronto E10,17,"$17,300,500 ","$1,017,676 ","$1,035,000 ",36,53.90%,36,1.5,95%,28,45
ALL HOME TYPES,1,2023,Toronto E11,20,"$18,057,286 ","$902,864 ","$910,000 ",45,51.40%,49,1.7,98%,32,44
ALL HOME TYPES,1,2023,Toronto East,259,"$245,927,713 ","$949,528 ","$901,000 ",583,52.70%,610,1.6,100%,27,37
ALL HOME TYPES,1,2023,Toronto W01,16,"$17,370,999 ","$1,085,687 ","$1,100,000 ",51,53.30%,64,1.7,98%,30,38
ALL HOME TYPES,1,2023,Toronto W02,21,"$24,980,000 ","$1,189,524 ","$1,120,000 ",60,53.90%,68,1.6,98%,23,28
ALL HOME TYPES,1,2023,Toronto W03,25,"$20,573,888 ","$822,956 ","$810,000 ",60,47.60%,71,2.1,98%,27,46
ALL HOME TYPES,1,2023,Toronto W04,41,"$35,576,588 ","$867,722 ","$810,000 ",91,47.30%,124,2.3,98%,41,64
ALL HOME TYPES,1,2023,Toronto W05,38,"$28,484,700 ","$749,597 ","$690,000 ",98,48.40%,154,2.5,95%,51,67
ALL HOME TYPES,1,2023,Toronto W06,54,"$46,022,188 ","$852,263 ","$772,500 ",162,44.90%,197,2.4,98%,24,37
ALL HOME TYPES,1,2023,Toronto W07,9,"$16,124,700 ","$1,791,633 ","$1,200,000 ",20,57.40%,26,1.5,95%,28,58
ALL HOME TYPES,1,2023,Toronto W08,67,"$73,599,111 ","$1,098,494 ","$720,000 ",141,50.30%,184,2,98%,31,51
ALL HOME TYPES,1,2023,Toronto W09,15,"$12,094,538 ","$806,303 ","$700,000 ",33,48.00%,51,2.2,96%,45,61
ALL HOME TYPES,1,2023,Toronto W10,28,"$22,155,500 ","$791,268 ","$827,500 ",62,45.10%,74,2.5,98%,35,49
ALL HOME TYPES,1,2023,Toronto West,314,"$296,982,212 ","$945,803 ","$810,000 ",778,48.80%,"1,013",2.1,97%,34,50
ALL HOME TYPES,1,2023,Uxbridge,14,"$15,857,695 ","$1,132,693 ","$1,035,500 ",32,54.30%,32,1.8,95%,24,39
ALL HOME TYPES,1,2023,Vaughan,133,"$176,723,202 ","$1,328,746 ","$1,195,000 ",382,43.20%,476,2.4,97%,29,39
ALL HOME TYPES,1,2023,Whitby,76,"$76,499,599 ","$1,006,574 ","$960,000 ",149,53.30%,126,1.2,99%,17,27
ALL HOME TYPES,1,2023,York Region,544,"$699,357,356 ","$1,285,583 ","$1,182,000 ","1,343",46.30%,"1,602",2.2,100%,26,37
ALL HOME TYPES,2,2023,Adjala-Tosorontio,8,"$7,938,000 ","$992,250 ","$835,000 ",25,33.70%,37,4.8,97%,44,44
ALL HOME TYPES,2,2023,Ajax,77,"$77,533,106 ","$1,006,923 ","$949,500 ",116,52.70%,84,1.3,103%,14,22
ALL HOME TYPES,2,2023,All TRREB Areas,"4,783","$5,240,334,140 ","$1,095,617 ","$940,000 ","8,367",46.60%,"9,643",2.2,100%,22,33
ALL HOME TYPES,2,2023,Aurora,55,"$67,292,456 ","$1,223,499 ","$1,135,000 ",89,48.80%,86,2,101%,20,26
ALL HOME TYPES,2,2023,Bradford,33,"$34,515,100 ","$1,045,912 ","$962,500 ",75,40.20%,72,2.4,97%,23,32
ALL HOME TYPES,2,2023,Brampton,382,"$392,769,158 ","$1,028,192 ","$955,000 ",610,43.20%,635,2.1,98%,23,32
ALL HOME TYPES,2,2023,Brock,14,"$10,381,500 ","$741,536 ","$667,500 ",23,41.10%,36,3.1,96%,29,35
ALL HOME TYPES,2,2023,Burlington,176,"$184,417,830 ","$1,047,829 ","$930,000 ",271,51.30%,340,2,98%,25,35
ALL HOME TYPES,2,2023,Caledon,67,"$79,337,799 ","$1,184,146 ","$1,093,000 ",113,36.40%,186,3.5,96%,31,44
ALL HOME TYPES,2,2023,City of Toronto,"1,745","$1,868,970,354 ","$1,071,043 ","$850,000 ","3,314",46.80%,"4,110",2.3,100%,24,35
ALL HOME TYPES,2,2023,Clarington,106,"$94,099,434 ","$887,731 ","$825,000 ",148,54.90%,136,1.3,99%,19,33
ALL HOME TYPES,2,2023,Dufferin County,26,"$21,133,000 ","$812,808 ","$742,000 ",48,51.90%,48,1.9,99%,23,39
ALL HOME TYPES,2,2023,Durham Region,601,"$533,957,340 ","$888,448 ","$850,000 ",896,52.40%,777,1.4,102%,17,25
ALL HOME TYPES,2,2023,East Gwillimbury,34,"$41,847,688 ","$1,230,814 ","$1,147,500 ",71,42.10%,78,2.7,100%,20,32
ALL HOME TYPES,2,2023,Essa,21,"$17,571,675 ","$836,746 ","$757,500 ",34,44.40%,43,2.4,98%,30,42
ALL HOME TYPES,2,2023,Georgina,49,"$46,332,500 ","$945,561 ","$895,000 ",77,42.80%,97,2.5,99%,25,33
ALL HOME TYPES,2,2023,Halton Hills,46,"$47,221,807 ","$1,026,561 ","$932,500 ",92,45.00%,107,2.2,98%,22,34
ALL HOME TYPES,2,2023,Halton Region,525,"$641,599,821 ","$1,222,095 ","$1,065,000 ",870,48.20%,983,2.1,98%,21,31
ALL HOME TYPES,2,2023,Innisfil,41,"$34,829,000 ","$849,488 ","$845,000 ",129,32.40%,209,4,97%,33,44
ALL HOME TYPES,2,2023,King,23,"$49,356,276 ","$2,145,925 ","$2,040,000 ",48,33.40%,84,4.8,93%,52,79
ALL HOME TYPES,2,2023,Markham,216,"$268,131,603 ","$1,241,350 ","$1,222,500 ",311,51.40%,308,1.8,106%,17,25
ALL HOME TYPES,2,2023,Milton,126,"$132,964,277 ","$1,055,272 ","$975,365 ",172,48.50%,137,1.7,100%,14,22
ALL HOME TYPES,2,2023,Mississauga,383,"$386,754,672 ","$1,009,803 ","$880,000 ",681,45.80%,768,2.2,98%,24,36
ALL HOME TYPES,2,2023,New Tecumseth,41,"$35,482,687 ","$865,431 ","$775,000 ",78,41.10%,112,2.9,98%,20,24
ALL HOME TYPES,2,2023,Newmarket,75,"$88,112,692 ","$1,174,836 ","$1,201,000 ",103,53.40%,100,1.6,101%,22,30
ALL HOME TYPES,2,2023,Oakville,177,"$276,995,907 ","$1,564,949 ","$1,360,000 ",335,46.10%,399,2.4,98%,22,33
ALL HOME TYPES,2,2023,Orangeville,26,"$21,133,000 ","$812,808 ","$742,000 ",48,51.90%,48,1.9,99%,23,39
ALL HOME TYPES,2,2023,Oshawa,168,"$128,861,706 ","$767,034 ","$749,000 ",281,52.40%,244,1.4,102%,16,23
ALL HOME TYPES,2,2023,Peel Region,832,"$858,861,629 ","$1,032,286 ","$950,000 ","1,404",43.90%,"1,589",2.2,98%,24,35
ALL HOME TYPES,2,2023,Pickering,91,"$78,748,007 ","$865,363 ","$861,000 ",113,50.80%,97,1.6,102%,16,26
ALL HOME TYPES,2,2023,Richmond Hill,167,"$231,962,390 ","$1,388,996 ","$1,300,000 ",291,44.50%,314,2.5,104%,19,33
ALL HOME TYPES,2,2023,Scugog,20,"$18,619,050 ","$930,953 ","$799,000 ",28,52.20%,28,2.1,96%,26,33
ALL HOME TYPES,2,2023,Simcoe County,144,"$130,336,462 ","$905,114 ","$867,500 ",341,37.90%,473,3.1,97%,27,35
ALL HOME TYPES,2,2023,Stouffville,37,"$49,499,076 ","$1,337,813 ","$1,260,000 ",88,44.10%,114,2.7,102%,18,24
ALL HOME TYPES,2,2023,Toronto C01,257,"$238,146,113 ","$926,639 ","$712,000 ",533,43.70%,735,2.8,98%,28,40
ALL HOME TYPES,2,2023,Toronto C02,55,"$93,671,706 ","$1,703,122 ","$1,150,000 ",106,41.00%,176,3.3,95%,28,39
ALL HOME TYPES,2,2023,Toronto C03,29,"$39,791,606 ","$1,372,124 ","$910,000 ",66,44.70%,75,2.6,98%,15,19
ALL HOME TYPES,2,2023,Toronto C04,33,"$67,579,054 ","$2,047,850 ","$1,961,111 ",79,48.30%,110,2.1,100%,16,24
ALL HOME TYPES,2,2023,Toronto C06,19,"$18,730,875 ","$985,836 ","$706,000 ",42,39.20%,57,2.9,100%,25,45
ALL HOME TYPES,2,2023,Toronto C07,64,"$74,906,688 ","$1,170,417 ","$920,000 ",112,45.00%,128,2.6,99%,21,38
ALL HOME TYPES,2,2023,Toronto C08,129,"$97,175,506 ","$753,298 ","$687,000 ",299,40.40%,418,3,99%,27,35
ALL HOME TYPES,2,2023,Toronto C09,15,"$31,543,800 ","$2,102,920 ","$2,052,800 ",37,53.50%,40,2.2,100%,13,17
ALL HOME TYPES,2,2023,Toronto C10,48,"$47,579,897 ","$991,248 ","$736,250 ",94,45.30%,123,2.5,101%,19,30
ALL HOME TYPES,2,2023,Toronto C11,25,"$42,449,800 ","$1,697,992 ","$1,220,000 ",46,47.90%,40,2.2,99%,22,32
ALL HOME TYPES,2,2023,Toronto C12,18,"$43,733,500 ","$2,429,639 ","$1,487,500 ",45,36.00%,80,5.6,99%,23,41
ALL HOME TYPES,2,2023,Toronto C13,41,"$51,825,212 ","$1,264,030 ","$972,000 ",67,48.90%,75,2.3,102%,15,25
ALL HOME TYPES,2,2023,Toronto C14,66,"$71,239,764 ","$1,079,390 ","$777,500 ",129,44.60%,177,2.8,98%,30,49
ALL HOME TYPES,2,2023,Toronto C15,84,"$87,996,088 ","$1,047,572 ","$822,500 ",145,48.80%,178,2.3,99%,25,40
ALL HOME TYPES,2,2023,Toronto Central,883,"$1,006,369,609 ","$1,139,716 ","$800,000 ","1,800",44.10%,"2,412",2.7,99%,25,37
ALL HOME TYPES,2,2023,Toronto E01,41,"$47,773,553 ","$1,165,209 ","$1,131,000 ",65,54.60%,59,1.3,104%,19,34
ALL HOME TYPES,2,2023,Toronto E02,28,"$39,418,283 ","$1,407,796 ","$1,269,522 ",56,52.20%,60,1.4,105%,8,13
ALL HOME TYPES,2,2023,Toronto E03,57,"$68,035,444 ","$1,193,604 ","$1,150,000 ",89,51.40%,76,1.6,104%,19,41
ALL HOME TYPES,2,2023,Toronto E04,40,"$35,832,386 ","$895,810 ","$937,500 ",85,53.60%,85,1.6,108%,20,30
ALL HOME TYPES,2,2023,Toronto E05,32,"$30,345,000 ","$948,281 ","$764,000 ",61,52.70%,57,1.8,105%,15,24
ALL HOME TYPES,2,2023,Toronto E06,17,"$22,906,112 ","$1,347,418 ","$1,091,500 ",42,49.40%,42,1.9,91%,29,32
ALL HOME TYPES,2,2023,Toronto E07,40,"$31,051,987 ","$776,300 ","$630,000 ",62,50.40%,62,2.1,106%,24,34
ALL HOME TYPES,2,2023,Toronto E08,33,"$32,374,800 ","$981,055 ","$1,000,000 ",56,50.40%,68,2.1,100%,18,36
ALL HOME TYPES,2,2023,Toronto E09,45,"$38,288,800 ","$850,862 ","$870,000 ",57,49.80%,59,1.8,105%,18,28
ALL HOME TYPES,2,2023,Toronto E10,22,"$24,164,900 ","$1,098,405 ","$1,015,000 ",46,51.90%,49,1.6,101%,23,36
ALL HOME TYPES,2,2023,Toronto E11,38,"$27,967,788 ","$735,994 ","$742,000 ",32,51.80%,34,1.8,102%,23,36
ALL HOME TYPES,2,2023,Toronto East,393,"$398,159,053 ","$1,013,127 ","$950,000 ",651,51.70%,651,1.7,103%,19,32
ALL HOME TYPES,2,2023,Toronto W01,37,"$41,036,027 ","$1,109,082 ","$962,000 ",75,51.50%,79,1.8,101%,21,27
ALL HOME TYPES,2,2023,Toronto W02,46,"$58,193,718 ","$1,265,081 ","$1,140,000 ",94,52.80%,81,1.6,104%,20,26
ALL HOME TYPES,2,2023,Toronto W03,39,"$36,219,788 ","$928,713 ","$960,000 ",45,47.20%,52,2.3,99%,23,32
ALL HOME TYPES,2,2023,Toronto W04,53,"$45,206,995 ","$852,962 ","$845,000 ",89,47.30%,118,2.4,100%,25,35
ALL HOME TYPES,2,2023,Toronto W05,64,"$49,888,900 ","$779,514 ","$794,000 ",111,47.30%,146,2.6,99%,28,37
ALL HOME TYPES,2,2023,Toronto W06,87,"$79,824,814 ","$917,527 ","$810,000 ",159,44.00%,200,2.6,99%,23,34
ALL HOME TYPES,2,2023,Toronto W07,14,"$20,674,800 ","$1,476,771 ","$1,249,000 ",26,55.00%,27,1.6,99%,13,19
ALL HOME TYPES,2,2023,Toronto W08,75,"$90,859,800 ","$1,211,464 ","$778,000 ",174,47.90%,217,2.2,98%,29,36
ALL HOME TYPES,2,2023,Toronto W09,23,"$20,592,500 ","$895,326 ","$815,000 ",39,48.00%,53,2.3,97%,31,34
ALL HOME TYPES,2,2023,Toronto W10,31,"$21,944,350 ","$707,882 ","$580,000 ",51,43.50%,74,2.7,98%,28,48
ALL HOME TYPES,2,2023,Toronto West,469,"$464,441,692 ","$990,281 ","$862,500 ",863,47.60%,"1,047",2.3,99%,25,34
ALL HOME TYPES,2,2023,Uxbridge,15,"$18,401,900 ","$1,226,793 ","$1,005,000 ",30,52.60%,34,1.9,101%,22,32
ALL HOME TYPES,2,2023,Vaughan,254,"$342,940,853 ","$1,350,161 ","$1,225,000 ",416,42.20%,482,2.6,101%,22,33
ALL HOME TYPES,2,2023,Whitby,110,"$107,312,637 ","$975,569 ","$961,500 ",157,52.50%,118,1.3,103%,14,17
ALL HOME TYPES,2,2023,York Region,910,"$1,185,475,534 ","$1,302,720 ","$1,215,000 ","1,494",45.80%,"1,663",2.3,102%,21,31
ALL HOME TYPES,3,2023,Adjala-Tosorontio,11,"$11,224,788 ","$1,020,435 ","$995,900 ",19,34.20%,34,5,96%,38,38
ALL HOME TYPES,3,2023,Ajax,134,"$133,464,171 ","$996,001 ","$937,750 ",186,54.10%,92,1.3,105%,10,15
ALL HOME TYPES,3,2023,All TRREB Areas,"6,896","$7,644,945,803 ","$1,108,606 ","$965,000 ","11,184",46.70%,"10,120",2.3,101%,19,27
ALL HOME TYPES,3,2023,Aurora,91,"$132,158,876 ","$1,452,295 ","$1,425,000 ",128,51.30%,92,2.1,101%,12,19
ALL HOME TYPES,3,2023,Bradford,52,"$57,524,068 ","$1,106,232 ","$1,125,000 ",75,42.40%,71,2.5,101%,16,27
ALL HOME TYPES,3,2023,Brampton,604,"$622,504,928 ","$1,030,637 ","$974,750 ",817,45.10%,594,2.1,100%,18,28
ALL HOME TYPES,3,2023,Brock,19,"$14,026,150 ","$738,218 ","$680,000 ",30,39.80%,33,3.5,95%,27,47
ALL HOME TYPES,3,2023,Burlington,239,"$248,640,284 ","$1,040,336 ","$945,000 ",338,51.60%,332,2.1,99%,24,33
ALL HOME TYPES,3,2023,Caledon,89,"$117,840,461 ","$1,324,050 ","$1,280,000 ",157,36.30%,169,3.7,97%,28,43
ALL HOME TYPES,3,2023,City of Toronto,"2,521","$2,658,553,448 ","$1,054,563 ","$850,000 ","4,318",46.00%,"4,292",2.5,101%,20,29
ALL HOME TYPES,3,2023,Clarington,137,"$114,857,053 ","$838,373 ","$810,000 ",225,55.20%,155,1.4,104%,16,21
ALL HOME TYPES,3,2023,Dufferin County,30,"$23,292,500 ","$776,417 ","$752,500 ",65,51.20%,63,2.2,98%,17,32
ALL HOME TYPES,3,2023,Durham Region,864,"$800,186,267 ","$926,142 ","$875,000 ","1,299",53.00%,852,1.5,103%,14,20
ALL HOME TYPES,3,2023,East Gwillimbury,49,"$67,896,100 ","$1,385,635 ","$1,410,000 ",93,42.10%,90,2.9,102%,26,33
ALL HOME TYPES,3,2023,Essa,23,"$18,021,077 ","$783,525 ","$740,000 ",59,42.90%,65,2.7,98%,25,34
ALL HOME TYPES,3,2023,Georgina,62,"$65,075,400 ","$1,049,603 ","$877,500 ",116,42.70%,114,2.7,99%,23,30
ALL HOME TYPES,3,2023,Halton Hills,68,"$75,744,299 ","$1,113,887 ","$1,000,000 ",112,44.60%,111,2.4,98%,20,34
ALL HOME TYPES,3,2023,Halton Region,731,"$926,641,693 ","$1,267,636 ","$1,101,000 ","1,089",48.70%,997,2.2,99%,19,29
ALL HOME TYPES,3,2023,Innisfil,67,"$63,719,200 ","$951,033 ","$875,000 ",161,31.70%,218,4.3,98%,30,44
ALL HOME TYPES,3,2023,King,21,"$40,433,388 ","$1,925,399 ","$1,625,000 ",69,31.60%,103,5.3,96%,30,42
ALL HOME TYPES,3,2023,Markham,311,"$410,380,632 ","$1,319,552 ","$1,280,000 ",462,53.20%,341,1.9,108%,16,20
ALL HOME TYPES,3,2023,Milton,146,"$165,448,632 ","$1,133,210 ","$1,060,500 ",213,50.20%,147,1.8,100%,17,24
ALL HOME TYPES,3,2023,Mississauga,588,"$609,493,404 ","$1,036,553 ","$916,000 ",986,45.10%,858,2.4,100%,17,26
ALL HOME TYPES,3,2023,New Tecumseth,68,"$57,994,500 ","$852,860 ","$809,500 ",113,40.80%,117,3.1,98%,22,28
ALL HOME TYPES,3,2023,Newmarket,118,"$141,621,048 ","$1,200,178 ","$1,145,000 ",151,55.90%,93,1.6,103%,16,23
ALL HOME TYPES,3,2023,Oakville,278,"$436,808,478 ","$1,571,254 ","$1,391,500 ",426,46.40%,407,2.5,100%,17,26
ALL HOME TYPES,3,2023,Orangeville,30,"$23,292,500 ","$776,417 ","$752,500 ",65,51.20%,63,2.2,98%,17,32
ALL HOME TYPES,3,2023,Oshawa,250,"$203,436,809 ","$813,747 ","$775,000 ",374,53.10%,234,1.4,105%,14,22
ALL HOME TYPES,3,2023,Peel Region,"1,281","$1,349,838,793 ","$1,053,738 ","$971,000 ","1,960",44.50%,"1,621",2.3,100%,19,28
ALL HOME TYPES,3,2023,Pickering,118,"$118,020,469 ","$1,000,173 ","$972,500 ",160,51.40%,106,1.7,102%,13,18
ALL HOME TYPES,3,2023,Richmond Hill,200,"$289,830,829 ","$1,449,154 ","$1,320,400 ",353,45.20%,348,2.7,105%,18,26
ALL HOME TYPES,3,2023,Scugog,18,"$15,973,250 ","$887,403 ","$922,625 ",28,51.80%,34,2.2,98%,38,56
ALL HOME TYPES,3,2023,Simcoe County,221,"$208,483,633 ","$943,365 ","$890,000 ",427,37.70%,505,3.4,98%,24,34
ALL HOME TYPES,3,2023,Stouffville,69,"$92,060,931 ","$1,334,216 ","$1,256,000 ",126,45.90%,116,2.7,101%,17,24
ALL HOME TYPES,3,2023,Toronto C01,379,"$316,021,869 ","$833,831 ","$728,000 ",661,42.90%,751,3,100%,20,29
ALL HOME TYPES,3,2023,Toronto C02,58,"$87,489,871 ","$1,508,446 ","$1,230,000 ",146,39.40%,192,3.6,98%,28,44
ALL HOME TYPES,3,2023,Toronto C03,40,"$51,970,730 ","$1,299,268 ","$1,132,750 ",83,42.00%,84,2.9,100%,22,32
ALL HOME TYPES,3,2023,Toronto C04,59,"$136,343,220 ","$2,310,902 ","$2,040,000 ",116,47.00%,122,2.3,99%,21,24
ALL HOME TYPES,3,2023,Toronto C06,25,"$29,098,918 ","$1,163,957 ","$729,000 ",57,40.40%,65,3,99%,16,33
ALL HOME TYPES,3,2023,Toronto C07,83,"$93,635,238 ","$1,128,135 ","$769,000 ",134,44.90%,143,2.8,99%,23,32
ALL HOME TYPES,3,2023,Toronto C08,193,"$161,803,528 ","$838,360 ","$706,000 ",389,38.70%,442,3.3,100%,21,32
ALL HOME TYPES,3,2023,Toronto C09,19,"$32,797,000 ","$1,726,158 ","$1,117,000 ",33,51.90%,38,2.3,100%,30,34
ALL HOME TYPES,3,2023,Toronto C10,75,"$81,628,398 ","$1,088,379 ","$821,000 ",126,44.60%,129,2.6,101%,15,22
ALL HOME TYPES,3,2023,Toronto C11,25,"$29,590,100 ","$1,183,604 ","$620,000 ",49,45.60%,49,2.4,101%,18,30
ALL HOME TYPES,3,2023,Toronto C12,23,"$83,636,000 ","$3,636,348 ","$2,150,000 ",57,34.30%,88,6,97%,15,27
ALL HOME TYPES,3,2023,Toronto C13,56,"$60,708,557 ","$1,084,081 ","$805,504 ",90,48.00%,81,2.4,102%,17,28
ALL HOME TYPES,3,2023,Toronto C14,112,"$122,087,954 ","$1,090,071 ","$787,500 ",156,45.70%,150,2.9,101%,23,36
ALL HOME TYPES,3,2023,Toronto C15,119,"$127,796,107 ","$1,073,917 ","$778,500 ",182,48.50%,164,2.4,102%,19,27
ALL HOME TYPES,3,2023,Toronto Central,"1,266","$1,414,607,490 ","$1,117,383 ","$785,188 ","2,279",43.20%,"2,498",2.9,100%,21,31
ALL HOME TYPES,3,2023,Toronto E01,58,"$68,700,432 ","$1,184,490 ","$1,089,250 ",90,53.30%,55,1.4,107%,18,25
ALL HOME TYPES,3,2023,Toronto E02,47,"$63,471,541 ","$1,350,458 ","$1,250,000 ",73,52.00%,64,1.5,108%,11,15
ALL HOME TYPES,3,2023,Toronto E03,75,"$89,501,448 ","$1,193,353 ","$1,110,000 ",114,51.00%,75,1.6,109%,12,18
ALL HOME TYPES,3,2023,Toronto E04,65,"$54,596,500 ","$839,946 ","$763,000 ",92,52.80%,75,1.7,105%,13,22
ALL HOME TYPES,3,2023,Toronto E05,64,"$56,373,188 ","$880,831 ","$755,000 ",109,52.60%,82,1.8,110%,15,20
ALL HOME TYPES,3,2023,Toronto E06,31,"$31,583,387 ","$1,018,819 ","$999,999 ",56,47.30%,44,2,105%,12,20
ALL HOME TYPES,3,2023,Toronto E07,63,"$56,017,864 ","$889,172 ","$847,000 ",88,50.80%,70,2.1,109%,17,19
ALL HOME TYPES,3,2023,Toronto E08,40,"$40,843,110 ","$1,021,078 ","$840,000 ",76,47.50%,72,2.3,99%,21,27
ALL HOME TYPES,3,2023,Toronto E09,74,"$60,862,981 ","$822,473 ","$702,500 ",87,51.60%,48,1.8,109%,14,20
ALL HOME TYPES,3,2023,Toronto E10,40,"$40,079,400 ","$1,001,985 ","$1,052,500 ",85,48.70%,66,1.9,104%,12,26
ALL HOME TYPES,3,2023,Toronto E11,43,"$37,366,062 ","$868,978 ","$865,000 ",80,51.10%,56,1.9,104%,17,31
ALL HOME TYPES,3,2023,Toronto East,600,"$599,395,913 ","$998,993 ","$975,000 ",950,51.10%,707,1.8,107%,15,21
ALL HOME TYPES,3,2023,Toronto W01,38,"$45,873,400 ","$1,207,195 ","$1,142,950 ",70,49.00%,81,2.1,102%,20,22
ALL HOME TYPES,3,2023,Toronto W02,60,"$70,269,996 ","$1,171,167 ","$1,103,500 ",94,50.80%,86,1.8,101%,24,32
ALL HOME TYPES,3,2023,Toronto W03,38,"$41,557,816 ","$1,093,627 ","$1,076,750 ",85,46.00%,66,2.4,102%,21,29
ALL HOME TYPES,3,2023,Toronto W04,60,"$52,210,318 ","$870,172 ","$860,259 ",110,46.60%,131,2.6,100%,23,35
ALL HOME TYPES,3,2023,Toronto W05,104,"$85,467,913 ","$821,807 ","$879,500 ",157,48.00%,153,2.7,99%,26,38
ALL HOME TYPES,3,2023,Toronto W06,121,"$110,163,711 ","$910,444 ","$808,000 ",188,44.20%,185,2.7,101%,24,32
ALL HOME TYPES,3,2023,Toronto W07,24,"$38,002,499 ","$1,583,437 ","$1,422,000 ",43,53.30%,36,1.8,102%,17,24
ALL HOME TYPES,3,2023,Toronto W08,131,"$127,066,012 ","$969,970 ","$720,000 ",216,47.60%,218,2.4,99%,22,33
ALL HOME TYPES,3,2023,Toronto W09,31,"$35,475,600 ","$1,144,374 ","$1,105,000 ",41,48.60%,44,2.4,98%,31,42
ALL HOME TYPES,3,2023,Toronto W10,48,"$38,462,780 ","$801,308 ","$850,000 ",85,42.50%,87,3,100%,21,29
ALL HOME TYPES,3,2023,Toronto West,655,"$644,550,045 ","$984,046 ","$900,000 ","1,089",47.00%,"1,087",2.5,100%,23,33
ALL HOME TYPES,3,2023,Uxbridge,25,"$33,244,500 ","$1,329,780 ","$1,320,000 ",43,50.30%,41,2.1,99%,18,29
ALL HOME TYPES,3,2023,Vaughan,327,"$438,492,265 ","$1,340,955 ","$1,238,880 ",528,42.80%,493,2.7,100%,21,30
ALL HOME TYPES,3,2023,Whitby,163,"$167,163,865 ","$1,025,545 ","$975,000 ",253,53.50%,157,1.3,103%,10,15
ALL HOME TYPES,3,2023,York Region,"1,248","$1,677,949,469 ","$1,344,511 ","$1,260,000 ","2,026",46.80%,"1,790",2.4,103%,18,25
ALL HOME TYPES,4,2023,Adjala-Tosorontio,14,"$12,028,000 ","$859,143 ","$850,000 ",27,34.20%,39,5.2,97%,29,32
ALL HOME TYPES,4,2023,Ajax,123,"$123,248,452 ","$1,002,020 ","$964,000 ",153,59.20%,95,1.3,109%,9,11
ALL HOME TYPES,4,2023,All TRREB Areas,"7,531","$8,685,271,797 ","$1,153,269 ","$999,999 ","11,364",48.80%,"10,373",2.3,103%,17,24
ALL HOME TYPES,4,2023,Aurora,87,"$119,669,729 ","$1,375,514 ","$1,340,000 ",116,56.10%,81,1.9,104%,12,19
ALL HOME TYPES,4,2023,Bradford,70,"$82,079,786 ","$1,172,568 ","$1,180,000 ",81,49.20%,65,2.2,100%,21,30
ALL HOME TYPES,4,2023,Brampton,660,"$718,285,008 ","$1,088,311 ","$1,050,000 ",974,49.00%,637,2,103%,13,20
ALL HOME TYPES,4,2023,Brock,13,"$10,192,850 ","$784,065 ","$765,000 ",35,41.80%,41,3.4,97%,23,25
ALL HOME TYPES,4,2023,Burlington,278,"$319,468,934 ","$1,149,169 ","$1,062,500 ",361,54.00%,317,2.1,101%,19,25
ALL HOME TYPES,4,2023,Caledon,78,"$111,996,400 ","$1,435,851 ","$1,322,500 ",157,37.00%,201,3.8,97%,23,29
ALL HOME TYPES,4,2023,City of Toronto,"2,735","$3,064,161,994 ","$1,120,352 ","$875,000 ","4,389",47.10%,"4,452",2.5,103%,18,25
ALL HOME TYPES,4,2023,Clarington,162,"$144,270,197 ","$890,557 ","$868,500 ",205,57.00%,143,1.4,107%,12,18
ALL HOME TYPES,4,2023,Dufferin County,57,"$48,436,887 ","$849,770 ","$795,000 ",59,54.50%,46,2.1,99%,14,22
ALL HOME TYPES,4,2023,Durham Region,903,"$863,484,665 ","$956,240 ","$905,000 ","1,223",55.70%,862,1.5,107%,12,16
ALL HOME TYPES,4,2023,East Gwillimbury,54,"$71,752,378 ","$1,328,748 ","$1,320,000 ",81,45.20%,78,2.8,103%,21,29
ALL HOME TYPES,4,2023,Essa,41,"$32,729,399 ","$798,278 ","$777,500 ",46,46.50%,48,2.6,98%,26,29
ALL HOME TYPES,4,2023,Georgina,64,"$60,642,224 ","$947,535 ","$886,250 ",119,45.00%,118,2.7,102%,18,22
ALL HOME TYPES,4,2023,Halton Hills,88,"$92,904,500 ","$1,055,733 ","$981,000 ",112,47.30%,94,2.3,100%,16,29
ALL HOME TYPES,4,2023,Halton Region,817,"$1,053,504,196 ","$1,289,479 ","$1,165,000 ","1,122",51.60%,993,2.2,101%,17,24
ALL HOME TYPES,4,2023,Innisfil,74,"$66,353,701 ","$896,672 ","$864,500 ",162,33.00%,220,4.4,99%,31,47
ALL HOME TYPES,4,2023,King,32,"$69,063,150 ","$2,158,223 ","$1,849,250 ",83,32.70%,113,5.2,95%,23,35
ALL HOME TYPES,4,2023,Markham,347,"$492,053,269 ","$1,418,021 ","$1,350,000 ",481,57.20%,346,1.8,109%,15,19
ALL HOME TYPES,4,2023,Milton,155,"$173,418,184 ","$1,118,827 ","$1,050,000 ",220,54.00%,159,1.7,101%,13,18
ALL HOME TYPES,4,2023,Mississauga,646,"$695,374,096 ","$1,076,430 ","$987,000 ",943,47.20%,861,2.4,102%,17,23
ALL HOME TYPES,4,2023,New Tecumseth,66,"$60,315,999 ","$913,879 ","$853,500 ",113,42.40%,137,3.2,98%,29,43
ALL HOME TYPES,4,2023,Newmarket,120,"$138,685,688 ","$1,155,714 ","$1,125,500 ",167,59.20%,97,1.5,106%,13,16
ALL HOME TYPES,4,2023,Oakville,296,"$467,712,578 ","$1,580,110 ","$1,450,000 ",429,49.40%,423,2.4,101%,18,26
ALL HOME TYPES,4,2023,Orangeville,57,"$48,436,887 ","$849,770 ","$795,000 ",59,54.50%,46,2.1,99%,14,22
ALL HOME TYPES,4,2023,Oshawa,250,"$208,428,595 ","$833,714 ","$811,500 ",361,55.50%,256,1.4,108%,11,15
ALL HOME TYPES,4,2023,Peel Region,"1,384","$1,525,655,504 ","$1,102,352 ","$1,035,000 ","2,074",47.20%,"1,699",2.3,102%,15,22
ALL HOME TYPES,4,2023,Pickering,108,"$114,078,657 ","$1,056,284 ","$1,004,950 ",167,53.50%,118,1.7,108%,9,15
ALL HOME TYPES,4,2023,Richmond Hill,245,"$345,784,009 ","$1,411,363 ","$1,360,000 ",367,48.80%,333,2.5,107%,18,25
ALL HOME TYPES,4,2023,Scugog,23,"$23,306,720 ","$1,013,336 ","$852,500 ",47,50.20%,46,2.4,101%,23,28
ALL HOME TYPES,4,2023,Simcoe County,265,"$253,506,885 ","$956,630 ","$905,000 ",429,40.30%,509,3.3,99%,27,38
ALL HOME TYPES,4,2023,Stouffville,71,"$99,560,378 ","$1,402,259 ","$1,160,000 ",113,48.40%,120,2.6,107%,16,27
ALL HOME TYPES,4,2023,Toronto C01,380,"$345,239,517 ","$908,525 ","$749,250 ",648,43.60%,755,3,101%,22,32
ALL HOME TYPES,4,2023,Toronto C02,71,"$123,647,938 ","$1,741,520 ","$1,535,000 ",174,38.60%,232,3.8,100%,24,33
ALL HOME TYPES,4,2023,Toronto C03,44,"$71,000,561 ","$1,613,649 ","$1,262,500 ",70,43.40%,87,2.9,101%,13,20
ALL HOME TYPES,4,2023,Toronto C04,80,"$174,303,002 ","$2,178,788 ","$2,094,000 ",139,46.60%,124,2.3,101%,19,24
ALL HOME TYPES,4,2023,Toronto C06,30,"$31,454,018 ","$1,048,467 ","$770,000 ",69,38.90%,86,3.3,104%,16,24
ALL HOME TYPES,4,2023,Toronto C07,93,"$121,733,062 ","$1,308,958 ","$875,000 ",138,47.90%,144,2.7,103%,23,35
ALL HOME TYPES,4,2023,Toronto C08,208,"$171,958,327 ","$826,723 ","$696,225 ",377,40.30%,459,3.3,101%,21,31
ALL HOME TYPES,4,2023,Toronto C09,24,"$53,649,231 ","$2,235,385 ","$1,682,500 ",45,52.40%,46,2.4,101%,24,28
ALL HOME TYPES,4,2023,Toronto C10,83,"$87,280,257 ","$1,051,569 ","$740,000 ",132,46.00%,136,2.6,102%,16,20
ALL HOME TYPES,4,2023,Toronto C11,33,"$53,444,350 ","$1,619,526 ","$750,000 ",58,45.80%,56,2.5,102%,15,16
ALL HOME TYPES,4,2023,Toronto C12,22,"$65,084,406 ","$2,958,382 ","$2,654,000 ",55,34.00%,92,6.1,101%,24,43
ALL HOME TYPES,4,2023,Toronto C13,54,"$74,529,405 ","$1,380,174 ","$1,007,500 ",90,49.10%,95,2.4,102%,21,31
ALL HOME TYPES,4,2023,Toronto C14,117,"$139,411,326 ","$1,191,550 ","$799,000 ",157,48.50%,144,2.7,103%,19,30
ALL HOME TYPES,4,2023,Toronto C15,149,"$147,876,955 ","$992,463 ","$742,000 ",190,51.40%,149,2.3,104%,16,25
ALL HOME TYPES,4,2023,Toronto Central,"1,388","$1,660,612,355 ","$1,196,407 ","$815,000 ","2,342",44.40%,"2,605",2.9,102%,20,29
ALL HOME TYPES,4,2023,Toronto E01,67,"$89,194,078 ","$1,331,255 ","$1,288,000 ",114,52.50%,63,1.4,110%,10,15
ALL HOME TYPES,4,2023,Toronto E02,44,"$68,795,387 ","$1,563,532 ","$1,518,000 ",76,50.80%,65,1.7,107%,10,15
ALL HOME TYPES,4,2023,Toronto E03,66,"$83,810,929 ","$1,269,863 ","$1,189,000 ",100,50.70%,79,1.7,112%,12,22
ALL HOME TYPES,4,2023,Toronto E04,69,"$62,436,480 ","$904,877 ","$925,000 ",89,55.90%,74,1.7,107%,16,22
ALL HOME TYPES,4,2023,Toronto E05,73,"$69,496,456 ","$952,006 ","$780,000 ",87,55.70%,68,1.8,111%,13,16
ALL HOME TYPES,4,2023,Toronto E06,28,"$32,068,600 ","$1,145,307 ","$1,082,500 ",50,47.80%,50,2.1,103%,12,15
ALL HOME TYPES,4,2023,Toronto E07,75,"$65,738,954 ","$876,519 ","$730,000 ",76,55.90%,58,2,111%,13,15
ALL HOME TYPES,4,2023,Toronto E08,51,"$49,485,799 ","$970,310 ","$875,900 ",81,48.00%,75,2.4,103%,16,18
ALL HOME TYPES,4,2023,Toronto E09,75,"$65,977,091 ","$879,695 ","$860,000 ",103,55.40%,62,1.7,111%,13,16
ALL HOME TYPES,4,2023,Toronto E10,54,"$57,092,199 ","$1,057,263 ","$1,047,250 ",65,51.60%,62,1.9,104%,13,17
ALL HOME TYPES,4,2023,Toronto E11,44,"$36,684,800 ","$833,745 ","$820,000 ",62,51.20%,54,2,112%,14,16
ALL HOME TYPES,4,2023,Toronto East,646,"$680,780,773 ","$1,053,840 ","$1,010,000 ",903,52.60%,710,1.8,109%,13,17
ALL HOME TYPES,4,2023,Toronto W01,58,"$69,385,323 ","$1,196,299 ","$976,250 ",81,50.20%,73,2.1,104%,18,30
ALL HOME TYPES,4,2023,Toronto W02,56,"$76,465,021 ","$1,365,447 ","$1,295,500 ",98,49.60%,86,2,106%,16,27
ALL HOME TYPES,4,2023,Toronto W03,53,"$54,399,949 ","$1,026,414 ","$1,000,000 ",94,46.40%,75,2.4,107%,12,21
ALL HOME TYPES,4,2023,Toronto W04,72,"$60,568,445 ","$841,228 ","$838,900 ",143,44.90%,152,2.8,101%,20,24
ALL HOME TYPES,4,2023,Toronto W05,93,"$80,377,534 ","$864,275 ","$850,800 ",143,49.00%,169,2.8,102%,19,26
ALL HOME TYPES,4,2023,Toronto W06,103,"$106,539,616 ","$1,034,365 ","$881,000 ",195,44.50%,205,2.8,102%,19,29
ALL HOME TYPES,4,2023,Toronto W07,28,"$36,924,270 ","$1,318,724 ","$1,205,000 ",32,55.40%,34,1.8,103%,19,22
ALL HOME TYPES,4,2023,Toronto W08,143,"$150,915,812 ","$1,055,355 ","$720,000 ",228,48.80%,219,2.4,102%,19,26
ALL HOME TYPES,4,2023,Toronto W09,35,"$36,734,797 ","$1,049,566 ","$1,161,000 ",46,50.20%,42,2.4,105%,22,29
ALL HOME TYPES,4,2023,Toronto W10,60,"$50,458,100 ","$840,968 ","$840,000 ",84,45.00%,82,2.9,104%,18,25
ALL HOME TYPES,4,2023,Toronto West,701,"$722,768,867 ","$1,031,054 ","$928,000 ","1,144",47.60%,"1,137",2.5,103%,18,26
ALL HOME TYPES,4,2023,Uxbridge,24,"$26,396,499 ","$1,099,854 ","$890,050 ",38,50.80%,42,2.2,99%,15,18
ALL HOME TYPES,4,2023,Vaughan,350,"$479,310,841 ","$1,369,460 ","$1,345,000 ",541,45.30%,526,2.6,103%,18,26
ALL HOME TYPES,4,2023,Whitby,200,"$213,562,695 ","$1,067,813 ","$1,000,000 ",217,57.70%,121,1.2,105%,12,16
ALL HOME TYPES,4,2023,York Region,"1,370","$1,876,521,666 ","$1,369,724 ","$1,300,000 ","2,068",50.00%,"1,812",2.3,105%,16,23
ALL HOME TYPES,5,2023,Adjala-Tosorontio,14,"$19,152,900 ","$1,368,064 ","$994,000 ",26,38.00%,43,5.1,96%,32,60
ALL HOME TYPES,5,2023,Ajax,151,"$160,647,161 ","$1,063,888 ","$1,005,600 ",224,62.10%,120,1.2,110%,9,11
ALL HOME TYPES,5,2023,All TRREB Areas,"9,012","$10,779,260,918 ","$1,196,101 ","$1,035,000 ","15,194",51.50%,"11,868",2.2,105%,14,20
ALL HOME TYPES,5,2023,Aurora,102,"$144,676,480 ","$1,418,397 ","$1,277,500 ",162,60.10%,108,1.7,106%,11,17
ALL HOME TYPES,5,2023,Bradford,54,"$62,174,177 ","$1,151,374 ","$1,089,500 ",118,50.70%,80,2.1,101%,11,15
ALL HOME TYPES,5,2023,Brampton,742,"$824,411,902 ","$1,111,067 ","$1,050,000 ","1,297",51.40%,830,1.9,104%,11,16
ALL HOME TYPES,5,2023,Brock,15,"$11,784,900 ","$785,660 ","$740,000 ",35,43.90%,46,3.3,97%,25,37
ALL HOME TYPES,5,2023,Burlington,332,"$370,277,764 ","$1,115,294 ","$1,018,500 ",437,56.40%,299,2,101%,17,22
ALL HOME TYPES,5,2023,Caledon,109,"$148,925,651 ","$1,366,290 ","$1,292,000 ",244,39.10%,245,3.7,100%,17,27
ALL HOME TYPES,5,2023,City of Toronto,"3,285","$3,932,212,976 ","$1,197,021 ","$928,800 ","5,734",49.40%,"4,949",2.4,104%,16,22
ALL HOME TYPES,5,2023,Clarington,185,"$169,934,541 ","$918,565 ","$870,000 ",279,59.00%,167,1.4,108%,12,14
ALL HOME TYPES,5,2023,Dufferin County,52,"$43,377,841 ","$834,189 ","$803,500 ",59,61.00%,42,2,100%,16,21
ALL HOME TYPES,5,2023,Durham Region,"1,067","$1,054,883,281 ","$988,644 ","$930,000 ","1,650",58.40%,"1,015",1.4,108%,11,15
ALL HOME TYPES,5,2023,East Gwillimbury,78,"$108,234,300 ","$1,387,619 ","$1,312,500 ",132,48.30%,99,2.5,104%,14,21
ALL HOME TYPES,5,2023,Essa,32,"$24,851,300 ","$776,603 ","$711,250 ",45,48.70%,41,2.5,98%,21,36
ALL HOME TYPES,5,2023,Georgina,110,"$98,755,516 ","$897,777 ","$865,000 ",179,49.70%,140,2.4,103%,15,21
ALL HOME TYPES,5,2023,Halton Hills,93,"$110,369,398 ","$1,186,768 ","$1,140,000 ",149,50.20%,107,2.2,102%,10,18
ALL HOME TYPES,5,2023,Halton Region,954,"$1,214,630,744 ","$1,273,198 ","$1,175,000 ","1,457",54.40%,"1,071",2.1,103%,14,19
ALL HOME TYPES,5,2023,Innisfil,87,"$82,865,455 ","$952,476 ","$880,000 ",209,34.40%,257,4.3,97%,23,33
ALL HOME TYPES,5,2023,King,44,"$90,629,990 ","$2,059,773 ","$1,887,500 ",91,34.50%,122,4.9,97%,20,31
ALL HOME TYPES,5,2023,Markham,437,"$618,738,098 ","$1,415,877 ","$1,390,000 ",682,60.80%,429,1.6,113%,12,15
ALL HOME TYPES,5,2023,Milton,202,"$225,741,018 ","$1,117,530 ","$1,100,000 ",306,58.70%,187,1.6,106%,10,13
ALL HOME TYPES,5,2023,Mississauga,832,"$948,753,179 ","$1,140,328 ","$1,034,500 ","1,384",50.60%,"1,029",2.2,104%,14,19
ALL HOME TYPES,5,2023,New Tecumseth,82,"$78,363,593 ","$955,654 ","$900,000 ",124,46.90%,139,2.9,100%,20,24
ALL HOME TYPES,5,2023,Newmarket,114,"$142,290,939 ","$1,248,166 ","$1,209,000 ",197,61.10%,126,1.5,106%,10,13
ALL HOME TYPES,5,2023,Oakville,327,"$508,242,564 ","$1,554,259 ","$1,383,000 ",565,51.40%,478,2.4,103%,14,19
ALL HOME TYPES,5,2023,Orangeville,52,"$43,377,841 ","$834,189 ","$803,500 ",59,61.00%,42,2,100%,16,21
ALL HOME TYPES,5,2023,Oshawa,312,"$266,972,758 ","$855,682 ","$820,900 ",468,58.80%,280,1.4,111%,11,14
ALL HOME TYPES,5,2023,Peel Region,"1,683","$1,922,090,732 ","$1,142,062 ","$1,062,750 ","2,925",50.00%,"2,104",2.2,104%,13,18
ALL HOME TYPES,5,2023,Pickering,145,"$156,309,364 ","$1,077,996 ","$995,000 ",227,56.80%,142,1.6,108%,11,14
ALL HOME TYPES,5,2023,Richmond Hill,281,"$420,364,518 ","$1,495,959 ","$1,400,800 ",483,52.10%,394,2.3,107%,15,20
ALL HOME TYPES,5,2023,Scugog,43,"$43,479,099 ","$1,011,142 ","$935,000 ",66,52.80%,56,2.3,103%,15,24
ALL HOME TYPES,5,2023,Simcoe County,269,"$267,407,425 ","$994,080 ","$925,000 ",522,42.70%,560,3.2,99%,20,28
ALL HOME TYPES,5,2023,Stouffville,90,"$113,383,381 ","$1,259,815 ","$1,170,000 ",153,49.90%,123,2.5,105%,17,22
ALL HOME TYPES,5,2023,Toronto C01,435,"$387,020,209 ","$889,702 ","$780,000 ",899,45.70%,882,2.9,103%,17,25
ALL HOME TYPES,5,2023,Toronto C02,99,"$174,041,377 ","$1,757,994 ","$1,250,000 ",200,40.00%,243,3.7,98%,19,33
ALL HOME TYPES,5,2023,Toronto C03,54,"$97,425,705 ","$1,804,180 ","$1,528,518 ",126,43.70%,114,2.9,103%,17,20
ALL HOME TYPES,5,2023,Toronto C04,107,"$263,452,584 ","$2,462,174 ","$2,295,900 ",159,49.60%,116,2.3,102%,14,23
ALL HOME TYPES,5,2023,Toronto C06,46,"$61,461,142 ","$1,336,112 ","$1,247,500 ",92,41.30%,97,3.1,104%,19,29
ALL HOME TYPES,5,2023,Toronto C07,114,"$145,723,943 ","$1,278,280 ","$857,000 ",198,50.90%,171,2.5,103%,13,16
ALL HOME TYPES,5,2023,Toronto C08,249,"$209,064,194 ","$839,615 ","$725,000 ",532,42.80%,521,3.1,101%,17,26
ALL HOME TYPES,5,2023,Toronto C09,37,"$117,308,915 ","$3,170,511 ","$2,250,015 ",49,55.80%,43,2.2,99%,19,35
ALL HOME TYPES,5,2023,Toronto C10,107,"$118,532,807 ","$1,107,783 ","$765,000 ",154,49.10%,121,2.5,104%,16,23
ALL HOME TYPES,5,2023,Toronto C11,48,"$65,710,920 ","$1,368,978 ","$751,000 ",76,48.30%,62,2.4,103%,18,25
ALL HOME TYPES,5,2023,Toronto C12,38,"$113,516,018 ","$2,987,264 ","$2,675,000 ",81,35.40%,110,5.8,99%,20,32
ALL HOME TYPES,5,2023,Toronto C13,80,"$129,041,100 ","$1,613,014 ","$982,500 ",111,53.40%,95,2.2,102%,17,20
ALL HOME TYPES,5,2023,Toronto C14,109,"$128,659,599 ","$1,180,363 ","$820,000 ",186,51.00%,170,2.6,104%,18,24
ALL HOME TYPES,5,2023,Toronto C15,145,"$149,806,082 ","$1,033,145 ","$825,000 ",248,54.00%,188,2.1,106%,15,20
ALL HOME TYPES,5,2023,Toronto Central,"1,668","$2,160,764,595 ","$1,295,422 ","$851,050 ","3,111",46.70%,"2,933",2.8,102%,17,24
ALL HOME TYPES,5,2023,Toronto E01,93,"$122,343,181 ","$1,315,518 ","$1,207,000 ",129,54.70%,64,1.4,114%,10,14
ALL HOME TYPES,5,2023,Toronto E02,65,"$99,862,207 ","$1,536,342 ","$1,465,000 ",115,53.20%,75,1.6,111%,15,16
ALL HOME TYPES,5,2023,Toronto E03,91,"$123,115,467 ","$1,352,917 ","$1,316,000 ",159,53.20%,97,1.6,113%,12,15
ALL HOME TYPES,5,2023,Toronto E04,81,"$76,101,150 ","$939,520 ","$1,020,000 ",121,58.40%,72,1.6,111%,12,18
ALL HOME TYPES,5,2023,Toronto E05,68,"$67,953,652 ","$999,318 ","$870,000 ",102,58.00%,78,1.7,109%,11,13
ALL HOME TYPES,5,2023,Toronto E06,41,"$48,530,891 ","$1,183,680 ","$1,013,000 ",87,49.10%,66,2.1,109%,12,20
ALL HOME TYPES,5,2023,Toronto E07,69,"$60,330,466 ","$874,355 ","$650,000 ",101,59.50%,63,1.8,112%,13,19
ALL HOME TYPES,5,2023,Toronto E08,52,"$50,938,239 ","$979,582 ","$922,944 ",118,47.50%,105,2.4,107%,13,15
ALL HOME TYPES,5,2023,Toronto E09,78,"$74,467,955 ","$954,717 ","$1,030,000 ",110,60.50%,63,1.5,111%,13,17
ALL HOME TYPES,5,2023,Toronto E10,54,"$57,014,874 ","$1,055,831 ","$1,097,500 ",87,54.50%,71,1.8,107%,9,16
ALL HOME TYPES,5,2023,Toronto E11,65,"$57,702,200 ","$887,726 ","$880,000 ",115,53.00%,78,1.9,110%,10,14
ALL HOME TYPES,5,2023,Toronto East,757,"$838,360,282 ","$1,107,477 ","$1,090,000 ","1,244",55.10%,832,1.7,111%,12,16
ALL HOME TYPES,5,2023,Toronto W01,57,"$80,881,611 ","$1,418,976 ","$1,409,000 ",98,51.80%,81,2.1,108%,16,20
ALL HOME TYPES,5,2023,Toronto W02,89,"$126,911,284 ","$1,425,969 ","$1,330,000 ",149,50.70%,100,2,108%,13,20
ALL HOME TYPES,5,2023,Toronto W03,67,"$71,171,651 ","$1,062,263 ","$1,027,500 ",103,49.60%,81,2.2,110%,14,22
ALL HOME TYPES,5,2023,Toronto W04,94,"$90,132,900 ","$958,861 ","$900,000 ",144,48.90%,139,2.6,102%,19,27
ALL HOME TYPES,5,2023,Toronto W05,105,"$87,020,432 ","$828,766 ","$779,000 ",168,50.90%,174,2.7,103%,22,27
ALL HOME TYPES,5,2023,Toronto W06,154,"$149,633,189 ","$971,644 ","$847,500 ",256,46.70%,220,2.6,102%,15,22
ALL HOME TYPES,5,2023,Toronto W07,32,"$46,240,100 ","$1,445,003 ","$1,370,000 ",54,56.50%,37,1.8,102%,21,25
ALL HOME TYPES,5,2023,Toronto W08,167,"$194,887,363 ","$1,166,990 ","$860,000 ",255,51.30%,221,2.3,102%,17,28
ALL HOME TYPES,5,2023,Toronto W09,35,"$37,420,800 ","$1,069,166 ","$990,000 ",61,51.50%,56,2.5,108%,10,17
ALL HOME TYPES,5,2023,Toronto W10,60,"$48,788,769 ","$813,146 ","$723,500 ",91,47.90%,75,2.8,105%,19,25
ALL HOME TYPES,5,2023,Toronto West,860,"$933,088,099 ","$1,084,986 ","$950,000 ","1,379",49.90%,"1,184",2.4,104%,17,24
ALL HOME TYPES,5,2023,Uxbridge,29,"$37,585,388 ","$1,296,048 ","$1,130,000 ",54,51.10%,50,2.2,99%,23,27
ALL HOME TYPES,5,2023,Vaughan,446,"$607,584,697 ","$1,362,298 ","$1,303,000 ",768,49.30%,586,2.4,104%,14,22
ALL HOME TYPES,5,2023,Whitby,187,"$208,170,070 ","$1,113,209 ","$1,052,711 ",297,59.90%,154,1.2,109%,9,14
ALL HOME TYPES,5,2023,York Region,"1,702","$2,344,657,919 ","$1,377,590 ","$1,296,800 ","2,847",53.40%,"2,127",2.1,107%,14,19
ALL HOME TYPES,6,2023,Adjala-Tosorontio,11,"$14,154,000 ","$1,286,727 ","$1,231,000 ",17,43.00%,38,4.6,99%,25,38
ALL HOME TYPES,6,2023,Ajax,123,"$127,164,876 ","$1,033,861 ","$995,500 ",245,61.70%,160,1.2,109%,8,11
ALL HOME TYPES,6,2023,All TRREB Areas,"7,481","$8,843,436,302 ","$1,182,120 ","$1,010,000 ","15,865",52.50%,"14,107",2.1,104%,14,19
ALL HOME TYPES,6,2023,Aurora,85,"$118,934,600 ","$1,399,231 ","$1,310,000 ",152,62.30%,122,1.6,106%,12,17
ALL HOME TYPES,6,2023,Bradford,35,"$38,986,799 ","$1,113,909 ","$1,100,000 ",115,49.60%,121,2.1,99%,15,25
ALL HOME TYPES,6,2023,Brampton,604,"$672,824,778 ","$1,113,948 ","$1,045,000 ","1,517",52.00%,"1,175",1.9,103%,13,17
ALL HOME TYPES,6,2023,Brock,19,"$14,565,700 ","$766,616 ","$694,900 ",54,43.20%,63,3.3,99%,13,24
ALL HOME TYPES,6,2023,Burlington,259,"$305,111,252 ","$1,178,036 ","$1,082,000 ",469,58.80%,384,1.9,101%,15,20
ALL HOME TYPES,6,2023,Caledon,100,"$156,014,526 ","$1,560,145 ","$1,318,000 ",227,40.80%,259,3.5,96%,22,31
ALL HOME TYPES,6,2023,City of Toronto,"2,833","$3,264,816,150 ","$1,152,424 ","$925,000 ","5,789",50.50%,"5,521",2.4,104%,15,20
ALL HOME TYPES,6,2023,Clarington,169,"$158,280,662 ","$936,572 ","$860,000 ",319,59.90%,221,1.4,108%,10,14
ALL HOME TYPES,6,2023,Dufferin County,44,"$37,291,190 ","$847,527 ","$825,000 ",83,62.30%,69,1.9,100%,11,14
ALL HOME TYPES,6,2023,Durham Region,898,"$897,808,538 ","$999,787 ","$930,000 ","1,860",58.40%,"1,336",1.4,107%,11,15
ALL HOME TYPES,6,2023,East Gwillimbury,59,"$83,897,977 ","$1,422,000 ","$1,308,000 ",129,48.80%,119,2.4,105%,13,20
ALL HOME TYPES,6,2023,Essa,29,"$24,772,100 ","$854,210 ","$727,500 ",54,50.80%,45,2.4,98%,23,35
ALL HOME TYPES,6,2023,Georgina,70,"$63,235,107 ","$903,359 ","$822,500 ",180,50.00%,173,2.3,102%,14,20
ALL HOME TYPES,6,2023,Halton Hills,87,"$99,251,199 ","$1,140,818 ","$1,095,000 ",165,52.90%,132,2.1,100%,12,18
ALL HOME TYPES,6,2023,Halton Region,787,"$1,018,575,486 ","$1,294,251 ","$1,173,500 ","1,546",56.10%,"1,315",2,101%,14,19
ALL HOME TYPES,6,2023,Innisfil,86,"$81,315,587 ","$945,530 ","$810,000 ",255,35.70%,300,4.2,100%,23,35
ALL HOME TYPES,6,2023,King,32,"$73,994,860 ","$2,312,339 ","$2,085,500 ",84,36.20%,131,4.7,98%,22,40
ALL HOME TYPES,6,2023,Markham,349,"$501,554,672 ","$1,437,119 ","$1,425,000 ",664,61.50%,521,1.5,110%,12,14
ALL HOME TYPES,6,2023,Milton,171,"$190,799,025 ","$1,115,784 ","$1,055,000 ",356,60.00%,244,1.5,104%,11,14
ALL HOME TYPES,6,2023,Mississauga,679,"$755,408,424 ","$1,112,531 ","$995,000 ","1,422",52.10%,"1,225",2.1,102%,13,19
ALL HOME TYPES,6,2023,New Tecumseth,73,"$70,107,088 ","$960,371 ","$899,900 ",116,49.80%,142,2.8,100%,25,32
ALL HOME TYPES,6,2023,Newmarket,97,"$116,217,437 ","$1,198,118 ","$1,150,000 ",216,60.40%,161,1.5,107%,9,13
ALL HOME TYPES,6,2023,Oakville,270,"$423,414,010 ","$1,568,200 ","$1,373,000 ",556,52.60%,555,2.3,101%,15,21
ALL HOME TYPES,6,2023,Orangeville,44,"$37,291,190 ","$847,527 ","$825,000 ",83,62.30%,69,1.9,100%,11,14
ALL HOME TYPES,6,2023,Oshawa,228,"$194,899,488 ","$854,822 ","$810,000 ",507,57.90%,365,1.4,110%,11,13
ALL HOME TYPES,6,2023,Peel Region,"1,383","$1,584,247,728 ","$1,145,515 ","$1,035,000 ","3,166",51.20%,"2,659",2.1,102%,13,19
ALL HOME TYPES,6,2023,Pickering,125,"$141,069,886 ","$1,128,559 ","$1,015,500 ",266,57.70%,190,1.5,107%,11,14
ALL HOME TYPES,6,2023,Richmond Hill,197,"$305,448,029 ","$1,550,498 ","$1,420,500 ",563,51.70%,512,2.2,105%,15,20
ALL HOME TYPES,6,2023,Scugog,30,"$29,899,000 ","$996,633 ","$902,500 ",68,53.30%,68,2.3,103%,17,20
ALL HOME TYPES,6,2023,Simcoe County,234,"$229,335,574 ","$980,067 ","$880,000 ",557,44.10%,646,3.1,100%,23,33
ALL HOME TYPES,6,2023,Stouffville,63,"$90,473,966 ","$1,436,095 ","$1,350,000 ",150,52.20%,143,2.3,106%,11,15
ALL HOME TYPES,6,2023,Toronto C01,382,"$357,941,249 ","$937,019 ","$777,500 ",962,45.90%,"1,046",2.9,103%,16,22
ALL HOME TYPES,6,2023,Toronto C02,96,"$175,126,486 ","$1,824,234 ","$1,337,500 ",206,41.50%,255,3.5,99%,14,25
ALL HOME TYPES,6,2023,Toronto C03,68,"$129,755,540 ","$1,908,170 ","$1,505,000 ",120,46.70%,118,2.6,102%,14,20
ALL HOME TYPES,6,2023,Toronto C04,71,"$153,935,081 ","$2,168,100 ","$1,850,000 ",118,51.50%,102,2.1,101%,15,23
ALL HOME TYPES,6,2023,Toronto C06,40,"$40,250,900 ","$1,006,273 ","$727,500 ",66,44.10%,87,3,104%,17,28
ALL HOME TYPES,6,2023,Toronto C07,83,"$90,118,876 ","$1,085,770 ","$800,000 ",175,51.70%,185,2.4,101%,16,22
ALL HOME TYPES,6,2023,Toronto C08,202,"$176,180,178 ","$872,179 ","$720,000 ",519,42.90%,576,3.1,101%,19,27
ALL HOME TYPES,6,2023,Toronto C09,19,"$47,607,300 ","$2,505,647 ","$1,662,000 ",29,55.60%,36,2.3,97%,19,32
ALL HOME TYPES,6,2023,Toronto C10,66,"$67,235,531 ","$1,018,720 ","$795,000 ",138,50.70%,130,2.4,101%,16,23
ALL HOME TYPES,6,2023,Toronto C11,39,"$40,950,800 ","$1,050,021 ","$645,000 ",70,48.50%,75,2.5,100%,13,19
ALL HOME TYPES,6,2023,Toronto C12,19,"$65,393,176 ","$3,441,746 ","$2,477,000 ",66,34.90%,125,5.9,95%,31,62
ALL HOME TYPES,6,2023,Toronto C13,51,"$68,463,200 ","$1,342,416 ","$935,000 ",125,54.50%,119,2.1,101%,16,18
ALL HOME TYPES,6,2023,Toronto C14,89,"$99,492,552 ","$1,117,894 ","$827,000 ",193,52.20%,190,2.4,103%,12,18
ALL HOME TYPES,6,2023,Toronto C15,128,"$138,499,320 ","$1,082,026 ","$894,500 ",268,54.70%,234,2,106%,14,18
ALL HOME TYPES,6,2023,Toronto Central,"1,353","$1,650,950,189 ","$1,220,214 ","$830,000 ","3,055",47.50%,"3,278",2.7,102%,16,23
ALL HOME TYPES,6,2023,Toronto E01,72,"$98,315,650 ","$1,365,495 ","$1,305,000 ",112,57.30%,61,1.3,111%,9,12
ALL HOME TYPES,6,2023,Toronto E02,70,"$97,582,819 ","$1,394,040 ","$1,271,500 ",109,55.50%,67,1.6,113%,9,12
ALL HOME TYPES,6,2023,Toronto E03,91,"$124,506,939 ","$1,368,208 ","$1,340,000 ",135,55.70%,87,1.6,113%,10,14
ALL HOME TYPES,6,2023,Toronto E04,80,"$81,028,010 ","$1,012,850 ","$1,013,500 ",133,60.90%,98,1.6,109%,11,16
ALL HOME TYPES,6,2023,Toronto E05,76,"$74,878,607 ","$985,245 ","$853,900 ",125,59.80%,92,1.6,110%,12,15
ALL HOME TYPES,6,2023,Toronto E06,48,"$53,453,854 ","$1,113,622 ","$1,024,400 ",91,50.20%,75,2,109%,11,14
ALL HOME TYPES,6,2023,Toronto E07,66,"$58,467,104 ","$885,865 ","$720,500 ",111,61.30%,77,1.7,110%,13,16
ALL HOME TYPES,6,2023,Toronto E08,67,"$68,602,588 ","$1,023,919 ","$815,000 ",114,50.50%,103,2.3,101%,18,22
ALL HOME TYPES,6,2023,Toronto E09,73,"$65,990,226 ","$903,976 ","$925,000 ",131,61.90%,83,1.4,112%,11,15
ALL HOME TYPES,6,2023,Toronto E10,54,"$56,413,100 ","$1,044,687 ","$1,065,000 ",110,55.30%,78,1.7,105%,13,15
ALL HOME TYPES,6,2023,Toronto E11,54,"$46,743,939 ","$865,629 ","$860,000 ",108,54.70%,84,1.8,106%,15,18
ALL HOME TYPES,6,2023,Toronto East,751,"$825,982,837 ","$1,099,844 ","$1,050,000 ","1,279",57.00%,905,1.7,109%,12,15
ALL HOME TYPES,6,2023,Toronto W01,47,"$67,902,599 ","$1,444,736 ","$1,260,000 ",106,51.10%,99,2.1,106%,14,15
ALL HOME TYPES,6,2023,Toronto W02,69,"$83,407,747 ","$1,208,808 ","$1,150,000 ",106,54.30%,90,1.9,106%,19,22
ALL HOME TYPES,6,2023,Toronto W03,41,"$40,957,500 ","$998,963 ","$991,000 ",97,49.70%,94,2.2,109%,13,18
ALL HOME TYPES,6,2023,Toronto W04,78,"$70,724,168 ","$906,720 ","$832,500 ",158,49.00%,149,2.6,104%,20,29
ALL HOME TYPES,6,2023,Toronto W05,107,"$95,644,799 ","$893,877 ","$952,000 ",221,51.00%,207,2.7,103%,18,22
ALL HOME TYPES,6,2023,Toronto W06,120,"$128,394,832 ","$1,069,957 ","$918,500 ",283,47.70%,268,2.5,102%,15,22
ALL HOME TYPES,6,2023,Toronto W07,24,"$41,392,500 ","$1,724,688 ","$1,735,000 ",47,54.40%,45,1.9,105%,9,16
ALL HOME TYPES,6,2023,Toronto W08,152,"$176,508,778 ","$1,161,242 ","$872,000 ",269,53.50%,249,2.2,101%,16,19
ALL HOME TYPES,6,2023,Toronto W09,36,"$36,529,400 ","$1,014,706 ","$1,105,000 ",63,53.10%,55,2.4,108%,16,18
ALL HOME TYPES,6,2023,Toronto W10,55,"$46,420,802 ","$844,015 ","$920,000 ",105,50.40%,82,2.6,103%,14,25
ALL HOME TYPES,6,2023,Toronto West,729,"$787,883,125 ","$1,080,772 ","$977,000 ","1,455",51.00%,"1,338",2.4,104%,16,21
ALL HOME TYPES,6,2023,Uxbridge,34,"$45,367,199 ","$1,334,329 ","$1,298,500 ",60,51.90%,57,2.2,99%,11,23
ALL HOME TYPES,6,2023,Vaughan,350,"$457,604,988 ","$1,307,443 ","$1,258,000 ",726,50.90%,679,2.3,103%,15,23
ALL HOME TYPES,6,2023,Whitby,170,"$186,561,727 ","$1,097,422 ","$1,030,000 ",341,60.00%,212,1.2,108%,11,16
ALL HOME TYPES,6,2023,York Region,"1,302","$1,811,361,636 ","$1,391,215 ","$1,316,500 ","2,864",54.20%,"2,561",2,106%,13,19
ALL HOME TYPES,7,2023,Adjala-Tosorontio,8,"$8,891,000 ","$1,111,375 ","$935,000 ",24,35.50%,43,4.4,97%,53,66
ALL HOME TYPES,7,2023,Ajax,88,"$88,842,099 ","$1,009,569 ","$962,500 ",220,59.80%,188,1.2,106%,11,15
ALL HOME TYPES,7,2023,All TRREB Areas,"5,250","$5,871,463,281 ","$1,118,374 ","$974,000 ","13,712",51.50%,"15,371",2.1,102%,17,24
ALL HOME TYPES,7,2023,Aurora,66,"$85,610,400 ","$1,297,127 ","$1,224,250 ",130,62.20%,136,1.5,102%,14,19
ALL HOME TYPES,7,2023,Bradford,40,"$44,288,950 ","$1,107,224 ","$1,040,000 ",105,44.60%,123,2.1,100%,17,23
ALL HOME TYPES,7,2023,Brampton,363,"$381,897,385 ","$1,052,059 ","$980,000 ","1,357",50.40%,"1,401",1.9,101%,15,22
ALL HOME TYPES,7,2023,Brock,20,"$16,404,050 ","$820,203 ","$761,500 ",29,43.20%,58,3.2,101%,25,26
ALL HOME TYPES,7,2023,Burlington,204,"$237,888,275 ","$1,166,119 ","$1,081,500 ",365,59.50%,381,1.9,99%,17,23
ALL HOME TYPES,7,2023,Caledon,65,"$90,340,501 ","$1,389,854 ","$1,310,000 ",185,41.10%,272,3.4,98%,23,34
ALL HOME TYPES,7,2023,City of Toronto,"1,886","$2,010,822,983 ","$1,066,184 ","$866,550 ","5,117",49.70%,"6,059",2.4,103%,18,24
ALL HOME TYPES,7,2023,Clarington,163,"$145,920,887 ","$895,220 ","$847,000 ",279,60.50%,209,1.3,105%,14,20
ALL HOME TYPES,7,2023,Dufferin County,44,"$37,327,571 ","$848,354 ","$801,000 ",71,64.80%,66,1.7,100%,17,21
ALL HOME TYPES,7,2023,Durham Region,770,"$740,626,051 ","$961,852 ","$895,000 ","1,677",57.70%,"1,416",1.4,104%,14,19
ALL HOME TYPES,7,2023,East Gwillimbury,36,"$50,434,679 ","$1,400,963 ","$1,260,000 ",98,48.00%,117,2.3,101%,22,25
ALL HOME TYPES,7,2023,Essa,25,"$19,213,501 ","$768,540 ","$710,000 ",41,34.60%,47,2.2,98%,20,30
ALL HOME TYPES,7,2023,Georgina,43,"$37,903,500 ","$881,477 ","$835,000 ",139,47.50%,198,2.4,99%,19,30
ALL HOME TYPES,7,2023,Halton Hills,53,"$58,675,832 ","$1,107,091 ","$988,888 ",112,53.20%,132,2,99%,15,22
ALL HOME TYPES,7,2023,Halton Region,565,"$709,477,812 ","$1,255,713 ","$1,131,000 ","1,233",56.10%,"1,368",2,99%,17,23
ALL HOME TYPES,7,2023,Innisfil,55,"$46,527,713 ","$845,958 ","$765,313 ",188,27.60%,296,4.2,94%,29,43
ALL HOME TYPES,7,2023,King,15,"$28,909,999 ","$1,927,333 ","$1,900,000 ",77,34.90%,142,4.9,98%,20,24
ALL HOME TYPES,7,2023,Markham,241,"$329,875,569 ","$1,368,778 ","$1,300,000 ",551,60.20%,546,1.5,104%,15,20
ALL HOME TYPES,7,2023,Milton,129,"$139,252,593 ","$1,079,477 ","$1,055,000 ",327,59.10%,286,1.5,100%,13,17
ALL HOME TYPES,7,2023,Mississauga,465,"$491,802,801 ","$1,057,640 ","$957,860 ","1,229",51.90%,"1,376",2.1,100%,17,24
ALL HOME TYPES,7,2023,New Tecumseth,45,"$43,185,400 ","$959,676 ","$880,000 ",113,45.50%,154,2.7,99%,34,47
ALL HOME TYPES,7,2023,Newmarket,63,"$76,559,741 ","$1,215,234 ","$1,130,000 ",182,57.80%,174,1.5,103%,14,19
ALL HOME TYPES,7,2023,Oakville,179,"$273,661,112 ","$1,528,833 ","$1,330,000 ",429,52.40%,569,2.3,98%,21,29
ALL HOME TYPES,7,2023,Orangeville,44,"$37,327,571 ","$848,354 ","$801,000 ",71,64.80%,66,1.7,100%,17,21
ALL HOME TYPES,7,2023,Oshawa,194,"$160,973,187 ","$829,759 ","$778,000 ",510,56.00%,416,1.4,104%,15,21
ALL HOME TYPES,7,2023,Peel Region,893,"$964,040,687 ","$1,079,553 ","$995,000 ","2,771",50.40%,"3,049",2.1,100%,17,24
ALL HOME TYPES,7,2023,Pickering,108,"$111,143,995 ","$1,029,111 ","$952,500 ",244,57.00%,199,1.5,102%,13,16
ALL HOME TYPES,7,2023,Richmond Hill,168,"$239,075,442 ","$1,423,068 ","$1,260,500 ",423,51.20%,528,2.2,103%,16,21
ALL HOME TYPES,7,2023,Scugog,35,"$34,084,521 ","$973,843 ","$895,000 ",60,54.10%,72,2.2,101%,17,23
ALL HOME TYPES,7,2023,Simcoe County,173,"$162,106,564 ","$937,032 ","$850,000 ",471,36.00%,663,3.1,97%,28,39
ALL HOME TYPES,7,2023,Stouffville,47,"$70,885,490 ","$1,508,202 ","$1,201,000 ",130,52.20%,169,2.3,98%,19,24
ALL HOME TYPES,7,2023,Toronto C01,299,"$264,062,131 ","$883,151 ","$753,000 ",902,44.80%,"1,153",2.9,101%,18,26
ALL HOME TYPES,7,2023,Toronto C02,40,"$55,740,999 ","$1,393,525 ","$1,108,500 ",136,40.40%,237,3.6,99%,18,28
ALL HOME TYPES,7,2023,Toronto C03,25,"$57,368,100 ","$2,294,724 ","$1,210,000 ",85,46.20%,125,2.6,97%,22,34
ALL HOME TYPES,7,2023,Toronto C04,39,"$80,822,906 ","$2,072,382 ","$1,810,000 ",67,53.10%,87,2.1,102%,19,24
ALL HOME TYPES,7,2023,Toronto C06,27,"$27,629,383 ","$1,023,310 ","$720,000 ",70,43.80%,89,3,100%,25,32
ALL HOME TYPES,7,2023,Toronto C07,53,"$66,002,951 ","$1,245,339 ","$850,000 ",140,51.50%,190,2.4,99%,20,28
ALL HOME TYPES,7,2023,Toronto C08,122,"$92,955,388 ","$761,929 ","$686,000 ",513,40.40%,671,3.2,101%,21,29
ALL HOME TYPES,7,2023,Toronto C09,13,"$27,401,000 ","$2,107,769 ","$1,960,000 ",26,55.30%,30,2.3,99%,28,33
ALL HOME TYPES,7,2023,Toronto C10,46,"$46,111,900 ","$1,002,433 ","$804,000 ",137,48.70%,150,2.4,101%,19,32
ALL HOME TYPES,7,2023,Toronto C11,28,"$36,685,236 ","$1,310,187 ","$831,000 ",60,50.10%,78,2.3,101%,22,27
ALL HOME TYPES,7,2023,Toronto C12,19,"$53,647,000 ","$2,823,526 ","$2,700,000 ",53,36.10%,126,5.6,98%,25,38
ALL HOME TYPES,7,2023,Toronto C13,43,"$48,218,188 ","$1,121,353 ","$840,000 ",102,53.50%,123,2.1,101%,16,28
ALL HOME TYPES,7,2023,Toronto C14,64,"$60,437,344 ","$944,334 ","$782,000 ",195,51.30%,232,2.4,101%,18,23
ALL HOME TYPES,7,2023,Toronto C15,96,"$85,103,652 ","$886,496 ","$730,500 ",228,54.30%,249,2,103%,19,25
ALL HOME TYPES,7,2023,Toronto Central,914,"$1,002,186,179 ","$1,096,484 ","$800,000 ","2,714",46.50%,"3,540",2.7,100%,19,27
ALL HOME TYPES,7,2023,Toronto E01,37,"$43,117,350 ","$1,165,334 ","$1,110,000 ",99,56.90%,82,1.3,109%,12,13
ALL HOME TYPES,7,2023,Toronto E02,38,"$51,664,361 ","$1,359,588 ","$1,321,000 ",89,53.80%,74,1.6,109%,9,10
ALL HOME TYPES,7,2023,Toronto E03,50,"$64,526,632 ","$1,290,533 ","$1,205,000 ",118,55.60%,92,1.5,106%,13,22
ALL HOME TYPES,7,2023,Toronto E04,61,"$59,088,185 ","$968,659 ","$1,011,000 ",133,60.10%,115,1.5,109%,14,15
ALL HOME TYPES,7,2023,Toronto E05,50,"$48,848,980 ","$976,980 ","$861,000 ",106,59.80%,104,1.6,107%,14,15
ALL HOME TYPES,7,2023,Toronto E06,25,"$25,502,087 ","$1,020,083 ","$915,000 ",56,51.50%,70,2,103%,18,25
ALL HOME TYPES,7,2023,Toronto E07,37,"$33,157,144 ","$896,139 ","$921,888 ",106,60.90%,107,1.7,105%,18,25
ALL HOME TYPES,7,2023,Toronto E08,38,"$35,657,500 ","$938,355 ","$955,000 ",96,50.50%,119,2.3,102%,19,22
ALL HOME TYPES,7,2023,Toronto E09,49,"$41,516,788 ","$847,281 ","$860,000 ",140,60.70%,109,1.4,107%,12,14
ALL HOME TYPES,7,2023,Toronto E10,45,"$48,148,599 ","$1,069,969 ","$1,065,000 ",83,55.90%,85,1.7,103%,15,21
ALL HOME TYPES,7,2023,Toronto E11,32,"$25,269,177 ","$789,662 ","$695,000 ",113,52.80%,112,1.8,106%,16,21
ALL HOME TYPES,7,2023,Toronto East,462,"$476,496,803 ","$1,031,378 ","$999,999 ","1,139",56.60%,"1,069",1.6,106%,14,18
ALL HOME TYPES,7,2023,Toronto W01,32,"$37,950,809 ","$1,185,963 ","$1,010,000 ",99,49.70%,107,2.2,102%,15,23
ALL HOME TYPES,7,2023,Toronto W02,55,"$63,191,306 ","$1,148,933 ","$1,075,500 ",117,53.20%,99,1.8,105%,12,21
ALL HOME TYPES,7,2023,Toronto W03,34,"$34,302,036 ","$1,008,883 ","$967,000 ",91,49.50%,97,2.2,104%,20,26
ALL HOME TYPES,7,2023,Toronto W04,43,"$41,466,225 ","$964,331 ","$861,000 ",131,48.80%,165,2.6,100%,19,24
ALL HOME TYPES,7,2023,Toronto W05,80,"$71,340,849 ","$891,761 ","$915,000 ",151,52.70%,211,2.6,101%,20,28
ALL HOME TYPES,7,2023,Toronto W06,78,"$81,141,788 ","$1,040,279 ","$815,000 ",220,46.90%,282,2.6,111%,21,28
ALL HOME TYPES,7,2023,Toronto W07,15,"$27,597,500 ","$1,839,833 ","$1,540,000 ",43,52.10%,50,2,101%,14,27
ALL HOME TYPES,7,2023,Toronto W08,106,"$116,016,650 ","$1,094,497 ","$767,000 ",256,52.40%,275,2.2,102%,19,24
ALL HOME TYPES,7,2023,Toronto W09,27,"$27,264,901 ","$1,009,811 ","$1,075,000 ",62,53.40%,64,2.3,105%,15,18
ALL HOME TYPES,7,2023,Toronto W10,40,"$31,867,938 ","$796,698 ","$840,000 ",94,50.70%,100,2.4,101%,22,26
ALL HOME TYPES,7,2023,Toronto West,510,"$532,140,002 ","$1,043,412 ","$906,750 ","1,264",50.60%,"1,450",2.3,104%,18,25
ALL HOME TYPES,7,2023,Uxbridge,23,"$34,007,000 ","$1,478,565 ","$1,450,000 ",46,51.80%,55,2.2,99%,18,26
ALL HOME TYPES,7,2023,Vaughan,240,"$327,806,792 ","$1,365,862 ","$1,277,500 ",642,51.10%,740,2.2,100%,18,26
ALL HOME TYPES,7,2023,Whitby,139,"$149,250,312 ","$1,073,743 ","$1,020,000 ",289,60.50%,219,1.2,105%,12,16
ALL HOME TYPES,7,2023,York Region,919,"$1,247,061,612 ","$1,356,977 ","$1,240,000 ","2,372",53.50%,"2,750",2,102%,16,22
ALL HOME TYPES,8,2023,Adjala-Tosorontio,10,"$14,735,000 ","$1,473,500 ","$1,207,500 ",26,43.80%,48,4.3,95%,49,59
ALL HOME TYPES,8,2023,Ajax,113,"$111,107,597 ","$983,253 ","$936,000 ",183,60.10%,161,1.2,104%,14,21
ALL HOME TYPES,8,2023,All TRREB Areas,"5,294","$5,730,732,729 ","$1,082,496 ","$933,250 ","12,296",51.10%,"15,497",2.2,100%,20,28
ALL HOME TYPES,8,2023,Aurora,68,"$99,425,088 ","$1,462,134 ","$1,375,000 ",121,61.00%,131,1.6,101%,15,19
ALL HOME TYPES,8,2023,Bradford,20,"$22,003,000 ","$1,100,150 ","$1,025,000 ",107,46.10%,154,2.3,99%,20,33
ALL HOME TYPES,8,2023,Brampton,425,"$430,841,365 ","$1,013,744 ","$940,000 ","1,202",48.30%,"1,419",2,100%,20,31
ALL HOME TYPES,8,2023,Brock,18,"$15,615,900 ","$867,550 ","$777,500 ",38,45.40%,63,3.1,95%,35,52
ALL HOME TYPES,8,2023,Burlington,185,"$199,040,967 ","$1,075,897 ","$999,000 ",339,59.70%,397,1.9,98%,23,28
ALL HOME TYPES,8,2023,Caledon,44,"$58,857,499 ","$1,337,670 ","$1,105,000 ",178,40.40%,292,3.5,96%,25,32
ALL HOME TYPES,8,2023,City of Toronto,"1,891","$1,902,241,627 ","$1,005,945 ","$810,000 ","4,330",49.30%,"5,928",2.4,101%,21,29
ALL HOME TYPES,8,2023,Clarington,135,"$118,175,054 ","$875,371 ","$810,000 ",239,60.40%,202,1.4,102%,18,25
ALL HOME TYPES,8,2023,Dufferin County,30,"$25,306,775 ","$843,559 ","$813,750 ",73,62.50%,75,1.7,98%,27,36
ALL HOME TYPES,8,2023,Durham Region,776,"$722,341,280 ","$930,852 ","$875,000 ","1,526",56.90%,"1,414",1.5,103%,15,22
ALL HOME TYPES,8,2023,East Gwillimbury,32,"$43,868,094 ","$1,370,878 ","$1,342,500 ",79,48.20%,121,2.4,98%,22,27
ALL HOME TYPES,8,2023,Essa,19,"$15,733,400 ","$828,074 ","$711,000 ",40,51.90%,52,2.2,96%,31,43
ALL HOME TYPES,8,2023,Georgina,57,"$52,266,312 ","$916,953 ","$832,900 ",127,48.30%,192,2.5,96%,27,39
ALL HOME TYPES,8,2023,Halton Hills,47,"$58,782,890 ","$1,250,700 ","$1,101,500 ",126,52.70%,156,2.1,98%,17,28
ALL HOME TYPES,8,2023,Halton Region,554,"$681,635,502 ","$1,230,389 ","$1,090,000 ","1,231",55.20%,"1,477",2,99%,22,29
ALL HOME TYPES,8,2023,Innisfil,56,"$51,819,874 ","$925,355 ","$879,000 ",165,34.80%,293,4.2,98%,22,34
ALL HOME TYPES,8,2023,King,20,"$42,379,000 ","$2,118,950 ","$1,812,500 ",60,35.60%,137,5,93%,23,46
ALL HOME TYPES,8,2023,Markham,243,"$311,530,552 ","$1,282,019 ","$1,240,000 ",473,59.00%,519,1.6,103%,17,22
ALL HOME TYPES,8,2023,Milton,139,"$150,649,921 ","$1,083,812 ","$1,045,000 ",298,56.40%,300,1.6,100%,22,27
ALL HOME TYPES,8,2023,Mississauga,505,"$533,902,372 ","$1,057,232 ","$947,500 ","1,158",51.60%,"1,387",2.1,99%,20,30
ALL HOME TYPES,8,2023,New Tecumseth,43,"$37,412,399 ","$870,056 ","$839,000 ",118,51.00%,180,2.7,99%,21,31
ALL HOME TYPES,8,2023,Newmarket,63,"$77,297,573 ","$1,226,946 ","$1,180,000 ",149,56.80%,187,1.6,101%,19,26
ALL HOME TYPES,8,2023,Oakville,183,"$273,161,724 ","$1,492,687 ","$1,400,000 ",468,51.30%,624,2.3,98%,21,32
ALL HOME TYPES,8,2023,Orangeville,30,"$25,306,775 ","$843,559 ","$813,750 ",73,62.50%,75,1.7,98%,27,36
ALL HOME TYPES,8,2023,Oshawa,243,"$198,068,730 ","$815,098 ","$792,000 ",481,54.80%,418,1.5,104%,14,19
ALL HOME TYPES,8,2023,Peel Region,974,"$1,023,601,236 ","$1,050,925 ","$950,000 ","2,538",49.20%,"3,098",2.1,99%,20,30
ALL HOME TYPES,8,2023,Pickering,97,"$100,417,386 ","$1,035,231 ","$955,000 ",218,55.90%,204,1.5,102%,14,20
ALL HOME TYPES,8,2023,Richmond Hill,161,"$240,692,567 ","$1,494,985 ","$1,360,000 ",395,49.60%,546,2.3,101%,23,33
ALL HOME TYPES,8,2023,Scugog,33,"$34,071,300 ","$1,032,464 ","$950,000 ",52,54.60%,70,2.2,99%,14,19
ALL HOME TYPES,8,2023,Simcoe County,148,"$141,703,673 ","$957,457 ","$876,500 ",456,43.30%,727,3.1,98%,24,36
ALL HOME TYPES,8,2023,Stouffville,49,"$63,879,600 ","$1,303,665 ","$1,250,000 ",109,52.10%,159,2.3,101%,23,28
ALL HOME TYPES,8,2023,Toronto C01,282,"$240,322,825 ","$852,209 ","$718,500 ",700,43.60%,"1,091",3,101%,22,32
ALL HOME TYPES,8,2023,Toronto C02,45,"$55,487,358 ","$1,233,052 ","$930,000 ",110,40.10%,205,3.7,100%,24,30
ALL HOME TYPES,8,2023,Toronto C03,28,"$45,074,905 ","$1,609,818 ","$1,269,444 ",69,46.10%,119,2.7,99%,32,46
ALL HOME TYPES,8,2023,Toronto C04,27,"$63,068,500 ","$2,335,870 ","$1,905,000 ",92,51.80%,116,2.1,97%,13,22
ALL HOME TYPES,8,2023,Toronto C06,14,"$14,408,000 ","$1,029,143 ","$732,000 ",60,42.40%,97,3.1,99%,19,26
ALL HOME TYPES,8,2023,Toronto C07,73,"$81,244,050 ","$1,112,932 ","$855,000 ",140,51.30%,191,2.4,100%,23,35
ALL HOME TYPES,8,2023,Toronto C08,141,"$116,053,675 ","$823,076 ","$699,000 ",456,39.20%,687,3.3,98%,27,36
ALL HOME TYPES,8,2023,Toronto C09,9,"$13,472,000 ","$1,496,889 ","$1,250,000 ",16,55.40%,28,2.2,95%,25,36
ALL HOME TYPES,8,2023,Toronto C10,49,"$44,173,310 ","$901,496 ","$700,000 ",102,49.30%,136,2.4,100%,21,29
ALL HOME TYPES,8,2023,Toronto C11,23,"$18,090,000 ","$786,522 ","$535,000 ",62,49.80%,88,2.4,98%,23,32
ALL HOME TYPES,8,2023,Toronto C12,17,"$53,378,500 ","$3,139,912 ","$1,875,000 ",50,34.10%,125,6,102%,18,36
ALL HOME TYPES,8,2023,Toronto C13,37,"$45,766,824 ","$1,236,941 ","$710,000 ",77,51.70%,112,2.2,100%,21,25
ALL HOME TYPES,8,2023,Toronto C14,81,"$83,217,026 ","$1,027,371 ","$770,000 ",167,50.90%,220,2.4,101%,19,32
ALL HOME TYPES,8,2023,Toronto C15,95,"$90,950,941 ","$957,378 ","$705,000 ",213,53.20%,272,2,99%,21,29
ALL HOME TYPES,8,2023,Toronto Central,921,"$964,707,914 ","$1,047,457 ","$750,000 ","2,314",45.50%,"3,487",2.8,100%,22,32
ALL HOME TYPES,8,2023,Toronto E01,46,"$49,065,311 ","$1,066,637 ","$1,100,000 ",92,57.80%,80,1.3,106%,12,21
ALL HOME TYPES,8,2023,Toronto E02,38,"$45,151,132 ","$1,188,188 ","$1,230,000 ",58,55.90%,48,1.6,105%,15,21
ALL HOME TYPES,8,2023,Toronto E03,42,"$52,073,958 ","$1,239,856 ","$1,181,500 ",96,55.50%,97,1.5,106%,17,29
ALL HOME TYPES,8,2023,Toronto E04,52,"$44,569,388 ","$857,104 ","$898,000 ",107,59.50%,128,1.6,103%,19,20
ALL HOME TYPES,8,2023,Toronto E05,54,"$44,958,188 ","$832,559 ","$777,500 ",109,59.40%,115,1.6,105%,17,21
ALL HOME TYPES,8,2023,Toronto E06,22,"$20,211,800 ","$918,718 ","$847,000 ",58,50.50%,74,2,102%,17,23
ALL HOME TYPES,8,2023,Toronto E07,68,"$62,475,284 ","$918,754 ","$901,500 ",98,61.60%,90,1.6,105%,18,23
ALL HOME TYPES,8,2023,Toronto E08,49,"$41,694,280 ","$850,904 ","$870,000 ",87,51.70%,102,2.2,101%,22,28
ALL HOME TYPES,8,2023,Toronto E09,52,"$45,155,924 ","$868,383 ","$941,250 ",107,59.90%,110,1.4,106%,13,16
ALL HOME TYPES,8,2023,Toronto E10,36,"$34,786,552 ","$966,293 ","$959,500 ",67,56.40%,76,1.7,101%,20,29
ALL HOME TYPES,8,2023,Toronto E11,52,"$41,207,500 ","$792,452 ","$752,500 ",98,52.60%,93,1.8,103%,17,25
ALL HOME TYPES,8,2023,Toronto East,511,"$481,349,317 ","$941,975 ","$910,000 ",977,56.80%,"1,013",1.6,104%,17,23
ALL HOME TYPES,8,2023,Toronto W01,22,"$21,646,000 ","$983,909 ","$872,500 ",51,48.50%,89,2.3,101%,16,26
ALL HOME TYPES,8,2023,Toronto W02,33,"$37,247,200 ","$1,128,703 ","$1,020,000 ",76,53.10%,103,1.8,104%,17,21
ALL HOME TYPES,8,2023,Toronto W03,25,"$23,974,721 ","$958,989 ","$915,000 ",69,50.70%,98,2.1,101%,16,27
ALL HOME TYPES,8,2023,Toronto W04,58,"$53,443,989 ","$921,448 ","$808,000 ",129,48.60%,172,2.6,102%,20,31
ALL HOME TYPES,8,2023,Toronto W05,69,"$53,695,850 ","$778,201 ","$680,000 ",160,53.50%,219,2.5,100%,25,38
ALL HOME TYPES,8,2023,Toronto W06,88,"$82,154,399 ","$933,573 ","$779,500 ",206,46.80%,281,2.6,98%,23,33
ALL HOME TYPES,8,2023,Toronto W07,14,"$19,039,000 ","$1,359,929 ","$1,267,500 ",34,52.60%,48,2.1,103%,14,23
ALL HOME TYPES,8,2023,Toronto W08,99,"$114,329,687 ","$1,154,845 ","$780,000 ",193,52.60%,255,2.2,99%,20,27
ALL HOME TYPES,8,2023,Toronto W09,19,"$23,397,250 ","$1,231,434 ","$1,203,000 ",35,53.30%,54,2.3,100%,28,36
ALL HOME TYPES,8,2023,Toronto W10,32,"$27,256,300 ","$851,759 ","$857,750 ",86,51.50%,109,2.4,99%,20,22
ALL HOME TYPES,8,2023,Toronto West,459,"$456,184,396 ","$993,866 ","$860,500 ","1,039",50.80%,"1,428",2.3,100%,21,30
ALL HOME TYPES,8,2023,Uxbridge,24,"$29,493,950 ","$1,228,915 ","$1,280,000 ",42,52.70%,51,2.2,99%,18,21
ALL HOME TYPES,8,2023,Vaughan,228,"$302,563,850 ","$1,327,034 ","$1,250,000 ",629,49.20%,786,2.3,100%,20,27
ALL HOME TYPES,8,2023,Whitby,113,"$115,391,363 ","$1,021,163 ","$980,000 ",273,58.00%,245,1.3,102%,15,21
ALL HOME TYPES,8,2023,York Region,921,"$1,233,902,636 ","$1,339,742 ","$1,250,000 ","2,142",52.40%,"2,778",2.1,101%,20,27
ALL HOME TYPES,9,2023,Adjala-Tosorontio,7,"$8,882,000 ","$1,268,857 ","$1,110,000 ",31,40.90%,56,4.5,96%,26,26
ALL HOME TYPES,9,2023,Ajax,87,"$86,396,276 ","$993,061 ","$950,000 ",237,57.30%,199,1.3,104%,17,23
ALL HOME TYPES,9,2023,All TRREB Areas,"4,642","$5,196,386,649 ","$1,119,428 ","$960,000 ","16,258",48.90%,"18,912",2.2,100%,20,30
ALL HOME TYPES,9,2023,Aurora,49,"$62,588,300 ","$1,277,312 ","$1,210,000 ",151,58.30%,165,1.7,99%,18,30
ALL HOME TYPES,9,2023,Bradford,29,"$28,879,918 ","$995,859 ","$935,000 ",140,43.00%,178,2.5,98%,25,40
ALL HOME TYPES,9,2023,Brampton,377,"$392,769,526 ","$1,041,829 ","$990,000 ","1,245",46.20%,"1,488",2.1,99%,22,35
ALL HOME TYPES,9,2023,Brock,20,"$15,342,500 ","$767,125 ","$675,250 ",33,45.90%,59,3.2,97%,23,27
ALL HOME TYPES,9,2023,Burlington,148,"$155,305,537 ","$1,049,362 ","$967,500 ",440,58.60%,504,1.9,98%,21,28
ALL HOME TYPES,9,2023,Caledon,45,"$61,373,400 ","$1,363,853 ","$1,315,000 ",250,37.60%,361,3.7,96%,27,34
ALL HOME TYPES,9,2023,City of Toronto,"1,744","$1,952,324,443 ","$1,119,452 ","$890,500 ","6,517",47.30%,"7,580",2.5,101%,20,30
ALL HOME TYPES,9,2023,Clarington,119,"$101,432,363 ","$852,373 ","$817,000 ",310,57.50%,242,1.4,101%,18,29
ALL HOME TYPES,9,2023,Dufferin County,27,"$22,048,900 ","$816,626 ","$832,000 ",86,57.30%,93,1.8,99%,15,34
ALL HOME TYPES,9,2023,Durham Region,653,"$592,505,225 ","$907,359 ","$855,000 ","1,727",54.70%,"1,625",1.5,102%,17,25
ALL HOME TYPES,9,2023,East Gwillimbury,26,"$33,152,170 ","$1,275,083 ","$1,115,935 ",135,44.70%,159,2.6,97%,28,59
ALL HOME TYPES,9,2023,Essa,17,"$12,889,500 ","$758,206 ","$749,000 ",46,53.20%,63,2.2,98%,31,44
ALL HOME TYPES,9,2023,Georgina,38,"$33,438,600 ","$879,963 ","$811,000 ",163,45.20%,220,2.7,98%,25,33
ALL HOME TYPES,9,2023,Halton Hills,47,"$50,934,333 ","$1,083,709 ","$893,000 ",181,50.20%,204,2.2,96%,22,32
ALL HOME TYPES,9,2023,Halton Region,477,"$593,934,603 ","$1,245,146 ","$1,125,000 ","1,610",52.90%,"1,868",2.1,98%,21,29
ALL HOME TYPES,9,2023,Innisfil,51,"$46,704,498 ","$915,774 ","$890,000 ",213,33.80%,320,4.3,96%,30,39
ALL HOME TYPES,9,2023,King,33,"$67,731,500 ","$2,052,470 ","$2,000,000 ",95,36.50%,154,4.9,96%,35,51
ALL HOME TYPES,9,2023,Markham,196,"$259,945,949 ","$1,326,255 ","$1,248,400 ",679,55.60%,700,1.7,104%,17,23
ALL HOME TYPES,9,2023,Milton,100,"$105,378,343 ","$1,053,783 ","$1,026,500 ",357,52.60%,396,1.7,99%,21,31
ALL HOME TYPES,9,2023,Mississauga,386,"$394,230,912 ","$1,021,324 ","$940,000 ","1,443",49.10%,"1,708",2.2,99%,20,32
ALL HOME TYPES,9,2023,New Tecumseth,34,"$31,988,400 ","$940,835 ","$895,000 ",124,50.20%,199,2.8,98%,29,41
ALL HOME TYPES,9,2023,Newmarket,61,"$65,879,699 ","$1,079,995 ","$1,061,000 ",208,53.90%,227,1.7,100%,18,26
ALL HOME TYPES,9,2023,Oakville,182,"$282,316,390 ","$1,551,189 ","$1,400,000 ",632,49.10%,764,2.4,98%,20,29
ALL HOME TYPES,9,2023,Orangeville,27,"$22,048,900 ","$816,626 ","$832,000 ",86,57.30%,93,1.8,99%,15,34
ALL HOME TYPES,9,2023,Oshawa,186,"$140,784,507 ","$756,906 ","$735,000 ",448,53.40%,420,1.5,103%,15,22
ALL HOME TYPES,9,2023,Peel Region,808,"$848,373,838 ","$1,049,968 ","$978,000 ","2,938",46.90%,"3,557",2.3,99%,21,33
ALL HOME TYPES,9,2023,Pickering,77,"$74,965,738 ","$973,581 ","$910,000 ",252,53.30%,269,1.6,102%,18,26
ALL HOME TYPES,9,2023,Richmond Hill,163,"$232,327,485 ","$1,425,322 ","$1,335,000 ",527,47.10%,626,2.4,102%,20,31
ALL HOME TYPES,9,2023,Scugog,21,"$23,950,500 ","$1,140,500 ","$975,000 ",50,52.00%,66,2.3,98%,21,34
ALL HOME TYPES,9,2023,Simcoe County,138,"$129,344,316 ","$937,278 ","$882,250 ",554,42.00%,816,3.2,97%,29,40
ALL HOME TYPES,9,2023,Stouffville,47,"$69,536,088 ","$1,479,491 ","$1,230,000 ",140,48.60%,186,2.5,97%,27,32
ALL HOME TYPES,9,2023,Toronto C01,202,"$180,963,713 ","$895,860 ","$730,000 ","1,045",41.10%,"1,388",3.2,99%,27,42
ALL HOME TYPES,9,2023,Toronto C02,50,"$64,867,488 ","$1,297,350 ","$1,127,500 ",240,37.80%,304,3.9,101%,23,28
ALL HOME TYPES,9,2023,Toronto C03,27,"$49,659,554 ","$1,839,243 ","$1,575,000 ",115,44.80%,141,2.7,103%,17,33
ALL HOME TYPES,9,2023,Toronto C04,46,"$92,120,616 ","$2,002,622 ","$1,892,000 ",165,49.50%,164,2.2,100%,19,25
ALL HOME TYPES,9,2023,Toronto C06,28,"$30,904,997 ","$1,103,750 ","$890,500 ",86,41.40%,105,3.2,102%,20,37
ALL HOME TYPES,9,2023,Toronto C07,52,"$66,830,273 ","$1,285,198 ","$1,022,500 ",221,48.80%,262,2.5,101%,17,27
ALL HOME TYPES,9,2023,Toronto C08,123,"$98,767,890 ","$802,991 ","$685,000 ",578,37.30%,777,3.5,98%,23,35
ALL HOME TYPES,9,2023,Toronto C09,12,"$42,131,000 ","$3,510,917 ","$2,805,000 ",63,53.10%,68,2.3,100%,11,11
ALL HOME TYPES,9,2023,Toronto C10,42,"$45,517,151 ","$1,083,742 ","$884,000 ",173,48.10%,189,2.4,101%,20,31
ALL HOME TYPES,9,2023,Toronto C11,34,"$42,676,500 ","$1,255,191 ","$640,000 ",95,49.30%,109,2.4,99%,22,29
ALL HOME TYPES,9,2023,Toronto C12,19,"$64,980,000 ","$3,420,000 ","$3,700,000 ",85,33.90%,140,6,101%,20,39
ALL HOME TYPES,9,2023,Toronto C13,37,"$38,470,244 ","$1,039,736 ","$835,000 ",146,50.60%,166,2.2,100%,22,26
ALL HOME TYPES,9,2023,Toronto C14,57,"$59,223,588 ","$1,039,010 ","$808,000 ",227,48.70%,290,2.5,98%,28,36
ALL HOME TYPES,9,2023,Toronto C15,78,"$71,930,800 ","$922,190 ","$761,000 ",268,51.00%,321,2.1,102%,19,25
ALL HOME TYPES,9,2023,Toronto Central,807,"$949,043,814 ","$1,176,015 ","$820,000 ","3,507",43.50%,"4,424",2.9,100%,23,33
ALL HOME TYPES,9,2023,Toronto E01,49,"$59,183,708 ","$1,207,831 ","$1,100,000 ",177,53.40%,132,1.4,104%,11,19
ALL HOME TYPES,9,2023,Toronto E02,37,"$44,762,918 ","$1,209,809 ","$1,200,000 ",107,55.10%,87,1.6,104%,15,29
ALL HOME TYPES,9,2023,Toronto E03,48,"$56,199,500 ","$1,170,823 ","$1,135,000 ",156,53.30%,140,1.6,104%,18,24
ALL HOME TYPES,9,2023,Toronto E04,70,"$66,308,193 ","$947,260 ","$945,500 ",174,57.30%,151,1.6,104%,15,22
ALL HOME TYPES,9,2023,Toronto E05,36,"$34,601,900 ","$961,164 ","$803,000 ",107,57.30%,140,1.7,102%,19,22
ALL HOME TYPES,9,2023,Toronto E06,27,"$29,826,900 ","$1,104,700 ","$950,000 ",87,48.80%,93,2.1,100%,12,18
ALL HOME TYPES,9,2023,Toronto E07,40,"$32,989,288 ","$824,732 ","$705,000 ",89,61.20%,96,1.6,104%,20,28
ALL HOME TYPES,9,2023,Toronto E08,32,"$29,958,001 ","$936,188 ","$906,200 ",106,50.30%,124,2.3,102%,22,26
ALL HOME TYPES,9,2023,Toronto E09,40,"$32,743,388 ","$818,585 ","$745,000 ",130,57.00%,137,1.5,104%,19,24
ALL HOME TYPES,9,2023,Toronto E10,28,"$27,318,888 ","$975,675 ","$1,067,500 ",96,54.50%,109,1.8,100%,20,32
ALL HOME TYPES,9,2023,Toronto E11,33,"$26,537,400 ","$804,164 ","$795,000 ",116,50.40%,123,1.9,101%,26,35
ALL HOME TYPES,9,2023,Toronto East,440,"$440,430,084 ","$1,000,977 ","$957,500 ","1,345",54.70%,"1,332",1.7,103%,18,25
ALL HOME TYPES,9,2023,Toronto W01,29,"$43,537,000 ","$1,501,276 ","$1,350,000 ",102,47.70%,107,2.3,103%,19,23
ALL HOME TYPES,9,2023,Toronto W02,60,"$85,700,407 ","$1,428,340 ","$1,356,250 ",182,51.30%,158,1.9,103%,11,15
ALL HOME TYPES,9,2023,Toronto W03,33,"$32,790,888 ","$993,663 ","$950,000 ",135,47.40%,131,2.2,100%,19,39
ALL HOME TYPES,9,2023,Toronto W04,48,"$37,355,087 ","$778,231 ","$732,000 ",188,45.90%,221,2.6,101%,18,29
ALL HOME TYPES,9,2023,Toronto W05,64,"$55,838,358 ","$872,474 ","$872,500 ",170,52.10%,239,2.5,101%,24,37
ALL HOME TYPES,9,2023,Toronto W06,89,"$89,835,512 ","$1,009,388 ","$899,000 ",280,46.00%,322,2.6,100%,21,35
ALL HOME TYPES,9,2023,Toronto W07,21,"$34,134,270 ","$1,625,441 ","$1,450,000 ",69,50.30%,62,2.1,99%,18,25
ALL HOME TYPES,9,2023,Toronto W08,98,"$134,666,099 ","$1,374,144 ","$1,120,000 ",379,50.70%,387,2.3,99%,19,27
ALL HOME TYPES,9,2023,Toronto W09,19,"$20,010,925 ","$1,053,207 ","$865,800 ",81,52.30%,89,2.3,104%,12,12
ALL HOME TYPES,9,2023,Toronto W10,36,"$28,981,999 ","$805,056 ","$845,500 ",79,52.80%,108,2.3,99%,24,37
ALL HOME TYPES,9,2023,Toronto West,497,"$562,850,545 ","$1,132,496 ","$950,000 ","1,665",49.30%,"1,824",2.4,101%,19,29
ALL HOME TYPES,9,2023,Uxbridge,19,"$25,168,257 ","$1,324,645 ","$1,050,000 ",56,50.90%,69,2.3,99%,17,22
ALL HOME TYPES,9,2023,Vaughan,182,"$233,255,533 ","$1,281,624 ","$1,188,000 ",728,47.00%,936,2.4,100%,23,34
ALL HOME TYPES,9,2023,Whitby,124,"$124,465,084 ","$1,003,751 ","$957,000 ",341,55.70%,301,1.3,101%,16,23
ALL HOME TYPES,9,2023,York Region,795,"$1,057,855,324 ","$1,330,636 ","$1,230,000 ","2,826",49.70%,"3,373",2.2,101%,21,31
ALL HOME TYPES,10,2023,Adjala-Tosorontio,4,"$3,695,000 ","$923,750 ","$997,500 ",28,39.40%,66,4.9,93%,46,56
ALL HOME TYPES,10,2023,Ajax,81,"$77,183,609 ","$952,884 ","$890,000 ",246,55.20%,220,1.4,102%,13,20
ALL HOME TYPES,10,2023,All TRREB Areas,"4,646","$5,231,059,409 ","$1,125,928 ","$959,500 ","14,397",47.30%,"19,540",2.4,99%,21,32
ALL HOME TYPES,10,2023,Aurora,41,"$56,877,500 ","$1,387,256 ","$1,160,000 ",158,54.10%,205,1.8,98%,18,27
ALL HOME TYPES,10,2023,Bradford,28,"$31,674,400 ","$1,131,229 ","$1,100,000 ",122,40.40%,181,2.8,98%,29,37
ALL HOME TYPES,10,2023,Brampton,338,"$337,816,746 ","$999,458 ","$935,000 ","1,066",44.60%,"1,437",2.2,98%,21,38
ALL HOME TYPES,10,2023,Brock,14,"$10,064,700 ","$718,907 ","$626,000 ",36,43.70%,52,3.3,98%,23,30
ALL HOME TYPES,10,2023,Burlington,137,"$156,291,749 ","$1,140,816 ","$1,050,000 ",419,56.70%,563,2,97%,26,35
ALL HOME TYPES,10,2023,Caledon,51,"$71,499,500 ","$1,401,951 ","$1,300,000 ",205,36.50%,358,3.9,97%,24,42
ALL HOME TYPES,10,2023,City of Toronto,"1,836","$2,070,338,658 ","$1,127,635 ","$881,833 ","5,669",45.80%,"7,907",2.6,100%,21,32
ALL HOME TYPES,10,2023,Clarington,101,"$92,337,490 ","$914,233 ","$815,000 ",280,55.80%,277,1.5,100%,15,23
ALL HOME TYPES,10,2023,Dufferin County,22,"$17,958,400 ","$816,291 ","$765,000 ",74,54.70%,99,1.9,98%,17,21
ALL HOME TYPES,10,2023,Durham Region,588,"$547,749,967 ","$931,548 ","$850,500 ","1,761",52.40%,"1,770",1.6,101%,17,26
ALL HOME TYPES,10,2023,East Gwillimbury,26,"$31,173,675 ","$1,198,988 ","$1,121,400 ",124,42.40%,173,2.8,99%,23,36
ALL HOME TYPES,10,2023,Essa,15,"$11,864,000 ","$790,933 ","$707,500 ",49,51.60%,73,2.3,97%,33,53
ALL HOME TYPES,10,2023,Georgina,36,"$30,756,000 ","$854,333 ","$767,500 ",152,43.30%,243,2.9,96%,26,34
ALL HOME TYPES,10,2023,Halton Hills,42,"$48,145,900 ","$1,146,331 ","$1,005,000 ",141,48.90%,218,2.3,97%,24,31
ALL HOME TYPES,10,2023,Halton Region,425,"$509,682,862 ","$1,199,254 ","$1,100,000 ","1,341",51.20%,"1,933",2.2,98%,24,36
ALL HOME TYPES,10,2023,Innisfil,35,"$36,380,375 ","$1,039,439 ","$770,000 ",179,32.40%,311,4.6,98%,28,44
ALL HOME TYPES,10,2023,King,21,"$39,635,250 ","$1,887,393 ","$2,057,250 ",80,35.30%,154,5,92%,24,39
ALL HOME TYPES,10,2023,Markham,239,"$318,628,992 ","$1,333,176 ","$1,299,000 ",574,53.80%,681,1.8,102%,17,27
ALL HOME TYPES,10,2023,Milton,106,"$109,839,911 ","$1,036,226 ","$970,000 ",298,51.10%,402,1.8,98%,23,37
ALL HOME TYPES,10,2023,Mississauga,418,"$462,418,014 ","$1,106,263 ","$970,000 ","1,222",47.80%,"1,734",2.3,98%,21,32
ALL HOME TYPES,10,2023,New Tecumseth,38,"$33,365,999 ","$878,053 ","$834,250 ",104,48.60%,192,2.9,97%,31,44
ALL HOME TYPES,10,2023,Newmarket,56,"$64,698,959 ","$1,155,339 ","$1,077,500 ",182,51.20%,240,1.8,98%,24,32
ALL HOME TYPES,10,2023,Oakville,140,"$195,405,302 ","$1,395,752 ","$1,338,500 ",483,47.50%,750,2.6,100%,23,37
ALL HOME TYPES,10,2023,Orangeville,22,"$17,958,400 ","$816,291 ","$765,000 ",74,54.70%,99,1.9,98%,17,21
ALL HOME TYPES,10,2023,Oshawa,143,"$114,978,787 ","$804,047 ","$755,000 ",462,50.70%,458,1.6,101%,19,28
ALL HOME TYPES,10,2023,Peel Region,807,"$871,734,260 ","$1,080,216 ","$970,000 ","2,493",45.50%,"3,529",2.4,98%,22,35
ALL HOME TYPES,10,2023,Pickering,91,"$85,471,073 ","$939,243 ","$875,000 ",289,50.20%,297,1.7,100%,19,28
ALL HOME TYPES,10,2023,Richmond Hill,155,"$209,965,018 ","$1,354,613 ","$1,257,000 ",500,45.50%,644,2.5,100%,22,33
ALL HOME TYPES,10,2023,Scugog,19,"$18,035,999 ","$949,263 ","$870,000 ",47,51.70%,62,2.2,97%,20,31
ALL HOME TYPES,10,2023,Simcoe County,120,"$116,979,774 ","$974,831 ","$852,000 ",482,40.20%,823,3.4,97%,30,44
ALL HOME TYPES,10,2023,Stouffville,49,"$66,022,490 ","$1,347,398 ","$1,225,000 ",114,47.80%,178,2.6,96%,23,31
ALL HOME TYPES,10,2023,Toronto C01,232,"$197,334,647 ","$850,580 ","$722,250 ",959,39.60%,"1,466",3.4,99%,22,35
ALL HOME TYPES,10,2023,Toronto C02,64,"$115,808,956 ","$1,809,515 ","$1,440,000 ",200,37.10%,323,4,96%,19,33
ALL HOME TYPES,10,2023,Toronto C03,23,"$77,721,580 ","$3,379,199 ","$2,050,000 ",118,41.30%,148,3,95%,20,33
ALL HOME TYPES,10,2023,Toronto C04,48,"$100,955,700 ","$2,103,244 ","$1,882,500 ",132,48.60%,166,2.3,97%,15,23
ALL HOME TYPES,10,2023,Toronto C06,23,"$25,180,500 ","$1,094,804 ","$1,140,000 ",70,41.50%,108,3.2,98%,20,31
ALL HOME TYPES,10,2023,Toronto C07,45,"$51,739,888 ","$1,149,775 ","$855,000 ",153,46.70%,263,2.6,97%,21,30
ALL HOME TYPES,10,2023,Toronto C08,122,"$93,641,619 ","$767,554 ","$668,500 ",552,35.90%,813,3.7,100%,22,41
ALL HOME TYPES,10,2023,Toronto C09,27,"$82,353,000 ","$3,050,111 ","$2,460,000 ",56,52.20%,72,2.3,99%,18,25
ALL HOME TYPES,10,2023,Toronto C10,41,"$43,835,399 ","$1,069,156 ","$900,000 ",183,44.80%,222,2.5,99%,19,31
ALL HOME TYPES,10,2023,Toronto C11,30,"$33,857,350 ","$1,128,578 ","$637,500 ",80,48.10%,109,2.5,98%,21,30
ALL HOME TYPES,10,2023,Toronto C12,10,"$47,405,000 ","$4,740,500 ","$3,059,000 ",65,32.90%,154,6.2,94%,49,74
ALL HOME TYPES,10,2023,Toronto C13,40,"$39,682,101 ","$992,053 ","$723,000 ",111,48.50%,170,2.4,98%,31,46
ALL HOME TYPES,10,2023,Toronto C14,60,"$64,937,876 ","$1,082,298 ","$752,500 ",197,47.30%,308,2.6,98%,28,40
ALL HOME TYPES,10,2023,Toronto C15,81,"$79,668,704 ","$983,564 ","$770,000 ",224,49.70%,332,2.2,100%,21,27
ALL HOME TYPES,10,2023,Toronto Central,846,"$1,054,122,320 ","$1,246,007 ","$805,000 ","3,100",41.90%,"4,654",3.1,98%,22,34
ALL HOME TYPES,10,2023,Toronto E01,60,"$70,301,130 ","$1,171,686 ","$1,109,000 ",156,51.20%,132,1.5,108%,13,15
ALL HOME TYPES,10,2023,Toronto E02,44,"$59,418,245 ","$1,350,415 ","$1,187,000 ",135,51.50%,110,1.6,101%,13,19
ALL HOME TYPES,10,2023,Toronto E03,72,"$79,413,461 ","$1,102,965 ","$1,060,643 ",138,52.70%,128,1.6,106%,17,22
ALL HOME TYPES,10,2023,Toronto E04,57,"$53,136,287 ","$932,216 ","$925,000 ",116,56.40%,148,1.7,102%,16,25
ALL HOME TYPES,10,2023,Toronto E05,44,"$38,534,600 ","$875,786 ","$755,000 ",104,56.20%,149,1.8,101%,19,30
ALL HOME TYPES,10,2023,Toronto E06,29,"$30,534,409 ","$1,052,911 ","$935,000 ",79,46.30%,90,2.2,100%,16,30
ALL HOME TYPES,10,2023,Toronto E07,28,"$26,912,956 ","$961,177 ","$995,944 ",90,58.90%,113,1.7,102%,21,30
ALL HOME TYPES,10,2023,Toronto E08,33,"$35,093,000 ","$1,063,424 ","$985,000 ",94,49.00%,130,2.3,99%,25,38
ALL HOME TYPES,10,2023,Toronto E09,55,"$46,085,019 ","$837,909 ","$897,000 ",122,55.50%,133,1.6,103%,16,22
ALL HOME TYPES,10,2023,Toronto E10,32,"$31,788,775 ","$993,399 ","$975,000 ",89,51.60%,112,1.9,99%,19,30
ALL HOME TYPES,10,2023,Toronto E11,38,"$32,313,888 ","$850,365 ","$862,500 ",90,50.20%,124,1.9,103%,20,35
ALL HOME TYPES,10,2023,Toronto East,492,"$503,531,770 ","$1,023,439 ","$960,000 ","1,213",53.00%,"1,369",1.8,103%,17,25
ALL HOME TYPES,10,2023,Toronto W01,33,"$39,660,316 ","$1,201,828 ","$950,000 ",107,46.50%,133,2.4,102%,18,27
ALL HOME TYPES,10,2023,Toronto W02,58,"$77,992,227 ","$1,344,694 ","$1,249,500 ",144,49.60%,160,1.9,103%,14,22
ALL HOME TYPES,10,2023,Toronto W03,36,"$33,594,300 ","$933,175 ","$909,000 ",108,45.10%,134,2.3,98%,15,28
ALL HOME TYPES,10,2023,Toronto W04,58,"$51,972,674 ","$896,081 ","$782,450 ",126,45.80%,200,2.7,98%,29,42
ALL HOME TYPES,10,2023,Toronto W05,51,"$40,019,001 ","$784,686 ","$860,000 ",143,51.20%,242,2.6,101%,28,36
ALL HOME TYPES,10,2023,Toronto W06,79,"$83,441,807 ","$1,056,225 ","$850,000 ",246,44.80%,351,2.7,111%,29,39
ALL HOME TYPES,10,2023,Toronto W07,16,"$21,614,300 ","$1,350,894 ","$1,200,000 ",51,49.60%,67,2.2,102%,19,34
ALL HOME TYPES,10,2023,Toronto W08,96,"$100,451,910 ","$1,046,374 ","$759,500 ",300,48.40%,410,2.4,98%,21,31
ALL HOME TYPES,10,2023,Toronto W09,30,"$30,302,033 ","$1,010,068 ","$965,000 ",63,51.80%,91,2.4,98%,20,27
ALL HOME TYPES,10,2023,Toronto W10,41,"$33,636,000 ","$820,390 ","$860,000 ",68,54.40%,96,2.2,100%,24,40
ALL HOME TYPES,10,2023,Toronto West,498,"$512,684,568 ","$1,029,487 ","$893,000 ","1,356",48.10%,"1,884",2.4,102%,22,33
ALL HOME TYPES,10,2023,Uxbridge,19,"$26,405,500 ","$1,389,763 ","$1,150,000 ",48,51.50%,69,2.3,98%,21,29
ALL HOME TYPES,10,2023,Vaughan,225,"$278,857,604 ","$1,239,367 ","$1,155,000 ",693,45.90%,961,2.5,99%,22,41
ALL HOME TYPES,10,2023,Whitby,120,"$123,272,809 ","$1,027,273 ","$970,000 ",353,52.90%,335,1.4,101%,17,28
ALL HOME TYPES,10,2023,York Region,848,"$1,096,615,488 ","$1,293,179 ","$1,209,000 ","2,577",47.90%,"3,479",2.3,99%,21,33
ALL HOME TYPES,11,2023,Adjala-Tosorontio,5,"$6,185,000 ","$1,237,000 ","$1,200,000 ",16,38.90%,55,5.1,94%,24,30
ALL HOME TYPES,11,2023,Ajax,64,"$63,293,200 ","$988,956 ","$912,500 ",186,53.10%,199,1.4,99%,17,30
ALL HOME TYPES,11,2023,All TRREB Areas,"4,236","$4,584,110,363 ","$1,082,179 ","$927,950 ","10,545",46.20%,"16,759",2.4,98%,25,39
ALL HOME TYPES,11,2023,Aurora,64,"$89,966,576 ","$1,405,728 ","$1,191,500 ",110,53.70%,166,1.9,96%,34,53
ALL HOME TYPES,11,2023,Bradford,28,"$34,469,400 ","$1,231,050 ","$1,077,500 ",84,38.40%,138,3,95%,20,33
ALL HOME TYPES,11,2023,Brampton,302,"$302,749,686 ","$1,002,482 ","$950,500 ",811,44.40%,"1,235",2.3,98%,24,40
ALL HOME TYPES,11,2023,Brock,10,"$7,654,900 ","$765,490 ","$685,950 ",27,44.00%,46,3.3,94%,19,38
ALL HOME TYPES,11,2023,Burlington,146,"$149,295,100 ","$1,022,569 ","$912,500 ",278,56.50%,455,2,96%,28,40
ALL HOME TYPES,11,2023,Caledon,49,"$73,801,000 ","$1,506,143 ","$1,215,000 ",147,36.20%,286,4,94%,28,44
ALL HOME TYPES,11,2023,City of Toronto,"1,607","$1,689,245,800 ","$1,051,180 ","$850,000 ","4,184",44.90%,"6,998",2.7,98%,25,39
ALL HOME TYPES,11,2023,Clarington,93,"$77,347,680 ","$831,695 ","$780,000 ",220,55.10%,213,1.5,99%,20,34
ALL HOME TYPES,11,2023,Dufferin County,37,"$29,029,399 ","$784,578 ","$745,000 ",72,54.30%,76,1.9,97%,31,42
ALL HOME TYPES,11,2023,Durham Region,540,"$476,882,136 ","$883,115 ","$835,000 ","1,262",51.40%,"1,453",1.7,99%,19,33
ALL HOME TYPES,11,2023,East Gwillimbury,36,"$38,577,089 ","$1,071,586 ","$967,500 ",68,42.60%,127,2.8,96%,29,43
ALL HOME TYPES,11,2023,Essa,14,"$11,361,550 ","$811,539 ","$708,075 ",41,49.70%,62,2.4,95%,31,41
ALL HOME TYPES,11,2023,Georgina,30,"$25,599,812 ","$853,327 ","$796,500 ",108,41.60%,202,3.1,97%,29,46
ALL HOME TYPES,11,2023,Halton Hills,46,"$49,616,732 ","$1,078,625 ","$1,017,500 ",84,49.10%,163,2.4,96%,32,51
ALL HOME TYPES,11,2023,Halton Region,428,"$517,430,493 ","$1,208,950 ","$1,015,000 ",943,50.50%,"1,578",2.2,96%,28,45
ALL HOME TYPES,11,2023,Innisfil,29,"$25,175,100 ","$868,107 ","$882,000 ",141,31.90%,280,4.7,95%,37,53
ALL HOME TYPES,11,2023,King,19,"$31,964,000 ","$1,682,316 ","$1,590,000 ",45,34.70%,129,5.2,92%,24,39
ALL HOME TYPES,11,2023,Markham,207,"$279,564,855 ","$1,350,555 ","$1,293,888 ",392,53.50%,573,1.8,99%,22,35
ALL HOME TYPES,11,2023,Milton,99,"$103,153,000 ","$1,041,949 ","$965,000 ",219,50.20%,316,1.9,97%,24,41
ALL HOME TYPES,11,2023,Mississauga,377,"$374,493,760 ","$993,352 ","$910,000 ",912,46.80%,"1,480",2.4,96%,26,42
ALL HOME TYPES,11,2023,New Tecumseth,26,"$21,713,300 ","$835,127 ","$798,900 ",84,46.80%,158,3,98%,35,40
ALL HOME TYPES,11,2023,Newmarket,56,"$59,903,400 ","$1,069,704 ","$970,000 ",147,48.80%,210,2,99%,26,41
ALL HOME TYPES,11,2023,Oakville,137,"$215,365,661 ","$1,572,012 ","$1,369,900 ",362,46.40%,644,2.7,97%,29,50
ALL HOME TYPES,11,2023,Orangeville,37,"$29,029,399 ","$784,578 ","$745,000 ",72,54.40%,76,1.9,97%,31,42
ALL HOME TYPES,11,2023,Oshawa,158,"$119,436,277 ","$755,926 ","$722,500 ",377,49.60%,385,1.7,99%,19,31
ALL HOME TYPES,11,2023,Peel Region,728,"$751,044,446 ","$1,031,654 ","$950,000 ","1,870",44.80%,"3,001",2.5,97%,26,42
ALL HOME TYPES,11,2023,Pickering,82,"$77,418,700 ","$944,130 ","$860,000 ",173,49.90%,248,1.8,100%,18,34
ALL HOME TYPES,11,2023,Richmond Hill,139,"$185,770,876 ","$1,336,481 ","$1,252,000 ",346,44.70%,537,2.6,98%,22,37
ALL HOME TYPES,11,2023,Scugog,11,"$12,303,000 ","$1,118,455 ","$963,000 ",30,51.90%,63,2.3,93%,24,43
ALL HOME TYPES,11,2023,Simcoe County,102,"$98,904,350 ","$969,650 ","$881,000 ",366,35.10%,693,3.6,95%,30,41
ALL HOME TYPES,11,2023,Stouffville,38,"$49,818,075 ","$1,311,002 ","$1,230,000 ",92,46.40%,151,2.7,98%,21,36
ALL HOME TYPES,11,2023,Toronto C01,210,"$180,628,067 ","$860,134 ","$710,000 ",651,38.80%,"1,313",3.5,99%,26,43
ALL HOME TYPES,11,2023,Toronto C02,45,"$66,909,818 ","$1,486,885 ","$1,175,000 ",144,37.20%,300,4.1,96%,36,51
ALL HOME TYPES,11,2023,Toronto C03,32,"$42,311,899 ","$1,322,247 ","$1,172,500 ",90,39.70%,129,3.1,97%,21,38
ALL HOME TYPES,11,2023,Toronto C04,38,"$73,068,600 ","$1,922,858 ","$1,715,000 ",89,48.60%,131,2.3,96%,22,33
ALL HOME TYPES,11,2023,Toronto C06,20,"$22,084,990 ","$1,104,250 ","$968,750 ",56,40.90%,98,3.3,96%,27,41
ALL HOME TYPES,11,2023,Toronto C07,60,"$67,516,318 ","$1,125,272 ","$920,000 ",133,46.40%,224,2.7,98%,26,44
ALL HOME TYPES,11,2023,Toronto C08,109,"$84,564,503 ","$775,821 ","$669,000 ",379,34.70%,763,3.9,98%,29,50
ALL HOME TYPES,11,2023,Toronto C09,12,"$31,928,000 ","$2,660,667 ","$1,475,000 ",35,49.30%,65,2.6,94%,33,52
ALL HOME TYPES,11,2023,Toronto C10,42,"$44,790,300 ","$1,066,436 ","$737,500 ",114,43.90%,192,2.7,97%,22,47
ALL HOME TYPES,11,2023,Toronto C11,25,"$37,797,061 ","$1,511,882 ","$1,260,000 ",57,48.20%,100,2.5,96%,20,29
ALL HOME TYPES,11,2023,Toronto C12,17,"$70,205,000 ","$4,129,706 ","$3,900,000 ",46,33.10%,115,6.2,94%,38,69
ALL HOME TYPES,11,2023,Toronto C13,37,"$43,593,800 ","$1,178,211 ","$965,000 ",91,47.60%,145,2.5,97%,30,43
ALL HOME TYPES,11,2023,Toronto C14,61,"$61,723,515 ","$1,011,861 ","$790,000 ",139,46.50%,273,2.7,97%,25,35
ALL HOME TYPES,11,2023,Toronto C15,71,"$63,308,848 ","$891,674 ","$649,900 ",181,47.90%,296,2.4,97%,30,39
ALL HOME TYPES,11,2023,Toronto Central,779,"$890,430,719 ","$1,143,043 ","$782,000 ","2,205",41.00%,"4,144",3.2,97%,27,43
ALL HOME TYPES,11,2023,Toronto E01,53,"$59,896,900 ","$1,130,130 ","$1,035,000 ",113,50.30%,103,1.5,104%,14,29
ALL HOME TYPES,11,2023,Toronto E02,41,"$55,608,096 ","$1,356,295 ","$1,250,000 ",61,51.50%,71,1.6,99%,18,31
ALL HOME TYPES,11,2023,Toronto E03,35,"$33,179,688 ","$947,991 ","$935,000 ",80,52.50%,96,1.6,104%,18,26
ALL HOME TYPES,11,2023,Toronto E04,50,"$43,900,100 ","$878,002 ","$902,393 ",107,55.10%,132,1.7,100%,26,37
ALL HOME TYPES,11,2023,Toronto E05,44,"$43,056,665 ","$978,561 ","$949,750 ",88,55.20%,126,1.9,100%,24,32
ALL HOME TYPES,11,2023,Toronto E06,24,"$25,346,499 ","$1,056,104 ","$889,000 ",66,44.60%,81,2.4,100%,18,28
ALL HOME TYPES,11,2023,Toronto E07,35,"$30,964,688 ","$884,705 ","$850,000 ",94,57.90%,118,1.7,101%,21,28
ALL HOME TYPES,11,2023,Toronto E08,32,"$25,375,313 ","$792,979 ","$816,000 ",70,47.20%,120,2.5,98%,27,45
ALL HOME TYPES,11,2023,Toronto E09,44,"$37,030,499 ","$841,602 ","$890,000 ",84,54.80%,122,1.6,100%,24,36
ALL HOME TYPES,11,2023,Toronto E10,26,"$23,930,499 ","$920,404 ","$920,000 ",73,49.60%,94,2.1,100%,25,35
ALL HOME TYPES,11,2023,Toronto E11,31,"$24,881,238 ","$802,621 ","$800,000 ",75,48.20%,96,2,99%,20,39
ALL HOME TYPES,11,2023,Toronto East,415,"$403,170,185 ","$971,494 ","$935,000 ",911,51.90%,"1,159",1.8,101%,21,33
ALL HOME TYPES,11,2023,Toronto W01,32,"$40,856,800 ","$1,276,775 ","$1,055,000 ",79,44.10%,116,2.6,100%,23,32
ALL HOME TYPES,11,2023,Toronto W02,48,"$51,370,051 ","$1,070,209 ","$1,000,000 ",120,48.70%,124,2,102%,19,31
ALL HOME TYPES,11,2023,Toronto W03,31,"$30,060,499 ","$969,694 ","$916,000 ",63,45.10%,107,2.4,99%,20,30
ALL HOME TYPES,11,2023,Toronto W04,35,"$29,282,700 ","$836,649 ","$710,000 ",120,44.90%,189,2.8,98%,26,42
ALL HOME TYPES,11,2023,Toronto W05,50,"$39,862,088 ","$797,242 ","$857,500 ",133,50.10%,213,2.7,98%,27,38
ALL HOME TYPES,11,2023,Toronto W06,59,"$52,549,562 ","$890,671 ","$796,000 ",205,43.40%,347,2.8,97%,23,35
ALL HOME TYPES,11,2023,Toronto W07,7,"$7,960,369 ","$1,137,196 ","$1,065,000 ",36,45.40%,67,2.5,96%,23,50
ALL HOME TYPES,11,2023,Toronto W08,95,"$95,794,927 ","$1,008,368 ","$759,500 ",211,47.60%,359,2.5,98%,24,35
ALL HOME TYPES,11,2023,Toronto W09,32,"$29,762,900 ","$930,091 ","$767,500 ",42,53.60%,80,2.3,98%,39,55
ALL HOME TYPES,11,2023,Toronto W10,24,"$18,145,000 ","$756,042 ","$790,000 ",59,54.30%,93,2.2,97%,26,37
ALL HOME TYPES,11,2023,Toronto West,413,"$395,644,896 ","$957,978 ","$860,000 ","1,068",47.10%,"1,695",2.5,99%,25,37
ALL HOME TYPES,11,2023,Uxbridge,14,"$16,894,000 ","$1,206,714 ","$1,147,500 ",34,50.10%,58,2.4,93%,27,46
ALL HOME TYPES,11,2023,Vaughan,205,"$260,409,056 ","$1,270,288 ","$1,160,000 ",540,45.00%,865,2.6,97%,26,42
ALL HOME TYPES,11,2023,Whitby,108,"$102,534,379 ","$949,392 ","$905,000 ",215,52.60%,241,1.5,100%,17,32
ALL HOME TYPES,11,2023,York Region,794,"$1,021,573,739 ","$1,286,617 ","$1,196,000 ","1,848",46.90%,"2,960",2.4,98%,25,40
ALL HOME TYPES,12,2023,Adjala-Tosorontio,5,"$4,860,000 ","$972,000 ","$1,100,000 ",7,39.10%,35,5.1,96%,49,53
ALL HOME TYPES,12,2023,Ajax,69,"$62,984,501 ","$912,819 ","$881,000 ",65,53.10%,116,1.5,98%,20,36
ALL HOME TYPES,12,2023,All TRREB Areas,"3,444","$3,735,680,209 ","$1,084,692 ","$908,750 ","3,886",46.40%,"10,370",2.5,97%,32,49
ALL HOME TYPES,12,2023,Aurora,47,"$60,698,268 ","$1,291,453 ","$1,143,880 ",31,55.00%,88,1.9,97%,28,41
ALL HOME TYPES,12,2023,Bradford,32,"$33,606,180 ","$1,050,193 ","$1,050,000 ",21,39.40%,66,3,95%,35,53
ALL HOME TYPES,12,2023,Brampton,295,"$291,190,221 ","$987,085 ","$920,000 ",352,44.60%,765,2.3,97%,30,48
ALL HOME TYPES,12,2023,Brock,5,"$3,705,000 ","$741,000 ","$710,000 ",7,44.20%,34,3.3,96%,42,60
ALL HOME TYPES,12,2023,Burlington,108,"$109,812,015 ","$1,016,778 ","$936,750 ",89,57.10%,274,2,96%,37,54
ALL HOME TYPES,12,2023,Caledon,39,"$69,097,600 ","$1,771,733 ","$1,150,000 ",72,36.50%,198,4,95%,36,58
ALL HOME TYPES,12,2023,City of Toronto,"1,266","$1,345,648,654 ","$1,062,914 ","$847,675 ","1,517",45.00%,"4,410",2.7,97%,33,51
ALL HOME TYPES,12,2023,Clarington,65,"$52,393,012 ","$806,046 ","$740,000 ",68,54.80%,124,1.5,99%,24,39
ALL HOME TYPES,12,2023,Dufferin County,19,"$14,244,915 ","$749,732 ","$705,000 ",16,54.50%,54,1.9,96%,31,47
ALL HOME TYPES,12,2023,Durham Region,468,"$402,771,269 ","$860,622 ","$810,000 ",472,51.80%,862,1.7,99%,25,41
ALL HOME TYPES,12,2023,East Gwillimbury,27,"$35,952,000 ","$1,331,556 ","$1,310,000 ",24,42.90%,67,2.8,97%,40,53
ALL HOME TYPES,12,2023,Essa,9,"$6,476,900 ","$719,656 ","$735,000 ",12,49.20%,46,2.5,97%,37,45
ALL HOME TYPES,12,2023,Georgina,21,"$19,943,001 ","$949,667 ","$835,000 ",35,41.20%,126,3.1,96%,25,62
ALL HOME TYPES,12,2023,Halton Hills,30,"$52,507,610 ","$1,750,254 ","$905,000 ",31,48.80%,90,2.4,95%,23,39
ALL HOME TYPES,12,2023,Halton Region,361,"$470,220,978 ","$1,302,551 ","$1,035,000 ",327,51.00%,908,2.2,95%,36,54
ALL HOME TYPES,12,2023,Innisfil,35,"$27,620,100 ","$789,146 ","$720,000 ",49,31.80%,164,4.8,97%,42,72
ALL HOME TYPES,12,2023,King,9,"$21,759,000 ","$2,417,667 ","$1,978,000 ",18,34.70%,78,5.2,91%,45,64
ALL HOME TYPES,12,2023,Markham,145,"$178,520,013 ","$1,231,173 ","$1,179,000 ",161,53.40%,366,1.8,99%,28,42
ALL HOME TYPES,12,2023,Milton,87,"$86,212,101 ","$990,944 ","$910,000 ",81,50.30%,173,1.9,97%,34,50
ALL HOME TYPES,12,2023,Mississauga,285,"$271,208,172 ","$951,608 ","$885,000 ",358,46.60%,964,2.4,97%,34,49
ALL HOME TYPES,12,2023,New Tecumseth,18,"$14,751,000 ","$819,500 ","$810,500 ",35,46.40%,105,3.1,98%,25,39
ALL HOME TYPES,12,2023,Newmarket,65,"$75,132,486 ","$1,155,884 ","$1,002,000 ",51,49.60%,109,2,98%,30,44
ALL HOME TYPES,12,2023,Oakville,136,"$221,689,252 ","$1,630,068 ","$1,250,000 ",126,47.30%,371,2.6,94%,40,60
ALL HOME TYPES,12,2023,Orangeville,19,"$14,244,915 ","$749,732 ","$705,000 ",16,54.50%,54,1.9,96%,31,47
ALL HOME TYPES,12,2023,Oshawa,147,"$106,941,468 ","$727,493 ","$706,000 ",148,50.80%,239,1.7,99%,26,42
ALL HOME TYPES,12,2023,Peel Region,619,"$631,495,993 ","$1,020,187 ","$900,000 ",782,44.90%,"1,927",2.5,97%,32,49
ALL HOME TYPES,12,2023,Pickering,78,"$78,396,664 ","$1,005,085 ","$895,000 ",71,50.60%,134,1.8,98%,27,42
ALL HOME TYPES,12,2023,Richmond Hill,105,"$146,336,280 ","$1,393,679 ","$1,300,000 ",117,44.80%,333,2.6,98%,33,48
ALL HOME TYPES,12,2023,Scugog,9,"$8,810,000 ","$978,889 ","$880,000 ",9,51.30%,39,2.4,97%,31,38
ALL HOME TYPES,12,2023,Simcoe County,99,"$87,314,180 ","$881,961 ","$842,000 ",124,35.50%,416,3.6,96%,37,57
ALL HOME TYPES,12,2023,Stouffville,32,"$41,968,721 ","$1,311,523 ","$1,196,500 ",37,46.50%,95,2.7,98%,34,48
ALL HOME TYPES,12,2023,Toronto C01,172,"$144,995,924 ","$843,000 ","$732,500 ",268,38.70%,831,3.6,97%,35,55
ALL HOME TYPES,12,2023,Toronto C02,56,"$121,532,908 ","$2,170,231 ","$1,672,500 ",46,38.60%,161,4,94%,38,59
ALL HOME TYPES,12,2023,Toronto C03,29,"$40,753,722 ","$1,405,301 ","$900,000 ",24,40.90%,68,3,93%,24,41
ALL HOME TYPES,12,2023,Toronto C04,19,"$41,779,560 ","$2,198,924 ","$1,770,000 ",25,47.70%,78,2.3,95%,36,49
ALL HOME TYPES,12,2023,Toronto C06,13,"$11,641,400 ","$895,492 ","$710,000 ",17,40.50%,65,3.4,96%,33,60
ALL HOME TYPES,12,2023,Toronto C07,37,"$41,280,800 ","$1,115,697 ","$810,000 ",29,47.20%,138,2.7,97%,39,49
ALL HOME TYPES,12,2023,Toronto C08,82,"$61,139,365 ","$745,602 ","$661,000 ",141,34.40%,524,4.1,98%,36,60
ALL HOME TYPES,12,2023,Toronto C09,15,"$23,325,999 ","$1,555,067 ","$1,140,000 ",4,51.10%,30,2.5,95%,34,46
ALL HOME TYPES,12,2023,Toronto C10,35,"$36,643,600 ","$1,046,960 ","$760,000 ",36,44.00%,117,2.7,97%,31,55
ALL HOME TYPES,12,2023,Toronto C11,13,"$13,731,999 ","$1,056,308 ","$709,000 ",22,47.80%,67,2.6,96%,29,33
ALL HOME TYPES,12,2023,Toronto C12,11,"$42,544,998 ","$3,867,727 ","$2,630,000 ",10,33.50%,57,6,94%,33,73
ALL HOME TYPES,12,2023,Toronto C13,28,"$26,460,700 ","$945,025 ","$865,000 ",29,47.60%,96,2.6,96%,35,54
ALL HOME TYPES,12,2023,Toronto C14,48,"$57,103,111 ","$1,189,648 ","$822,400 ",61,46.70%,168,2.8,96%,48,69
ALL HOME TYPES,12,2023,Toronto C15,62,"$55,167,853 ","$889,804 ","$735,000 ",68,48.60%,207,2.4,98%,31,43
ALL HOME TYPES,12,2023,Toronto Central,620,"$718,101,939 ","$1,158,229 ","$781,000 ",780,41.20%,"2,607",3.3,96%,35,54
ALL HOME TYPES,12,2023,Toronto E01,33,"$34,586,116 ","$1,048,064 ","$920,000 ",42,50.00%,61,1.5,100%,24,32
ALL HOME TYPES,12,2023,Toronto E02,25,"$28,947,000 ","$1,157,880 ","$1,160,000 ",25,51.70%,37,1.6,100%,21,36
ALL HOME TYPES,12,2023,Toronto E03,32,"$31,527,999 ","$985,250 ","$913,500 ",21,53.10%,40,1.6,100%,29,41
ALL HOME TYPES,12,2023,Toronto E04,38,"$32,371,500 ","$851,882 ","$902,500 ",31,55.40%,77,1.8,98%,29,44
ALL HOME TYPES,12,2023,Toronto E05,34,"$30,624,688 ","$900,726 ","$787,500 ",40,54.90%,78,1.9,99%,28,35
ALL HOME TYPES,12,2023,Toronto E06,20,"$20,013,000 ","$1,000,650 ","$866,250 ",19,44.90%,49,2.4,97%,27,43
ALL HOME TYPES,12,2023,Toronto E07,30,"$26,649,600 ","$888,320 ","$779,000 ",34,57.80%,89,1.8,101%,32,42
ALL HOME TYPES,12,2023,Toronto E08,20,"$17,231,000 ","$861,550 ","$834,000 ",36,46.30%,82,2.5,98%,28,46
ALL HOME TYPES,12,2023,Toronto E09,25,"$22,299,000 ","$891,960 ","$960,000 ",42,53.50%,80,1.7,99%,25,41
ALL HOME TYPES,12,2023,Toronto E10,26,"$27,022,399 ","$1,039,323 ","$944,500 ",36,49.00%,76,2.1,96%,28,40
ALL HOME TYPES,12,2023,Toronto E11,27,"$20,767,800 ","$769,178 ","$785,000 ",38,48.70%,68,2,101%,19,41
ALL HOME TYPES,12,2023,Toronto East,310,"$292,040,102 ","$942,065 ","$905,000 ",364,51.70%,737,1.8,99%,27,40
ALL HOME TYPES,12,2023,Toronto W01,24,"$26,291,000 ","$1,095,458 ","$725,000 ",31,44.50%,83,2.6,97%,38,55
ALL HOME TYPES,12,2023,Toronto W02,36,"$43,168,264 ","$1,199,118 ","$1,060,000 ",28,49.60%,65,1.9,100%,20,37
ALL HOME TYPES,12,2023,Toronto W03,22,"$20,173,000 ","$916,955 ","$855,000 ",18,45.10%,49,2.4,98%,41,66
ALL HOME TYPES,12,2023,Toronto W04,37,"$34,531,999 ","$933,297 ","$860,000 ",45,45.70%,124,2.8,99%,32,51
ALL HOME TYPES,12,2023,Toronto W05,57,"$47,645,500 ","$835,886 ","$900,000 ",52,51.00%,123,2.6,99%,37,56
ALL HOME TYPES,12,2023,Toronto W06,50,"$44,386,400 ","$887,728 ","$690,000 ",69,43.40%,240,2.9,96%,37,55
ALL HOME TYPES,12,2023,Toronto W07,9,"$13,588,500 ","$1,509,833 ","$1,500,000 ",6,46.10%,43,2.5,97%,37,70
ALL HOME TYPES,12,2023,Toronto W08,65,"$74,691,950 ","$1,149,107 ","$740,000 ",76,47.50%,218,2.5,96%,38,57
ALL HOME TYPES,12,2023,Toronto W09,17,"$14,945,000 ","$879,118 ","$775,000 ",23,54.50%,52,2.3,96%,52,58
ALL HOME TYPES,12,2023,Toronto W10,19,"$16,085,000 ","$846,579 ","$865,000 ",25,52.60%,69,2.2,97%,33,47
ALL HOME TYPES,12,2023,Toronto West,336,"$335,506,613 ","$998,532 ","$869,950 ",373,47.40%,"1,066",2.5,98%,36,54
ALL HOME TYPES,12,2023,Uxbridge,8,"$7,882,000 ","$985,250 ","$939,000 ",12,49.00%,42,2.4,96%,56,75
ALL HOME TYPES,12,2023,Vaughan,161,"$203,674,451 ","$1,265,059 ","$1,168,000 ",174,45.40%,531,2.6,98%,32,52
ALL HOME TYPES,12,2023,Whitby,87,"$81,658,624 ","$938,605 ","$890,000 ",92,53.00%,134,1.5,99%,24,43
ALL HOME TYPES,12,2023,York Region,612,"$783,984,220 ","$1,281,020 ","$1,196,500 ",648,47.20%,"1,793",2.4,98%,31,48
ALL HOME TYPES,1,2024,Adjala-Tosorontio,7,"$6,711,999 ","$958,857 ","$810,000 ",20,38.10%,33,5.2,96%,94,101
ALL HOME TYPES,1,2024,Ajax,75,"$69,533,874 ","$927,118 ","$890,000 ",97,54.50%,91,1.5,100%,35,52
ALL HOME TYPES,1,2024,All TRREB Areas,"4,223","$4,335,765,444 ","$1,026,703 ","$890,000 ","8,312",46.90%,"10,093",2.4,98%,37,54
ALL HOME TYPES,1,2024,Aurora,38,"$45,524,442 ","$1,198,012 ","$1,118,333 ",82,55.00%,94,1.9,99%,44,64
ALL HOME TYPES,1,2024,Bradford,31,"$31,761,029 ","$1,024,549 ","$1,018,000 ",46,40.70%,58,2.9,97%,41,75
ALL HOME TYPES,1,2024,Brampton,395,"$388,092,958 ","$982,514 ","$935,000 ",634,45.30%,664,2.3,99%,33,52
ALL HOME TYPES,1,2024,Brock,12,"$7,997,400 ","$666,450 ","$661,200 ",27,45.70%,32,3.1,96%,57,66
ALL HOME TYPES,1,2024,Burlington,144,"$139,537,083 ","$969,008 ","$908,750 ",253,57.50%,263,1.9,97%,45,54
ALL HOME TYPES,1,2024,Caledon,58,"$67,274,898 ","$1,159,912 ","$1,100,000 ",124,38.00%,180,3.8,98%,30,54
ALL HOME TYPES,1,2024,City of Toronto,"1,472","$1,412,994,955 ","$959,915 ","$750,000 ","3,456",45.20%,"4,540",2.7,98%,38,55
ALL HOME TYPES,1,2024,Clarington,82,"$68,423,290 ","$834,430 ","$795,000 ",158,54.80%,128,1.5,99%,36,51
ALL HOME TYPES,1,2024,Dufferin County,28,"$21,414,999 ","$764,821 ","$747,500 ",48,54.40%,51,1.9,97%,45,73
ALL HOME TYPES,1,2024,Durham Region,539,"$482,310,471 ","$894,825 ","$849,999 ",828,52.70%,751,1.6,99%,33,48
ALL HOME TYPES,1,2024,East Gwillimbury,33,"$40,748,166 ","$1,234,793 ","$1,275,000 ",71,43.60%,68,2.7,97%,40,46
ALL HOME TYPES,1,2024,Essa,14,"$11,562,000 ","$825,857 ","$715,000 ",41,48.40%,45,2.5,99%,35,52
ALL HOME TYPES,1,2024,Georgina,47,"$39,563,300 ","$841,772 ","$840,000 ",105,41.40%,131,3.1,97%,40,66
ALL HOME TYPES,1,2024,Halton Hills,49,"$47,129,900 ","$961,835 ","$890,000 ",71,49.80%,73,2.3,96%,42,56
ALL HOME TYPES,1,2024,Halton Region,454,"$519,157,220 ","$1,143,518 ","$998,000 ",797,51.50%,861,2.2,98%,40,56
ALL HOME TYPES,1,2024,Innisfil,29,"$26,087,000 ","$899,552 ","$845,000 ",119,31.70%,156,4.7,96%,40,62
ALL HOME TYPES,1,2024,King,10,"$15,918,000 ","$1,591,800 ","$1,434,000 ",42,34.70%,85,5.2,95%,61,82
ALL HOME TYPES,1,2024,Markham,198,"$251,268,068 ","$1,269,031 ","$1,196,500 ",333,53.90%,361,1.8,101%,38,49
ALL HOME TYPES,1,2024,Milton,111,"$114,734,125 ","$1,033,641 ","$999,999 ",180,51.20%,159,1.9,99%,33,51
ALL HOME TYPES,1,2024,Mississauga,376,"$394,295,476 ","$1,048,658 ","$925,000 ",668,47.40%,890,2.4,97%,36,57
ALL HOME TYPES,1,2024,New Tecumseth,45,"$35,806,199 ","$795,693 ","$750,000 ",67,47.60%,89,3,97%,57,82
ALL HOME TYPES,1,2024,Newmarket,67,"$75,761,587 ","$1,130,770 ","$1,026,600 ",109,50.70%,114,1.9,98%,36,45
ALL HOME TYPES,1,2024,Oakville,150,"$217,756,112 ","$1,451,707 ","$1,264,575 ",293,47.60%,366,2.6,97%,40,63
ALL HOME TYPES,1,2024,Orangeville,28,"$21,414,999 ","$764,821 ","$747,500 ",48,54.50%,51,1.9,97%,45,73
ALL HOME TYPES,1,2024,Oshawa,167,"$131,805,019 ","$789,252 ","$790,000 ",218,52.20%,178,1.6,99%,29,42
ALL HOME TYPES,1,2024,Peel Region,829,"$849,663,332 ","$1,024,926 ","$940,786 ","1,426",45.70%,"1,734",2.4,98%,34,55
ALL HOME TYPES,1,2024,Pickering,71,"$67,771,213 ","$954,524 ","$930,000 ",133,51.00%,131,1.8,99%,34,46
ALL HOME TYPES,1,2024,Richmond Hill,133,"$159,768,869 ","$1,201,270 ","$1,129,000 ",278,45.10%,348,2.6,99%,36,48
ALL HOME TYPES,1,2024,Scugog,10,"$10,117,600 ","$1,011,760 ","$951,300 ",24,52.50%,39,2.4,98%,37,56
ALL HOME TYPES,1,2024,Simcoe County,126,"$111,928,227 ","$888,319 ","$830,000 ",293,36.40%,381,3.6,97%,49,74
ALL HOME TYPES,1,2024,Stouffville,47,"$56,389,988 ","$1,199,787 ","$1,080,000 ",83,47.30%,94,2.6,99%,36,52
ALL HOME TYPES,1,2024,Toronto C01,213,"$179,724,781 ","$843,778 ","$680,000 ",591,38.80%,870,3.6,98%,39,61
ALL HOME TYPES,1,2024,Toronto C02,40,"$57,998,905 ","$1,449,973 ","$947,500 ",123,39.00%,175,3.9,96%,45,70
ALL HOME TYPES,1,2024,Toronto C03,19,"$28,352,700 ","$1,492,247 ","$1,255,000 ",64,40.30%,79,3.1,97%,40,48
ALL HOME TYPES,1,2024,Toronto C04,28,"$59,071,445 ","$2,109,694 ","$1,995,000 ",70,47.20%,84,2.4,98%,31,44
ALL HOME TYPES,1,2024,Toronto C06,21,"$20,933,000 ","$996,810 ","$658,000 ",49,41.20%,70,3.4,102%,34,54
ALL HOME TYPES,1,2024,Toronto C07,42,"$56,879,900 ","$1,354,283 ","$840,000 ",97,47.40%,138,2.7,97%,45,73
ALL HOME TYPES,1,2024,Toronto C08,139,"$101,691,725 ","$731,595 ","$650,000 ",342,35.50%,529,4,98%,45,66
ALL HOME TYPES,1,2024,Toronto C09,7,"$13,596,500 ","$1,942,357 ","$2,300,000 ",24,49.40%,32,2.5,98%,39,55
ALL HOME TYPES,1,2024,Toronto C10,44,"$42,071,399 ","$956,168 ","$675,000 ",97,45.20%,117,2.6,100%,39,59
ALL HOME TYPES,1,2024,Toronto C11,12,"$11,874,800 ","$989,567 ","$605,950 ",51,45.50%,74,2.7,97%,41,51
ALL HOME TYPES,1,2024,Toronto C12,9,"$18,056,000 ","$2,006,222 ","$1,910,000 ",36,33.50%,58,5.8,90%,38,63
ALL HOME TYPES,1,2024,Toronto C13,32,"$34,852,401 ","$1,089,138 ","$710,000 ",57,48.50%,87,2.5,97%,43,61
ALL HOME TYPES,1,2024,Toronto C14,55,"$50,781,947 ","$923,308 ","$650,000 ",148,46.70%,189,2.7,98%,40,50
ALL HOME TYPES,1,2024,Toronto C15,80,"$72,905,376 ","$911,317 ","$751,944 ",159,49.50%,204,2.4,98%,43,53
ALL HOME TYPES,1,2024,Toronto Central,741,"$748,790,879 ","$1,010,514 ","$713,000 ","1,908",41.50%,"2,706",3.2,98%,41,60
ALL HOME TYPES,1,2024,Toronto E01,28,"$31,341,400 ","$1,119,336 ","$1,130,000 ",70,50.20%,73,1.5,103%,22,39
ALL HOME TYPES,1,2024,Toronto E02,19,"$22,881,514 ","$1,204,290 ","$1,140,000 ",44,51.70%,40,1.6,102%,26,36
ALL HOME TYPES,1,2024,Toronto E03,26,"$26,709,000 ","$1,027,269 ","$1,015,000 ",53,53.60%,43,1.5,104%,27,33
ALL HOME TYPES,1,2024,Toronto E04,47,"$40,327,374 ","$858,029 ","$840,000 ",60,56.40%,70,1.7,99%,40,50
ALL HOME TYPES,1,2024,Toronto E05,36,"$28,577,500 ","$793,819 ","$629,500 ",50,55.60%,71,1.9,102%,47,65
ALL HOME TYPES,1,2024,Toronto E06,24,"$22,574,300 ","$940,596 ","$902,450 ",52,44.90%,47,2.3,100%,30,44
ALL HOME TYPES,1,2024,Toronto E07,30,"$21,826,297 ","$727,543 ","$622,500 ",70,56.90%,86,1.8,98%,36,47
ALL HOME TYPES,1,2024,Toronto E08,33,"$25,301,286 ","$766,706 ","$600,000 ",56,47.30%,72,2.5,100%,36,56
ALL HOME TYPES,1,2024,Toronto E09,49,"$40,889,200 ","$834,473 ","$890,000 ",86,54.20%,80,1.7,100%,23,34
ALL HOME TYPES,1,2024,Toronto E10,37,"$36,404,101 ","$983,895 ","$880,000 ",63,49.60%,62,2.1,99%,30,43
ALL HOME TYPES,1,2024,Toronto E11,42,"$35,348,599 ","$841,633 ","$857,000 ",60,50.10%,57,2,99%,40,52
ALL HOME TYPES,1,2024,Toronto East,371,"$332,180,571 ","$895,365 ","$878,000 ",664,52.20%,701,1.8,100%,33,46
ALL HOME TYPES,1,2024,Toronto W01,21,"$25,502,800 ","$1,214,419 ","$880,000 ",59,44.60%,85,2.6,101%,33,43
ALL HOME TYPES,1,2024,Toronto W02,32,"$35,577,000 ","$1,111,781 ","$1,077,500 ",68,50.10%,73,1.9,100%,33,55
ALL HOME TYPES,1,2024,Toronto W03,22,"$19,656,999 ","$893,500 ","$891,000 ",49,45.10%,57,2.4,98%,45,54
ALL HOME TYPES,1,2024,Toronto W04,42,"$35,292,000 ","$840,286 ","$737,500 ",99,45.50%,134,2.8,98%,44,61
ALL HOME TYPES,1,2024,Toronto W05,51,"$41,124,388 ","$806,361 ","$850,000 ",129,50.70%,139,2.5,99%,32,48
ALL HOME TYPES,1,2024,Toronto W06,54,"$46,842,035 ","$867,445 ","$728,750 ",174,43.10%,251,2.9,96%,35,58
ALL HOME TYPES,1,2024,Toronto W07,14,"$17,018,833 ","$1,215,631 ","$1,072,500 ",26,46.60%,39,2.5,99%,39,70
ALL HOME TYPES,1,2024,Toronto W08,80,"$74,861,749 ","$935,772 ","$633,000 ",177,47.20%,225,2.5,97%,38,57
ALL HOME TYPES,1,2024,Toronto W09,22,"$19,287,500 ","$876,705 ","$880,000 ",45,54.20%,58,2.3,99%,33,44
ALL HOME TYPES,1,2024,Toronto W10,22,"$16,860,201 ","$766,373 ","$737,500 ",58,52.00%,72,2.3,96%,45,60
ALL HOME TYPES,1,2024,Toronto West,360,"$332,023,505 ","$922,288 ","$772,500 ",884,47.20%,"1,133",2.5,98%,37,55
ALL HOME TYPES,1,2024,Uxbridge,15,"$16,551,500 ","$1,103,433 ","$1,020,000 ",26,49.80%,35,2.4,98%,38,59
ALL HOME TYPES,1,2024,Vaughan,202,"$253,353,820 ","$1,254,227 ","$1,122,500 ",361,46.50%,480,2.6,97%,35,55
ALL HOME TYPES,1,2024,Whitby,107,"$110,110,575 ","$1,029,071 ","$985,000 ",145,54.10%,117,1.5,99%,32,48
ALL HOME TYPES,1,2024,York Region,775,"$938,296,240 ","$1,210,705 ","$1,120,000 ","1,464",47.90%,"1,775",2.4,99%,37,53
ALL HOME TYPES,2,2024,Adjala-Tosorontio,9,"$10,636,500 ","$1,181,833 ","$999,000 ",22,39.00%,28,5,96%,42,55
ALL HOME TYPES,2,2024,Ajax,81,"$78,613,203 ","$970,533 ","$941,000 ",135,54.10%,99,1.5,103%,20,32
ALL HOME TYPES,2,2024,All TRREB Areas,"5,607","$6,216,590,503 ","$1,108,720 ","$970,000 ","11,396",46.60%,"11,102",2.4,101%,25,37
ALL HOME TYPES,2,2024,Aurora,70,"$101,782,076 ","$1,454,030 ","$1,313,500 ",125,54.60%,103,1.8,102%,17,30
ALL HOME TYPES,2,2024,Bradford,42,"$46,433,650 ","$1,105,563 ","$1,065,000 ",84,41.40%,62,2.8,100%,27,46
ALL HOME TYPES,2,2024,Brampton,445,"$459,984,553 ","$1,033,673 ","$987,000 ",892,44.80%,707,2.3,100%,22,33
ALL HOME TYPES,2,2024,Brock,14,"$10,662,900 ","$761,636 ","$779,000 ",21,46.10%,34,3.1,97%,35,52
ALL HOME TYPES,2,2024,Burlington,203,"$226,751,889 ","$1,117,004 ","$1,008,000 ",334,57.20%,285,1.9,98%,26,41
ALL HOME TYPES,2,2024,Caledon,75,"$98,850,948 ","$1,318,013 ","$1,240,000 ",172,37.30%,189,3.8,98%,27,49
ALL HOME TYPES,2,2024,City of Toronto,"1,971","$2,113,953,320 ","$1,072,528 ","$875,000 ","4,347",44.80%,"5,017",2.7,101%,26,39
ALL HOME TYPES,2,2024,Clarington,155,"$128,936,130 ","$831,846 ","$800,000 ",211,55.20%,118,1.4,103%,22,37
ALL HOME TYPES,2,2024,Dufferin County,34,"$26,401,300 ","$776,509 ","$772,500 ",59,54.80%,50,1.9,99%,20,33
ALL HOME TYPES,2,2024,Durham Region,745,"$684,667,969 ","$919,017 ","$870,000 ","1,217",52.60%,801,1.6,102%,20,32
ALL HOME TYPES,2,2024,East Gwillimbury,35,"$46,165,500 ","$1,319,014 ","$1,330,000 ",95,42.80%,89,2.7,98%,20,27
ALL HOME TYPES,2,2024,Essa,22,"$15,802,900 ","$718,314 ","$718,500 ",57,46.70%,48,2.5,98%,24,51
ALL HOME TYPES,2,2024,Georgina,64,"$59,664,188 ","$932,253 ","$907,000 ",135,40.80%,144,3.1,99%,35,54
ALL HOME TYPES,2,2024,Halton Hills,65,"$71,022,507 ","$1,092,654 ","$961,621 ",107,50.60%,82,2.2,99%,16,24
ALL HOME TYPES,2,2024,Halton Region,633,"$802,017,971 ","$1,267,011 ","$1,105,000 ","1,186",51.10%,977,2.1,99%,24,36
ALL HOME TYPES,2,2024,Innisfil,54,"$43,858,498 ","$812,194 ","$793,750 ",160,31.90%,180,4.6,98%,28,47
ALL HOME TYPES,2,2024,King,22,"$40,169,400 ","$1,825,882 ","$1,812,500 ",67,33.70%,89,5.2,95%,25,50
ALL HOME TYPES,2,2024,Markham,238,"$313,394,528 ","$1,316,784 ","$1,299,000 ",448,53.00%,404,1.8,105%,20,29
ALL HOME TYPES,2,2024,Milton,151,"$167,100,196 ","$1,106,624 ","$1,060,000 ",256,50.70%,172,1.8,101%,23,35
ALL HOME TYPES,2,2024,Mississauga,475,"$473,223,040 ","$996,259 ","$900,000 ",945,47.10%,953,2.4,99%,26,42
ALL HOME TYPES,2,2024,New Tecumseth,59,"$59,387,176 ","$1,006,562 ","$905,000 ",123,47.50%,100,2.9,97%,41,56
ALL HOME TYPES,2,2024,Newmarket,85,"$104,601,841 ","$1,230,610 ","$1,185,000 ",155,49.80%,131,1.9,102%,27,36
ALL HOME TYPES,2,2024,Oakville,214,"$337,143,379 ","$1,575,436 ","$1,353,750 ",489,46.90%,438,2.6,99%,26,36
ALL HOME TYPES,2,2024,Orangeville,34,"$26,401,300 ","$776,509 ","$772,500 ",59,54.80%,50,1.9,99%,20,33
ALL HOME TYPES,2,2024,Oshawa,212,"$173,877,852 ","$820,179 ","$778,500 ",358,52.20%,209,1.6,104%,18,27
ALL HOME TYPES,2,2024,Peel Region,995,"$1,032,058,541 ","$1,037,245 ","$975,000 ","2,009",45.30%,"1,849",2.4,99%,24,39
ALL HOME TYPES,2,2024,Pickering,103,"$102,455,168 ","$994,710 ","$925,000 ",179,50.10%,132,1.8,101%,21,34
ALL HOME TYPES,2,2024,Richmond Hill,182,"$257,731,630 ","$1,416,108 ","$1,335,950 ",384,44.50%,381,2.6,102%,26,40
ALL HOME TYPES,2,2024,Scugog,20,"$22,093,900 ","$1,104,695 ","$962,450 ",37,51.50%,35,2.4,98%,42,63
ALL HOME TYPES,2,2024,Simcoe County,186,"$176,118,724 ","$946,875 ","$870,500 ",446,37.20%,418,3.5,98%,32,50
ALL HOME TYPES,2,2024,Stouffville,55,"$72,720,075 ","$1,322,183 ","$1,189,000 ",111,47.70%,92,2.5,101%,24,32
ALL HOME TYPES,2,2024,Toronto C01,265,"$234,070,925 ","$883,287 ","$728,500 ",701,38.10%,994,3.6,98%,30,44
ALL HOME TYPES,2,2024,Toronto C02,51,"$79,550,388 ","$1,559,812 ","$1,201,000 ",169,37.50%,215,4,101%,21,30
ALL HOME TYPES,2,2024,Toronto C03,31,"$57,179,800 ","$1,844,510 ","$1,405,000 ",89,39.60%,106,3.1,97%,26,47
ALL HOME TYPES,2,2024,Toronto C04,56,"$120,049,036 ","$2,143,733 ","$1,972,500 ",112,47.70%,89,2.2,100%,21,27
ALL HOME TYPES,2,2024,Toronto C06,21,"$22,852,000 ","$1,088,190 ","$636,000 ",53,40.90%,70,3.4,100%,25,34
ALL HOME TYPES,2,2024,Toronto C07,46,"$62,226,089 ","$1,352,741 ","$1,006,500 ",141,45.50%,165,2.9,99%,41,57
ALL HOME TYPES,2,2024,Toronto C08,132,"$97,343,312 ","$737,449 ","$657,500 ",373,35.00%,579,4,99%,36,54
ALL HOME TYPES,2,2024,Toronto C09,10,"$20,783,000 ","$2,078,300 ","$1,488,500 ",48,47.00%,54,2.7,100%,41,66
ALL HOME TYPES,2,2024,Toronto C10,43,"$37,301,007 ","$867,465 ","$770,000 ",107,44.50%,139,2.7,100%,25,39
ALL HOME TYPES,2,2024,Toronto C11,33,"$42,943,800 ","$1,301,327 ","$757,000 ",61,45.70%,74,2.8,100%,18,32
ALL HOME TYPES,2,2024,Toronto C12,12,"$28,316,300 ","$2,359,692 ","$1,328,400 ",47,32.40%,67,5.9,96%,44,81
ALL HOME TYPES,2,2024,Toronto C13,43,"$50,409,188 ","$1,172,307 ","$930,000 ",112,46.70%,122,2.6,100%,25,36
ALL HOME TYPES,2,2024,Toronto C14,63,"$75,194,997 ","$1,193,571 ","$820,000 ",154,45.90%,204,2.8,102%,24,32
ALL HOME TYPES,2,2024,Toronto C15,92,"$86,407,826 ","$939,216 ","$790,000 ",181,49.10%,216,2.4,101%,26,39
ALL HOME TYPES,2,2024,Toronto Central,898,"$1,014,627,668 ","$1,129,875 ","$788,000 ","2,348",40.80%,"3,094",3.3,99%,29,43
ALL HOME TYPES,2,2024,Toronto E01,47,"$56,097,425 ","$1,193,562 ","$1,200,000 ",103,49.30%,78,1.5,109%,17,24
ALL HOME TYPES,2,2024,Toronto E02,42,"$55,007,669 ","$1,309,706 ","$1,261,250 ",79,51.80%,47,1.5,104%,17,21
ALL HOME TYPES,2,2024,Toronto E03,55,"$66,961,263 ","$1,217,478 ","$1,090,000 ",92,53.30%,48,1.5,106%,17,26
ALL HOME TYPES,2,2024,Toronto E04,56,"$46,005,010 ","$821,518 ","$858,500 ",87,57.50%,69,1.7,105%,24,32
ALL HOME TYPES,2,2024,Toronto E05,53,"$50,769,588 ","$957,917 ","$845,000 ",89,56.20%,79,1.9,104%,25,30
ALL HOME TYPES,2,2024,Toronto E06,24,"$25,891,100 ","$1,078,796 ","$1,036,500 ",39,46.00%,45,2.3,104%,22,32
ALL HOME TYPES,2,2024,Toronto E07,49,"$44,161,888 ","$901,263 ","$951,000 ",76,57.00%,83,1.8,103%,24,33
ALL HOME TYPES,2,2024,Toronto E08,37,"$39,224,500 ","$1,060,122 ","$925,000 ",65,47.30%,68,2.5,100%,24,37
ALL HOME TYPES,2,2024,Toronto E09,57,"$49,998,262 ","$877,162 ","$925,000 ",105,53.00%,97,1.7,104%,16,24
ALL HOME TYPES,2,2024,Toronto E10,45,"$53,668,192 ","$1,192,626 ","$1,060,000 ",56,51.50%,59,2,114%,30,40
ALL HOME TYPES,2,2024,Toronto E11,36,"$26,981,160 ","$749,477 ","$670,000 ",72,47.80%,67,2.1,102%,25,39
ALL HOME TYPES,2,2024,Toronto East,501,"$514,766,057 ","$1,027,477 ","$985,000 ",863,52.20%,740,1.8,105%,22,30
ALL HOME TYPES,2,2024,Toronto W01,41,"$40,458,288 ","$986,788 ","$737,000 ",92,44.00%,91,2.7,100%,35,50
ALL HOME TYPES,2,2024,Toronto W02,48,"$60,277,323 ","$1,255,778 ","$1,222,500 ",112,49.50%,99,1.9,106%,21,35
ALL HOME TYPES,2,2024,Toronto W03,49,"$48,572,099 ","$991,267 ","$930,000 ",67,45.30%,45,2.3,104%,26,36
ALL HOME TYPES,2,2024,Toronto W04,56,"$52,136,995 ","$931,018 ","$842,650 ",113,44.90%,125,2.8,100%,24,39
ALL HOME TYPES,2,2024,Toronto W05,75,"$70,209,190 ","$936,123 ","$945,000 ",151,50.10%,159,2.5,99%,28,38
ALL HOME TYPES,2,2024,Toronto W06,88,"$87,472,388 ","$994,004 ","$860,000 ",213,42.20%,260,3,100%,29,51
ALL HOME TYPES,2,2024,Toronto W07,24,"$37,563,403 ","$1,565,142 ","$1,452,500 ",49,46.40%,41,2.5,101%,13,27
ALL HOME TYPES,2,2024,Toronto W08,108,"$120,686,973 ","$1,117,472 ","$894,000 ",215,47.70%,244,2.5,99%,28,40
ALL HOME TYPES,2,2024,Toronto W09,31,"$28,507,301 ","$919,590 ","$825,000 ",57,53.80%,62,2.2,101%,25,38
ALL HOME TYPES,2,2024,Toronto W10,52,"$38,675,635 ","$743,762 ","$617,500 ",67,53.50%,57,2.1,100%,23,42
ALL HOME TYPES,2,2024,Toronto West,572,"$584,559,595 ","$1,021,957 ","$929,000 ","1,136",47.00%,"1,183",2.5,101%,26,41
ALL HOME TYPES,2,2024,Uxbridge,19,"$22,755,400 ","$1,197,653 ","$960,500 ",44,49.40%,44,2.4,97%,27,35
ALL HOME TYPES,2,2024,Vaughan,292,"$385,143,440 ","$1,318,984 ","$1,302,500 ",612,45.70%,557,2.6,100%,27,38
ALL HOME TYPES,2,2024,Whitby,141,"$145,273,416 ","$1,030,308 ","$990,000 ",231,53.80%,129,1.4,103%,16,27
ALL HOME TYPES,2,2024,York Region,"1,043","$1,381,372,678 ","$1,324,423 ","$1,273,800 ","2,132",47.20%,"1,990",2.4,102%,25,36
ALL HOME TYPES,3,2024,Adjala-Tosorontio,8,"$7,867,000 ","$983,375 ","$835,000 ",40,35.10%,34,5.2,99%,20,55
ALL HOME TYPES,3,2024,Ajax,101,"$100,831,901 ","$998,336 ","$955,000 ",163,53.20%,108,1.5,106%,13,23
ALL HOME TYPES,3,2024,All TRREB Areas,"6,560","$7,357,796,079 ","$1,121,615 ","$977,297 ","13,120",45.80%,"12,459",2.5,102%,20,29
ALL HOME TYPES,3,2024,Aurora,85,"$123,035,576 ","$1,447,477 ","$1,356,000 ",130,54.20%,102,1.9,104%,20,27
ALL HOME TYPES,3,2024,Bradford,45,"$50,053,188 ","$1,112,293 ","$1,035,000 ",104,39.70%,86,2.9,101%,14,17
ALL HOME TYPES,3,2024,Brampton,510,"$524,431,262 ","$1,028,297 ","$970,000 ","1,117",43.00%,857,2.3,101%,16,23
ALL HOME TYPES,3,2024,Brock,10,"$7,702,500 ","$770,250 ","$798,750 ",25,44.40%,32,3.3,99%,17,18
ALL HOME TYPES,3,2024,Burlington,236,"$264,315,041 ","$1,119,979 ","$990,500 ",340,57.10%,285,1.9,100%,22,33
ALL HOME TYPES,3,2024,Caledon,70,"$95,038,999 ","$1,357,700 ","$1,250,000 ",198,35.70%,206,3.9,98%,28,48
ALL HOME TYPES,3,2024,City of Toronto,"2,308","$2,508,835,148 ","$1,087,017 ","$885,000 ","4,917",43.90%,"5,579",2.8,103%,22,33
ALL HOME TYPES,3,2024,Clarington,153,"$134,767,175 ","$880,831 ","$840,000 ",255,55.20%,146,1.4,106%,15,21
ALL HOME TYPES,3,2024,Dufferin County,38,"$31,560,400 ","$830,537 ","$800,000 ",86,54.20%,65,1.8,99%,16,20
ALL HOME TYPES,3,2024,Durham Region,859,"$804,166,247 ","$936,166 ","$869,000 ","1,472",52.10%,920,1.6,104%,14,22
ALL HOME TYPES,3,2024,East Gwillimbury,56,"$71,578,240 ","$1,278,183 ","$1,295,000 ",106,42.90%,80,2.6,100%,24,31
ALL HOME TYPES,3,2024,Essa,28,"$24,188,617 ","$863,879 ","$823,534 ",57,48.20%,57,2.4,97%,25,30
ALL HOME TYPES,3,2024,Georgina,69,"$62,341,952 ","$903,507 ","$825,000 ",167,40.00%,156,3.2,100%,21,30
ALL HOME TYPES,3,2024,Halton Hills,61,"$69,342,500 ","$1,136,762 ","$1,090,000 ",142,49.10%,101,2.2,97%,19,24
ALL HOME TYPES,3,2024,Halton Region,718,"$893,405,862 ","$1,244,298 ","$1,110,000 ","1,259",50.40%,"1,043",2.2,100%,19,28
ALL HOME TYPES,3,2024,Innisfil,78,"$75,481,963 ","$967,717 ","$900,750 ",210,31.90%,208,4.5,98%,29,43
ALL HOME TYPES,3,2024,King,32,"$65,355,500 ","$2,042,359 ","$2,068,500 ",74,35.00%,103,5,95%,29,43
ALL HOME TYPES,3,2024,Markham,307,"$413,539,254 ","$1,347,033 ","$1,288,000 ",536,52.20%,433,1.9,108%,16,23
ALL HOME TYPES,3,2024,Milton,155,"$164,459,859 ","$1,061,031 ","$1,005,000 ",273,50.00%,190,1.9,103%,12,16
ALL HOME TYPES,3,2024,Mississauga,581,"$613,710,257 ","$1,056,300 ","$950,000 ","1,091",46.60%,"1,050",2.4,100%,20,29
ALL HOME TYPES,3,2024,New Tecumseth,67,"$60,737,800 ","$906,534 ","$852,000 ",109,47.70%,102,2.8,98%,27,41
ALL HOME TYPES,3,2024,Newmarket,113,"$132,080,176 ","$1,168,851 ","$1,165,000 ",175,49.00%,136,2,103%,19,25
ALL HOME TYPES,3,2024,Oakville,266,"$395,288,462 ","$1,486,047 ","$1,387,500 ",504,46.00%,467,2.6,100%,21,31
ALL HOME TYPES,3,2024,Orangeville,38,"$31,560,400 ","$830,537 ","$800,000 ",86,54.20%,65,1.8,99%,16,20
ALL HOME TYPES,3,2024,Oshawa,270,"$216,767,640 ","$802,843 ","$771,500 ",444,51.90%,247,1.5,106%,13,19
ALL HOME TYPES,3,2024,Peel Region,"1,161","$1,233,180,518 ","$1,062,171 ","$977,000 ","2,406",44.10%,"2,113",2.5,100%,19,28
ALL HOME TYPES,3,2024,Pickering,119,"$124,695,366 ","$1,047,860 ","$950,000 ",240,48.50%,160,1.9,102%,16,27
ALL HOME TYPES,3,2024,Richmond Hill,199,"$281,702,404 ","$1,415,590 ","$1,390,000 ",456,43.60%,468,2.7,106%,20,28
ALL HOME TYPES,3,2024,Scugog,19,"$18,388,424 ","$967,812 ","$875,000 ",45,50.30%,44,2.4,96%,21,26
ALL HOME TYPES,3,2024,Simcoe County,226,"$218,328,568 ","$966,056 ","$927,500 ",520,37.60%,487,3.4,99%,25,36
ALL HOME TYPES,3,2024,Stouffville,71,"$104,146,367 ","$1,466,850 ","$1,350,000 ",126,47.90%,107,2.5,100%,19,25
ALL HOME TYPES,3,2024,Toronto C01,308,"$269,691,405 ","$875,621 ","$739,000 ",849,36.50%,"1,177",3.8,100%,29,42
ALL HOME TYPES,3,2024,Toronto C02,43,"$78,621,000 ","$1,828,395 ","$1,209,000 ",146,36.70%,238,4.1,98%,25,46
ALL HOME TYPES,3,2024,Toronto C03,35,"$59,166,654 ","$1,690,476 ","$1,234,018 ",86,39.00%,124,3.3,102%,15,29
ALL HOME TYPES,3,2024,Toronto C04,57,"$114,108,717 ","$2,001,907 ","$1,963,000 ",96,48.20%,101,2.2,101%,19,28
ALL HOME TYPES,3,2024,Toronto C06,24,"$28,741,467 ","$1,197,561 ","$1,302,500 ",65,40.50%,91,3.5,103%,22,28
ALL HOME TYPES,3,2024,Toronto C07,93,"$110,349,648 ","$1,186,555 ","$930,000 ",164,45.20%,167,2.9,101%,22,29
ALL HOME TYPES,3,2024,Toronto C08,138,"$106,872,328 ","$774,437 ","$672,000 ",441,33.60%,665,4.3,99%,25,39
ALL HOME TYPES,3,2024,Toronto C09,24,"$49,775,000 ","$2,073,958 ","$1,394,500 ",35,48.00%,41,2.6,98%,29,55
ALL HOME TYPES,3,2024,Toronto C10,61,"$62,336,900 ","$1,021,916 ","$760,000 ",114,43.90%,143,2.7,100%,25,41
ALL HOME TYPES,3,2024,Toronto C11,32,"$44,196,500 ","$1,381,141 ","$982,000 ",60,46.00%,76,2.8,101%,19,30
ALL HOME TYPES,3,2024,Toronto C12,16,"$50,659,003 ","$3,166,188 ","$3,010,500 ",62,31.30%,79,6,100%,18,22
ALL HOME TYPES,3,2024,Toronto C13,63,"$80,354,389 ","$1,275,466 ","$931,000 ",101,46.80%,111,2.6,101%,19,31
ALL HOME TYPES,3,2024,Toronto C14,88,"$98,829,891 ","$1,123,067 ","$766,500 ",190,44.00%,220,2.9,100%,24,40
ALL HOME TYPES,3,2024,Toronto C15,113,"$117,196,106 ","$1,037,134 ","$790,000 ",233,47.90%,253,2.5,101%,26,39
ALL HOME TYPES,3,2024,Toronto Central,"1,095","$1,270,899,008 ","$1,160,638 ","$815,000 ","2,642",39.70%,"3,486",3.4,100%,25,38
ALL HOME TYPES,3,2024,Toronto E01,72,"$87,441,483 ","$1,214,465 ","$1,205,000 ",111,49.60%,70,1.5,111%,17,26
ALL HOME TYPES,3,2024,Toronto E02,34,"$44,949,000 ","$1,322,029 ","$1,272,500 ",86,49.90%,71,1.6,112%,9,14
ALL HOME TYPES,3,2024,Toronto E03,83,"$99,865,784 ","$1,203,202 ","$1,155,293 ",128,53.50%,60,1.5,112%,10,14
ALL HOME TYPES,3,2024,Toronto E04,56,"$52,454,974 ","$936,696 ","$945,500 ",113,55.80%,80,1.7,107%,14,23
ALL HOME TYPES,3,2024,Toronto E05,48,"$46,419,770 ","$967,079 ","$880,900 ",101,55.10%,98,2,109%,16,20
ALL HOME TYPES,3,2024,Toronto E06,25,"$23,651,999 ","$946,080 ","$899,000 ",51,45.30%,45,2.3,102%,30,39
ALL HOME TYPES,3,2024,Toronto E07,52,"$43,631,188 ","$839,061 ","$684,500 ",98,55.40%,93,1.9,108%,21,29
ALL HOME TYPES,3,2024,Toronto E08,45,"$38,796,576 ","$862,146 ","$700,000 ",76,48.00%,68,2.4,102%,19,23
ALL HOME TYPES,3,2024,Toronto E09,58,"$48,573,798 ","$837,479 ","$847,000 ",105,51.20%,98,1.8,106%,20,29
ALL HOME TYPES,3,2024,Toronto E10,41,"$43,171,976 ","$1,052,975 ","$1,055,000 ",71,52.50%,54,2,103%,25,29
ALL HOME TYPES,3,2024,Toronto E11,53,"$42,287,240 ","$797,872 ","$719,900 ",74,48.90%,59,2,102%,21,34
ALL HOME TYPES,3,2024,Toronto East,567,"$571,243,788 ","$1,007,485 ","$966,786 ","1,014",51.60%,796,1.8,108%,18,25
ALL HOME TYPES,3,2024,Toronto W01,53,"$60,899,642 ","$1,149,050 ","$889,500 ",83,45.00%,90,2.6,102%,19,26
ALL HOME TYPES,3,2024,Toronto W02,68,"$80,371,788 ","$1,181,938 ","$1,143,000 ",119,49.10%,104,1.9,106%,20,31
ALL HOME TYPES,3,2024,Toronto W03,48,"$50,394,286 ","$1,049,881 ","$1,019,000 ",86,46.10%,53,2.2,107%,10,16
ALL HOME TYPES,3,2024,Toronto W04,54,"$45,920,599 ","$850,381 ","$800,000 ",134,43.80%,134,2.8,103%,21,33
ALL HOME TYPES,3,2024,Toronto W05,90,"$80,621,775 ","$895,798 ","$939,500 ",192,48.30%,192,2.6,100%,22,33
ALL HOME TYPES,3,2024,Toronto W06,103,"$97,444,621 ","$946,064 ","$867,000 ",224,40.90%,268,3.1,102%,22,38
ALL HOME TYPES,3,2024,Toronto W07,22,"$31,915,400 ","$1,450,700 ","$1,571,250 ",43,46.00%,38,2.5,106%,16,33
ALL HOME TYPES,3,2024,Toronto W08,125,"$140,071,665 ","$1,120,573 ","$685,000 ",247,47.00%,288,2.5,100%,25,35
ALL HOME TYPES,3,2024,Toronto W09,35,"$39,466,188 ","$1,127,605 ","$1,085,000 ",59,52.70%,68,2.3,104%,24,41
ALL HOME TYPES,3,2024,Toronto W10,48,"$39,586,388 ","$824,716 ","$862,500 ",74,54.20%,62,2.1,100%,25,33
ALL HOME TYPES,3,2024,Toronto West,646,"$666,692,352 ","$1,032,032 ","$935,051 ","1,261",46.40%,"1,297",2.5,102%,21,33
ALL HOME TYPES,3,2024,Uxbridge,23,"$30,306,800 ","$1,317,687 ","$1,080,000 ",40,49.30%,44,2.5,95%,28,44
ALL HOME TYPES,3,2024,Vaughan,318,"$414,539,867 ","$1,303,584 ","$1,250,000 ",690,44.60%,667,2.6,101%,20,31
ALL HOME TYPES,3,2024,Whitby,164,"$170,706,441 ","$1,040,893 ","$973,993 ",260,53.70%,138,1.4,105%,13,20
ALL HOME TYPES,3,2024,York Region,"1,250","$1,668,319,336 ","$1,334,655 ","$1,272,400 ","2,460",46.50%,"2,252",2.4,103%,20,28
ALL HOME TYPES,4,2024,Adjala-Tosorontio,10,"$10,354,000 ","$1,035,400 ","$935,000 ",48,31.30%,61,5.6,99%,19,26
ALL HOME TYPES,4,2024,Ajax,141,"$143,284,459 ","$1,016,202 ","$980,000 ",285,50.90%,194,1.6,105%,11,15
ALL HOME TYPES,4,2024,All TRREB Areas,"7,114","$8,224,969,353 ","$1,156,167 ","$981,500 ","16,941",43.80%,"18,088",2.6,102%,19,28
ALL HOME TYPES,4,2024,Aurora,73,"$97,219,402 ","$1,331,773 ","$1,300,000 ",194,50.30%,174,2,104%,15,20
ALL HOME TYPES,4,2024,Bradford,55,"$63,311,064 ","$1,151,110 ","$1,070,000 ",129,36.70%,135,3.2,99%,17,23
ALL HOME TYPES,4,2024,Brampton,517,"$530,742,885 ","$1,026,582 ","$985,000 ","1,373",40.50%,"1,348",2.5,100%,18,28
ALL HOME TYPES,4,2024,Brock,16,"$12,746,500 ","$796,656 ","$789,000 ",32,45.20%,48,3.3,97%,55,60
ALL HOME TYPES,4,2024,Burlington,300,"$343,305,526 ","$1,144,352 ","$1,026,500 ",516,55.40%,468,1.9,100%,19,25
ALL HOME TYPES,4,2024,Caledon,89,"$127,212,862 ","$1,429,358 ","$1,231,000 ",232,35.00%,329,4,96%,30,45
ALL HOME TYPES,4,2024,City of Toronto,"2,581","$2,973,828,328 ","$1,152,200 ","$905,000 ","6,655",41.90%,"7,506",2.9,102%,21,30
ALL HOME TYPES,4,2024,Clarington,176,"$151,235,521 ","$859,293 ","$819,000 ",272,54.40%,228,1.4,106%,14,17
ALL HOME TYPES,4,2024,Dufferin County,47,"$42,817,500 ","$911,011 ","$907,000 ",99,50.50%,109,2,99%,21,28
ALL HOME TYPES,4,2024,Durham Region,948,"$894,760,401 ","$943,840 ","$895,000 ","1,840",50.50%,"1,549",1.7,104%,14,19
ALL HOME TYPES,4,2024,East Gwillimbury,65,"$84,193,169 ","$1,295,280 ","$1,275,000 ",135,41.70%,130,2.7,101%,20,32
ALL HOME TYPES,4,2024,Essa,35,"$27,711,130 ","$791,747 ","$780,000 ",73,45.00%,83,2.6,98%,24,31
ALL HOME TYPES,4,2024,Georgina,58,"$51,630,700 ","$890,184 ","$832,500 ",176,38.20%,220,3.4,99%,22,40
ALL HOME TYPES,4,2024,Halton Hills,81,"$97,133,256 ","$1,199,176 ","$970,000 ",179,46.20%,187,2.4,99%,20,26
ALL HOME TYPES,4,2024,Halton Region,813,"$1,054,903,681 ","$1,297,545 ","$1,125,000 ","1,680",48.30%,"1,680",2.2,99%,18,26
ALL HOME TYPES,4,2024,Innisfil,65,"$60,010,588 ","$923,240 ","$880,000 ",205,30.80%,309,4.7,98%,26,38
ALL HOME TYPES,4,2024,King,18,"$34,633,000 ","$1,924,056 ","$1,803,500 ",81,33.10%,147,5.4,97%,31,44
ALL HOME TYPES,4,2024,Markham,301,"$408,808,279 ","$1,358,167 ","$1,305,000 ",629,50.20%,630,2,106%,16,23
ALL HOME TYPES,4,2024,Milton,145,"$158,900,370 ","$1,095,865 ","$1,040,000 ",311,48.20%,305,2,101%,17,23
ALL HOME TYPES,4,2024,Mississauga,615,"$692,526,718 ","$1,126,060 ","$980,000 ","1,440",44.50%,"1,498",2.6,100%,20,27
ALL HOME TYPES,4,2024,New Tecumseth,69,"$62,093,749 ","$899,909 ","$865,000 ",131,47.00%,168,2.9,97%,28,39
ALL HOME TYPES,4,2024,Newmarket,105,"$123,624,347 ","$1,177,375 ","$1,095,000 ",247,46.30%,230,2.2,102%,21,26
ALL HOME TYPES,4,2024,Oakville,287,"$455,564,529 ","$1,587,333 ","$1,410,000 ",674,43.70%,720,2.7,99%,18,28
ALL HOME TYPES,4,2024,Orangeville,47,"$42,817,500 ","$911,011 ","$907,000 ",99,50.50%,109,2,99%,21,28
ALL HOME TYPES,4,2024,Oshawa,244,"$197,356,987 ","$808,840 ","$777,500 ",457,50.70%,381,1.6,105%,15,21
ALL HOME TYPES,4,2024,Peel Region,"1,221","$1,350,482,465 ","$1,106,046 ","$995,000 ","3,045",41.90%,"3,175",2.7,100%,20,29
ALL HOME TYPES,4,2024,Pickering,143,"$142,997,261 ","$999,981 ","$970,000 ",311,47.10%,280,1.9,104%,14,18
ALL HOME TYPES,4,2024,Richmond Hill,221,"$327,735,526 ","$1,482,966 ","$1,345,000 ",591,41.10%,681,2.9,103%,21,29
ALL HOME TYPES,4,2024,Scugog,30,"$31,624,000 ","$1,054,133 ","$970,000 ",75,48.70%,74,2.5,100%,17,23
ALL HOME TYPES,4,2024,Simcoe County,234,"$223,480,531 ","$955,045 ","$904,500 ",586,36.50%,756,3.6,98%,24,33
ALL HOME TYPES,4,2024,Stouffville,67,"$93,478,078 ","$1,395,195 ","$1,285,000 ",159,45.90%,185,2.6,102%,27,35
ALL HOME TYPES,4,2024,Toronto C01,353,"$316,155,676 ","$895,625 ","$730,888 ","1,125",34.50%,"1,460",4.1,100%,24,37
ALL HOME TYPES,4,2024,Toronto C02,75,"$142,577,790 ","$1,901,037 ","$1,275,000 ",241,35.50%,317,4.2,99%,29,42
ALL HOME TYPES,4,2024,Toronto C03,53,"$86,040,000 ","$1,623,396 ","$1,350,000 ",128,37.80%,154,3.4,103%,22,29
ALL HOME TYPES,4,2024,Toronto C04,77,"$170,791,892 ","$2,218,077 ","$2,200,000 ",154,47.40%,163,2.3,99%,18,24
ALL HOME TYPES,4,2024,Toronto C06,23,"$29,006,085 ","$1,261,134 ","$1,140,000 ",103,37.80%,120,3.7,100%,22,29
ALL HOME TYPES,4,2024,Toronto C07,73,"$91,724,300 ","$1,256,497 ","$1,060,000 ",186,42.70%,228,3,101%,20,31
ALL HOME TYPES,4,2024,Toronto C08,169,"$134,910,688 ","$798,288 ","$725,000 ",614,31.40%,813,4.6,99%,25,36
ALL HOME TYPES,4,2024,Toronto C09,25,"$69,953,018 ","$2,798,121 ","$1,755,000 ",84,44.00%,85,2.8,105%,16,26
ALL HOME TYPES,4,2024,Toronto C10,60,"$66,596,982 ","$1,109,950 ","$802,400 ",183,41.00%,197,2.9,103%,24,37
ALL HOME TYPES,4,2024,Toronto C11,55,"$89,210,422 ","$1,622,008 ","$1,200,000 ",113,45.70%,94,2.7,102%,16,26
ALL HOME TYPES,4,2024,Toronto C12,25,"$86,560,200 ","$3,462,408 ","$3,250,000 ",75,30.90%,132,6.1,95%,32,36
ALL HOME TYPES,4,2024,Toronto C13,40,"$42,274,200 ","$1,056,855 ","$747,500 ",138,43.70%,165,2.8,101%,23,28
ALL HOME TYPES,4,2024,Toronto C14,93,"$101,447,676 ","$1,090,835 ","$820,000 ",229,41.30%,293,3.2,100%,23,31
ALL HOME TYPES,4,2024,Toronto C15,104,"$99,952,770 ","$961,084 ","$784,500 ",302,44.00%,361,2.7,103%,24,36
ALL HOME TYPES,4,2024,Toronto Central,"1,225","$1,527,201,699 ","$1,246,695 ","$830,000 ","3,675",37.50%,"4,582",3.6,100%,23,34
ALL HOME TYPES,4,2024,Toronto E01,60,"$76,620,987 ","$1,277,016 ","$1,192,500 ",160,47.30%,133,1.6,108%,12,23
ALL HOME TYPES,4,2024,Toronto E02,61,"$86,258,112 ","$1,414,067 ","$1,300,000 ",109,50.00%,87,1.6,107%,13,18
ALL HOME TYPES,4,2024,Toronto E03,77,"$104,259,085 ","$1,354,014 ","$1,250,000 ",136,52.80%,93,1.5,112%,11,17
ALL HOME TYPES,4,2024,Toronto E04,74,"$67,160,784 ","$907,578 ","$947,500 ",141,54.00%,115,1.7,106%,16,20
ALL HOME TYPES,4,2024,Toronto E05,69,"$61,807,902 ","$895,767 ","$770,000 ",112,53.40%,114,2,106%,22,29
ALL HOME TYPES,4,2024,Toronto E06,31,"$33,391,425 ","$1,077,143 ","$985,000 ",58,45.30%,55,2.3,103%,14,24
ALL HOME TYPES,4,2024,Toronto E07,56,"$45,600,944 ","$814,303 ","$657,500 ",121,51.20%,123,2,103%,20,26
ALL HOME TYPES,4,2024,Toronto E08,33,"$31,016,717 ","$939,901 ","$860,000 ",102,45.10%,107,2.6,103%,15,27
ALL HOME TYPES,4,2024,Toronto E09,61,"$52,546,361 ","$861,416 ","$901,000 ",113,49.70%,113,1.9,105%,18,27
ALL HOME TYPES,4,2024,Toronto E10,64,"$66,064,399 ","$1,032,256 ","$1,020,000 ",94,52.00%,81,2,103%,18,23
ALL HOME TYPES,4,2024,Toronto E11,47,"$39,379,000 ","$837,851 ","$850,000 ",92,47.70%,83,2.1,104%,19,26
ALL HOME TYPES,4,2024,Toronto East,633,"$664,105,716 ","$1,049,140 ","$981,000 ","1,238",50.10%,"1,104",1.9,106%,16,23
ALL HOME TYPES,4,2024,Toronto W01,41,"$50,328,100 ","$1,227,515 ","$1,082,000 ",137,40.90%,136,2.8,102%,17,29
ALL HOME TYPES,4,2024,Toronto W02,77,"$99,056,040 ","$1,286,442 ","$1,268,000 ",165,48.20%,134,1.9,107%,14,20
ALL HOME TYPES,4,2024,Toronto W03,52,"$51,518,999 ","$990,750 ","$1,001,000 ",131,44.30%,125,2.3,107%,19,20
ALL HOME TYPES,4,2024,Toronto W04,79,"$70,620,049 ","$893,925 ","$877,500 ",182,43.00%,193,2.9,102%,20,33
ALL HOME TYPES,4,2024,Toronto W05,74,"$60,904,150 ","$823,029 ","$824,500 ",190,46.00%,266,2.8,100%,23,30
ALL HOME TYPES,4,2024,Toronto W06,125,"$122,788,803 ","$982,310 ","$860,000 ",317,39.90%,339,3.2,101%,23,34
ALL HOME TYPES,4,2024,Toronto W07,18,"$32,280,300 ","$1,793,350 ","$1,622,500 ",63,41.40%,66,2.8,102%,10,24
ALL HOME TYPES,4,2024,Toronto W08,171,"$209,419,472 ","$1,224,675 ","$800,000 ",366,45.70%,371,2.6,101%,21,27
ALL HOME TYPES,4,2024,Toronto W09,38,"$42,997,000 ","$1,131,500 ","$1,167,500 ",77,50.70%,82,2.4,102%,25,35
ALL HOME TYPES,4,2024,Toronto W10,48,"$42,608,000 ","$887,667 ","$978,500 ",114,51.00%,108,2.2,101%,20,27
ALL HOME TYPES,4,2024,Toronto West,723,"$782,520,913 ","$1,082,325 ","$950,000 ","1,742",44.60%,"1,820",2.6,102%,20,29
ALL HOME TYPES,4,2024,Uxbridge,27,"$33,728,800 ","$1,249,215 ","$995,000 ",56,48.50%,71,2.5,102%,21,41
ALL HOME TYPES,4,2024,Vaughan,362,"$463,373,911 ","$1,280,038 ","$1,210,000 ",824,42.90%,916,2.7,100%,20,30
ALL HOME TYPES,4,2024,Whitby,171,"$181,786,873 ","$1,063,081 ","$988,000 ",352,50.50%,272,1.5,104%,11,14
ALL HOME TYPES,4,2024,York Region,"1,270","$1,684,696,448 ","$1,326,533 ","$1,260,000 ","3,036",44.30%,"3,313",2.6,102%,20,28
ALL HOME TYPES,5,2024,Adjala-Tosorontio,18,"$19,431,500 ","$1,079,528 ","$984,500 ",47,30.50%,72,5.7,97%,31,31
ALL HOME TYPES,5,2024,Ajax,132,"$132,372,410 ","$1,002,821 ","$950,000 ",247,49.60%,219,1.7,104%,15,19
ALL HOME TYPES,5,2024,All TRREB Areas,"7,013","$8,174,991,532 ","$1,165,691 ","$992,000 ","18,612",41.60%,"21,760",2.8,102%,19,28
ALL HOME TYPES,5,2024,Aurora,73,"$105,398,986 ","$1,443,822 ","$1,255,000 ",214,46.80%,228,2.3,102%,14,22
ALL HOME TYPES,5,2024,Bradford,37,"$41,925,499 ","$1,133,122 ","$1,050,000 ",135,34.70%,163,3.5,100%,17,29
ALL HOME TYPES,5,2024,Brampton,484,"$485,262,049 ","$1,002,608 ","$963,250 ","1,412",38.20%,"1,603",2.8,100%,18,29
ALL HOME TYPES,5,2024,Brock,12,"$9,088,000 ","$757,333 ","$712,500 ",35,44.60%,55,3.4,97%,19,29
ALL HOME TYPES,5,2024,Burlington,250,"$289,527,246 ","$1,158,109 ","$1,061,500 ",526,52.40%,560,2.1,99%,19,23
ALL HOME TYPES,5,2024,Caledon,78,"$101,250,110 ","$1,298,078 ","$1,195,000 ",258,33.30%,371,4.4,98%,25,37
ALL HOME TYPES,5,2024,City of Toronto,"2,701","$3,222,838,758 ","$1,193,202 ","$948,000 ","7,360",39.80%,"9,029",3.2,103%,19,29
ALL HOME TYPES,5,2024,Clarington,153,"$139,702,199 ","$913,086 ","$851,000 ",364,51.70%,300,1.5,105%,12,17
ALL HOME TYPES,5,2024,Dufferin County,44,"$35,772,927 ","$813,021 ","$782,500 ",98,47.30%,127,2.3,99%,23,29
ALL HOME TYPES,5,2024,Durham Region,907,"$866,132,672 ","$954,942 ","$885,000 ","2,082",48.40%,"1,886",1.8,104%,14,20
ALL HOME TYPES,5,2024,East Gwillimbury,53,"$68,388,499 ","$1,290,349 ","$1,150,000 ",156,38.90%,175,3,98%,18,32
ALL HOME TYPES,5,2024,Essa,28,"$24,841,000 ","$887,179 ","$789,000 ",80,42.20%,94,2.8,98%,21,33
ALL HOME TYPES,5,2024,Georgina,80,"$78,423,445 ","$980,293 ","$881,250 ",217,35.70%,273,3.7,99%,22,34
ALL HOME TYPES,5,2024,Halton Hills,73,"$78,011,000 ","$1,068,644 ","$962,500 ",162,44.50%,209,2.6,98%,19,26
ALL HOME TYPES,5,2024,Halton Region,765,"$972,402,722 ","$1,271,115 ","$1,120,000 ","1,865",45.80%,"2,060",2.5,99%,19,26
ALL HOME TYPES,5,2024,Innisfil,65,"$57,921,020 ","$891,093 ","$831,500 ",269,29.10%,377,5,99%,32,48
ALL HOME TYPES,5,2024,King,21,"$45,779,000 ","$2,179,952 ","$1,700,000 ",88,30.50%,162,6,96%,27,32
ALL HOME TYPES,5,2024,Markham,283,"$365,829,301 ","$1,292,683 ","$1,265,000 ",645,48.00%,759,2.2,105%,20,28
ALL HOME TYPES,5,2024,Milton,181,"$189,358,338 ","$1,046,179 ","$992,500 ",445,45.70%,420,2.1,101%,17,25
ALL HOME TYPES,5,2024,Mississauga,635,"$696,049,891 ","$1,096,142 ","$995,000 ","1,671",42.20%,"1,846",2.8,100%,19,28
ALL HOME TYPES,5,2024,New Tecumseth,53,"$45,805,350 ","$864,252 ","$835,000 ",158,43.60%,207,3.2,99%,28,31
ALL HOME TYPES,5,2024,Newmarket,93,"$109,117,413 ","$1,173,306 ","$1,138,000 ",234,44.40%,253,2.4,102%,16,21
ALL HOME TYPES,5,2024,Oakville,261,"$415,506,138 ","$1,591,978 ","$1,460,000 ",732,41.30%,871,3,98%,19,29
ALL HOME TYPES,5,2024,Orangeville,44,"$35,772,927 ","$813,021 ","$782,500 ",98,47.30%,127,2.3,99%,23,29
ALL HOME TYPES,5,2024,Oshawa,240,"$195,121,010 ","$813,004 ","$775,000 ",557,48.40%,490,1.7,106%,13,19
ALL HOME TYPES,5,2024,Peel Region,"1,197","$1,282,562,050 ","$1,071,480 ","$985,000 ","3,341",39.70%,"3,820",2.9,100%,19,29
ALL HOME TYPES,5,2024,Pickering,125,"$127,420,910 ","$1,019,367 ","$945,000 ",307,44.90%,298,2.1,103%,14,23
ALL HOME TYPES,5,2024,Richmond Hill,203,"$306,118,475 ","$1,507,973 ","$1,330,000 ",597,38.70%,783,3.2,102%,19,28
ALL HOME TYPES,5,2024,Scugog,25,"$26,102,533 ","$1,044,101 ","$930,000 ",73,45.10%,101,2.8,100%,13,27
ALL HOME TYPES,5,2024,Simcoe County,201,"$189,924,369 ","$944,897 ","$860,000 ",689,34.80%,913,3.9,99%,26,37
ALL HOME TYPES,5,2024,Stouffville,53,"$73,892,000 ","$1,394,189 ","$1,180,000 ",171,42.70%,228,2.9,100%,21,30
ALL HOME TYPES,5,2024,Toronto C01,335,"$313,144,551 ","$934,760 ","$755,000 ","1,166",32.50%,"1,723",4.5,100%,23,32
ALL HOME TYPES,5,2024,Toronto C02,95,"$193,308,104 ","$2,034,822 ","$1,662,000 ",239,34.60%,344,4.4,98%,25,40
ALL HOME TYPES,5,2024,Toronto C03,73,"$130,683,536 ","$1,790,185 ","$1,450,000 ",159,38.30%,176,3.4,118%,24,30
ALL HOME TYPES,5,2024,Toronto C04,86,"$195,336,817 ","$2,271,358 ","$2,115,000 ",202,44.30%,204,2.5,100%,18,23
ALL HOME TYPES,5,2024,Toronto C06,30,"$31,377,936 ","$1,045,931 ","$756,000 ",103,35.40%,144,4,100%,18,24
ALL HOME TYPES,5,2024,Toronto C07,70,"$86,050,120 ","$1,229,287 ","$879,000 ",210,40.10%,272,3.4,99%,27,42
ALL HOME TYPES,5,2024,Toronto C08,173,"$141,076,424 ","$815,471 ","$702,500 ",692,29.20%,"1,001",5.1,99%,27,38
ALL HOME TYPES,5,2024,Toronto C09,38,"$86,717,500 ","$2,282,039 ","$2,080,000 ",94,40.50%,104,3.1,100%,15,26
ALL HOME TYPES,5,2024,Toronto C10,81,"$91,411,038 ","$1,128,531 ","$820,000 ",230,37.50%,249,3.3,100%,18,32
ALL HOME TYPES,5,2024,Toronto C11,39,"$60,754,000 ","$1,557,795 ","$1,190,000 ",87,44.00%,118,2.9,103%,12,16
ALL HOME TYPES,5,2024,Toronto C12,26,"$84,143,775 ","$3,236,299 ","$3,100,000 ",99,28.40%,159,6.7,97%,16,28
ALL HOME TYPES,5,2024,Toronto C13,49,"$60,528,600 ","$1,235,278 ","$1,038,800 ",161,39.50%,204,3.2,100%,16,29
ALL HOME TYPES,5,2024,Toronto C14,82,"$81,730,299 ","$996,711 ","$778,000 ",276,38.40%,358,3.5,100%,18,30
ALL HOME TYPES,5,2024,Toronto C15,128,"$131,371,350 ","$1,026,339 ","$816,900 ",331,42.00%,427,3,101%,19,28
ALL HOME TYPES,5,2024,Toronto Central,"1,305","$1,687,634,050 ","$1,293,206 ","$888,000 ","4,049",35.30%,"5,483",4,101%,22,32
ALL HOME TYPES,5,2024,Toronto E01,95,"$123,326,224 ","$1,298,171 ","$1,220,000 ",192,45.30%,137,1.8,109%,12,17
ALL HOME TYPES,5,2024,Toronto E02,72,"$109,844,315 ","$1,525,615 ","$1,450,550 ",134,49.90%,104,1.6,108%,15,22
ALL HOME TYPES,5,2024,Toronto E03,76,"$95,129,689 ","$1,251,706 ","$1,207,500 ",160,51.60%,131,1.5,110%,10,14
ALL HOME TYPES,5,2024,Toronto E04,78,"$71,268,746 ","$913,702 ","$905,000 ",186,51.40%,166,1.9,106%,13,16
ALL HOME TYPES,5,2024,Toronto E05,66,"$62,848,647 ","$952,252 ","$908,000 ",119,52.40%,134,2.1,105%,20,25
ALL HOME TYPES,5,2024,Toronto E06,29,"$35,764,586 ","$1,233,262 ","$1,035,000 ",65,45.00%,71,2.4,109%,16,20
ALL HOME TYPES,5,2024,Toronto E07,56,"$56,690,676 ","$1,012,334 ","$1,120,000 ",126,48.90%,147,2.2,107%,18,22
ALL HOME TYPES,5,2024,Toronto E08,44,"$40,236,247 ","$914,460 ","$933,000 ",127,44.10%,143,2.7,105%,14,19
ALL HOME TYPES,5,2024,Toronto E09,47,"$38,555,783 ","$820,336 ","$870,000 ",141,46.20%,155,2.2,104%,17,24
ALL HOME TYPES,5,2024,Toronto E10,50,"$54,895,175 ","$1,097,903 ","$1,097,500 ",102,50.90%,90,2,105%,18,27
ALL HOME TYPES,5,2024,Toronto E11,41,"$38,015,688 ","$927,212 ","$895,000 ",130,44.60%,124,2.3,105%,16,26
ALL HOME TYPES,5,2024,Toronto East,654,"$726,575,776 ","$1,110,972 ","$1,050,000 ","1,482",48.30%,"1,402",2,107%,15,20
ALL HOME TYPES,5,2024,Toronto W01,62,"$70,688,017 ","$1,140,129 ","$908,500 ",140,39.60%,155,3,103%,18,30
ALL HOME TYPES,5,2024,Toronto W02,86,"$119,381,089 ","$1,388,152 ","$1,265,000 ",204,46.00%,180,2.1,105%,13,20
ALL HOME TYPES,5,2024,Toronto W03,66,"$64,658,406 ","$979,673 ","$950,000 ",135,43.00%,138,2.5,106%,15,24
ALL HOME TYPES,5,2024,Toronto W04,62,"$54,960,749 ","$886,464 ","$855,000 ",160,40.60%,213,3.1,102%,21,34
ALL HOME TYPES,5,2024,Toronto W05,84,"$75,244,538 ","$895,768 ","$907,450 ",240,43.20%,318,3,99%,22,33
ALL HOME TYPES,5,2024,Toronto W06,102,"$103,587,503 ","$1,015,564 ","$901,500 ",303,37.30%,403,3.5,101%,23,41
ALL HOME TYPES,5,2024,Toronto W07,25,"$37,139,768 ","$1,485,591 ","$1,420,000 ",75,38.60%,84,3.1,104%,15,30
ALL HOME TYPES,5,2024,Toronto W08,166,"$199,496,430 ","$1,201,786 ","$835,000 ",375,43.90%,438,2.7,99%,21,30
ALL HOME TYPES,5,2024,Toronto W09,42,"$43,121,011 ","$1,026,691 ","$962,500 ",84,50.00%,89,2.4,101%,25,36
ALL HOME TYPES,5,2024,Toronto W10,47,"$40,351,421 ","$858,541 ","$900,000 ",113,48.50%,126,2.3,102%,18,28
ALL HOME TYPES,5,2024,Toronto West,742,"$808,628,932 ","$1,089,796 ","$933,500 ","1,829",42.50%,"2,144",2.8,102%,20,31
ALL HOME TYPES,5,2024,Uxbridge,22,"$30,771,600 ","$1,398,709 ","$1,277,500 ",57,46.90%,81,2.7,97%,45,51
ALL HOME TYPES,5,2024,Vaughan,339,"$452,410,915 ","$1,334,545 ","$1,272,000 ",855,41.00%,"1,064",3,100%,20,30
ALL HOME TYPES,5,2024,Whitby,198,"$205,554,010 ","$1,038,152 ","$950,500 ",442,48.70%,341,1.6,104%,12,19
ALL HOME TYPES,5,2024,York Region,"1,198","$1,605,358,034 ","$1,340,032 ","$1,240,000 ","3,177",42.00%,"3,925",2.8,101%,19,28
ALL HOME TYPES,6,2024,Adjala-Tosorontio,10,"$16,099,100 ","$1,609,910 ","$1,401,000 ",48,27.90%,83,6.1,99%,22,24
ALL HOME TYPES,6,2024,Ajax,118,"$115,978,832 ","$982,871 ","$956,000 ",299,48.10%,269,1.8,104%,14,20
ALL HOME TYPES,6,2024,All TRREB Areas,"6,213","$7,220,544,220 ","$1,162,167 ","$990,000 ","17,964",40.30%,"23,613",3,100%,20,30
ALL HOME TYPES,6,2024,Aurora,83,"$116,524,803 ","$1,403,913 ","$1,315,000 ",187,45.70%,232,2.4,101%,20,25
ALL HOME TYPES,6,2024,Bradford,41,"$43,712,000 ","$1,066,146 ","$1,030,000 ",89,36.00%,151,3.5,99%,23,33
ALL HOME TYPES,6,2024,Brampton,489,"$493,793,309 ","$1,009,802 ","$955,000 ","1,447",37.60%,"1,725",3,100%,21,32
ALL HOME TYPES,6,2024,Brock,11,"$8,412,000 ","$764,727 ","$750,000 ",42,44.40%,69,3.6,99%,19,35
ALL HOME TYPES,6,2024,Burlington,203,"$236,479,707 ","$1,164,925 ","$998,000 ",462,51.20%,632,2.2,97%,21,30
ALL HOME TYPES,6,2024,Caledon,79,"$103,893,331 ","$1,315,105 ","$1,348,888 ",255,31.90%,393,4.7,97%,26,49
ALL HOME TYPES,6,2024,City of Toronto,"2,236","$2,624,575,167 ","$1,173,781 ","$930,444 ","6,820",38.20%,"9,623",3.4,101%,20,30
ALL HOME TYPES,6,2024,Clarington,157,"$140,749,097 ","$896,491 ","$840,000 ",366,50.70%,341,1.6,103%,12,18
ALL HOME TYPES,6,2024,Dufferin County,49,"$40,528,887 ","$827,120 ","$790,000 ",99,47.10%,122,2.4,98%,32,49
ALL HOME TYPES,6,2024,Durham Region,877,"$838,787,035 ","$956,428 ","$890,000 ","2,232",47.30%,"2,182",1.9,103%,15,22
ALL HOME TYPES,6,2024,East Gwillimbury,49,"$63,015,256 ","$1,286,026 ","$1,248,000 ",116,38.50%,170,3.1,99%,25,42
ALL HOME TYPES,6,2024,Essa,27,"$21,835,300 ","$808,715 ","$757,000 ",85,40.10%,111,3.1,98%,38,48
ALL HOME TYPES,6,2024,Georgina,58,"$49,895,043 ","$860,259 ","$825,000 ",225,34.10%,317,4,99%,20,29
ALL HOME TYPES,6,2024,Halton Hills,71,"$80,994,099 ","$1,140,762 ","$999,999 ",164,43.40%,209,2.8,98%,22,29
ALL HOME TYPES,6,2024,Halton Region,659,"$825,490,978 ","$1,252,642 ","$1,100,000 ","1,765",44.40%,"2,284",2.6,98%,20,30
ALL HOME TYPES,6,2024,Innisfil,69,"$65,479,398 ","$948,977 ","$860,000 ",243,28.50%,404,5.3,99%,29,49
ALL HOME TYPES,6,2024,King,27,"$67,334,980 ","$2,493,888 ","$2,375,000 ",90,29.60%,169,6.3,95%,32,49
ALL HOME TYPES,6,2024,Markham,260,"$350,489,067 ","$1,348,035 ","$1,311,900 ",715,46.20%,854,2.4,104%,18,24
ALL HOME TYPES,6,2024,Milton,162,"$177,497,752 ","$1,095,665 ","$1,041,000 ",411,44.70%,472,2.3,99%,19,28
ALL HOME TYPES,6,2024,Mississauga,552,"$609,257,246 ","$1,103,727 ","$998,500 ","1,573",40.80%,"2,041",3,99%,21,33
ALL HOME TYPES,6,2024,New Tecumseth,43,"$38,372,300 ","$892,379 ","$915,000 ",148,40.40%,241,3.5,100%,26,38
ALL HOME TYPES,6,2024,Newmarket,80,"$98,251,688 ","$1,228,146 ","$1,153,500 ",212,43.80%,276,2.5,100%,20,30
ALL HOME TYPES,6,2024,Oakville,223,"$330,519,420 ","$1,482,150 ","$1,325,000 ",728,39.40%,971,3.2,99%,20,32
ALL HOME TYPES,6,2024,Orangeville,49,"$40,528,887 ","$827,120 ","$790,000 ",99,47.10%,122,2.4,98%,32,49
ALL HOME TYPES,6,2024,Oshawa,225,"$185,140,451 ","$822,846 ","$780,000 ",613,47.30%,569,1.8,104%,16,23
ALL HOME TYPES,6,2024,Peel Region,"1,120","$1,206,943,886 ","$1,077,628 ","$985,000 ","3,275",38.60%,"4,159",3.1,99%,21,33
ALL HOME TYPES,6,2024,Pickering,123,"$121,976,310 ","$991,677 ","$940,000 ",352,43.50%,358,2.2,103%,18,29
ALL HOME TYPES,6,2024,Richmond Hill,161,"$236,677,451 ","$1,470,046 ","$1,398,000 ",598,37.80%,857,3.4,102%,23,32
ALL HOME TYPES,6,2024,Scugog,39,"$45,171,918 ","$1,158,254 ","$1,140,000 ",59,47.60%,95,2.8,100%,25,31
ALL HOME TYPES,6,2024,Simcoe County,190,"$185,498,098 ","$976,306 ","$915,000 ",613,34.10%,990,4.2,99%,28,41
ALL HOME TYPES,6,2024,Stouffville,54,"$82,233,442 ","$1,522,842 ","$1,340,000 ",179,41.30%,258,3.1,98%,25,36
ALL HOME TYPES,6,2024,Toronto C01,271,"$247,250,531 ","$912,364 ","$719,500 ","1,106",31.00%,"1,836",4.9,99%,25,39
ALL HOME TYPES,6,2024,Toronto C02,63,"$109,767,578 ","$1,742,343 ","$1,400,000 ",201,32.90%,339,4.8,98%,24,37
ALL HOME TYPES,6,2024,Toronto C03,55,"$86,670,017 ","$1,575,818 ","$1,170,000 ",116,37.30%,166,3.6,99%,18,25
ALL HOME TYPES,6,2024,Toronto C04,64,"$134,981,686 ","$2,109,089 ","$1,702,500 ",146,42.90%,204,2.7,98%,24,34
ALL HOME TYPES,6,2024,Toronto C06,31,"$38,827,218 ","$1,252,491 ","$1,350,000 ",104,32.70%,147,4.4,101%,20,30
ALL HOME TYPES,6,2024,Toronto C07,61,"$77,457,751 ","$1,269,799 ","$960,000 ",215,38.00%,324,3.7,100%,28,37
ALL HOME TYPES,6,2024,Toronto C08,130,"$102,764,718 ","$790,498 ","$680,000 ",634,27.30%,"1,098",5.7,98%,25,40
ALL HOME TYPES,6,2024,Toronto C09,31,"$98,125,688 ","$3,165,345 ","$2,715,000 ",54,40.70%,86,3.1,97%,22,31
ALL HOME TYPES,6,2024,Toronto C10,63,"$71,699,250 ","$1,138,083 ","$811,000 ",181,36.40%,258,3.5,99%,20,30
ALL HOME TYPES,6,2024,Toronto C11,41,"$59,888,599 ","$1,460,698 ","$1,225,000 ",106,42.50%,132,3.1,100%,18,27
ALL HOME TYPES,6,2024,Toronto C12,10,"$30,765,000 ","$3,076,500 ","$2,315,000 ",81,26.60%,174,7.3,97%,24,45
ALL HOME TYPES,6,2024,Toronto C13,60,"$67,418,075 ","$1,123,635 ","$840,000 ",134,40.00%,199,3.3,97%,23,33
ALL HOME TYPES,6,2024,Toronto C14,84,"$85,387,058 ","$1,016,513 ","$780,500 ",252,37.20%,371,3.7,99%,26,34
ALL HOME TYPES,6,2024,Toronto C15,109,"$114,285,982 ","$1,048,495 ","$790,000 ",311,40.70%,452,3.2,100%,22,33
ALL HOME TYPES,6,2024,Toronto Central,"1,073","$1,325,289,151 ","$1,235,125 ","$820,000 ","3,641",33.80%,"5,786",4.3,99%,24,35
ALL HOME TYPES,6,2024,Toronto E01,68,"$92,049,999 ","$1,353,676 ","$1,274,950 ",148,43.90%,137,1.9,109%,14,18
ALL HOME TYPES,6,2024,Toronto E02,68,"$108,943,192 ","$1,602,106 ","$1,362,500 ",146,48.10%,103,1.7,106%,9,13
ALL HOME TYPES,6,2024,Toronto E03,67,"$76,814,094 ","$1,146,479 ","$1,035,000 ",151,49.20%,132,1.7,106%,13,19
ALL HOME TYPES,6,2024,Toronto E04,66,"$63,712,313 ","$965,338 ","$965,001 ",173,49.10%,189,2,106%,19,26
ALL HOME TYPES,6,2024,Toronto E05,57,"$54,383,300 ","$954,093 ","$805,000 ",135,50.60%,151,2.3,104%,18,26
ALL HOME TYPES,6,2024,Toronto E06,31,"$40,092,686 ","$1,293,312 ","$1,000,000 ",89,42.60%,87,2.6,102%,14,17
ALL HOME TYPES,6,2024,Toronto E07,34,"$32,562,400 ","$957,718 ","$927,500 ",118,45.80%,164,2.5,104%,21,35
ALL HOME TYPES,6,2024,Toronto E08,40,"$38,510,281 ","$962,757 ","$942,500 ",114,41.50%,145,3,99%,28,44
ALL HOME TYPES,6,2024,Toronto E09,53,"$47,436,419 ","$895,027 ","$955,000 ",163,43.80%,188,2.4,106%,12,19
ALL HOME TYPES,6,2024,Toronto E10,27,"$26,871,099 ","$995,226 ","$985,000 ",106,48.00%,122,2.3,104%,15,20
ALL HOME TYPES,6,2024,Toronto E11,47,"$37,005,400 ","$787,349 ","$801,900 ",111,43.80%,132,2.4,103%,21,26
ALL HOME TYPES,6,2024,Toronto East,558,"$618,381,183 ","$1,108,210 ","$1,020,000 ","1,454",46.20%,"1,550",2.2,105%,16,23
ALL HOME TYPES,6,2024,Toronto W01,40,"$52,910,005 ","$1,322,750 ","$1,286,500 ",116,38.60%,152,3.1,103%,14,21
ALL HOME TYPES,6,2024,Toronto W02,77,"$101,813,747 ","$1,322,256 ","$1,200,000 ",165,44.90%,171,2.2,103%,13,18
ALL HOME TYPES,6,2024,Toronto W03,49,"$45,612,041 ","$930,858 ","$932,000 ",124,42.50%,155,2.6,106%,13,23
ALL HOME TYPES,6,2024,Toronto W04,51,"$48,043,399 ","$942,027 ","$935,000 ",178,38.40%,248,3.4,101%,19,28
ALL HOME TYPES,6,2024,Toronto W05,96,"$87,042,500 ","$906,693 ","$935,250 ",235,42.30%,335,3.2,102%,25,37
ALL HOME TYPES,6,2024,Toronto W06,72,"$68,924,609 ","$957,286 ","$916,250 ",286,35.50%,430,3.9,100%,18,27
ALL HOME TYPES,6,2024,Toronto W07,28,"$47,101,000 ","$1,682,179 ","$1,705,000 ",61,38.30%,72,3.2,100%,15,24
ALL HOME TYPES,6,2024,Toronto W08,120,"$166,438,596 ","$1,386,988 ","$1,175,000 ",375,41.40%,486,3,100%,21,30
ALL HOME TYPES,6,2024,Toronto W09,35,"$33,972,388 ","$970,640 ","$950,000 ",77,48.90%,99,2.6,103%,20,35
ALL HOME TYPES,6,2024,Toronto W10,37,"$29,046,549 ","$785,042 ","$760,000 ",108,46.40%,139,2.6,99%,27,33
ALL HOME TYPES,6,2024,Toronto West,605,"$680,904,834 ","$1,125,463 ","$982,500 ","1,725",40.90%,"2,287",3,101%,19,28
ALL HOME TYPES,6,2024,Uxbridge,20,"$26,097,900 ","$1,304,895 ","$1,029,950 ",66,43.70%,101,3.1,99%,13,20
ALL HOME TYPES,6,2024,Vaughan,310,"$434,298,438 ","$1,400,963 ","$1,283,000 ",838,39.90%,"1,120",3.2,100%,23,36
ALL HOME TYPES,6,2024,Whitby,184,"$195,260,527 ","$1,061,199 ","$960,000 ",435,47.70%,379,1.7,103%,14,21
ALL HOME TYPES,6,2024,York Region,"1,082","$1,498,720,168 ","$1,385,139 ","$1,280,582 ","3,160",40.90%,"4,253",3,101%,22,32
ALL HOME TYPES,7,2024,Adjala-Tosorontio,11,"$14,775,900 ","$1,343,264 ","$1,200,000 ",30,28.20%,83,6.3,94%,36,45
ALL HOME TYPES,7,2024,Ajax,105,"$100,181,995 ","$954,114 ","$880,000 ",263,47.90%,279,1.9,101%,19,29
ALL HOME TYPES,7,2024,All TRREB Areas,"5,391","$5,965,774,362 ","$1,106,617 ","$950,000 ","16,296",39.70%,"23,877",3.2,99%,24,36
ALL HOME TYPES,7,2024,Aurora,69,"$98,001,186 ","$1,420,307 ","$1,250,000 ",189,44.10%,235,2.5,98%,21,34
ALL HOME TYPES,7,2024,Bradford,29,"$33,653,900 ","$1,160,479 ","$979,900 ",111,34.70%,154,3.7,95%,33,50
ALL HOME TYPES,7,2024,Brampton,390,"$393,917,081 ","$1,010,044 ","$965,000 ","1,411",37.60%,"1,845",3.1,99%,21,38
ALL HOME TYPES,7,2024,Brock,13,"$8,977,500 ","$690,577 ","$740,000 ",37,41.70%,77,3.9,98%,26,49
ALL HOME TYPES,7,2024,Burlington,175,"$197,156,749 ","$1,126,610 ","$985,000 ",421,49.80%,651,2.4,98%,27,37
ALL HOME TYPES,7,2024,Caledon,69,"$105,559,989 ","$1,529,855 ","$1,250,000 ",225,31.40%,405,4.8,82%,31,49
ALL HOME TYPES,7,2024,City of Toronto,"1,987","$2,160,734,355 ","$1,087,436 ","$880,000 ","6,074",37.70%,"9,421",3.6,99%,24,37
ALL HOME TYPES,7,2024,Clarington,138,"$117,493,163 ","$851,400 ","$809,950 ",373,48.40%,377,1.8,103%,16,24
ALL HOME TYPES,7,2024,Dufferin County,40,"$32,362,377 ","$809,059 ","$802,000 ",82,46.20%,120,2.5,98%,29,46
ALL HOME TYPES,7,2024,Durham Region,779,"$713,280,120 ","$915,636 ","$840,000 ","2,023",46.50%,"2,281",2,101%,19,29
ALL HOME TYPES,7,2024,East Gwillimbury,35,"$44,653,900 ","$1,275,826 ","$1,264,500 ",113,38.00%,177,3.3,97%,25,48
ALL HOME TYPES,7,2024,Essa,25,"$20,551,290 ","$822,052 ","$765,000 ",78,37.90%,115,3.4,97%,29,45
ALL HOME TYPES,7,2024,Georgina,66,"$55,073,390 ","$834,445 ","$790,000 ",201,34.20%,330,4.1,99%,28,41
ALL HOME TYPES,7,2024,Halton Hills,55,"$67,064,150 ","$1,219,348 ","$1,070,000 ",150,42.50%,219,2.9,95%,25,40
ALL HOME TYPES,7,2024,Halton Region,543,"$676,769,367 ","$1,246,352 ","$1,075,000 ","1,557",43.30%,"2,324",2.8,97%,26,36
ALL HOME TYPES,7,2024,Innisfil,57,"$48,564,201 ","$852,004 ","$805,000 ",229,28.00%,397,5.5,96%,28,52
ALL HOME TYPES,7,2024,King,22,"$48,145,000 ","$2,188,409 ","$1,675,000 ",75,30.70%,169,6.2,94%,27,52
ALL HOME TYPES,7,2024,Markham,226,"$306,218,434 ","$1,354,949 ","$1,278,000 ",672,45.00%,961,2.6,102%,21,31
ALL HOME TYPES,7,2024,Milton,129,"$140,617,988 ","$1,090,062 ","$1,027,500 ",387,43.90%,483,2.4,98%,22,34
ALL HOME TYPES,7,2024,Mississauga,479,"$499,533,640 ","$1,042,868 ","$910,000 ","1,478",40.10%,"2,121",3.1,98%,24,36
ALL HOME TYPES,7,2024,New Tecumseth,46,"$44,146,600 ","$959,709 ","$845,000 ",117,40.20%,235,3.7,98%,30,48
ALL HOME TYPES,7,2024,Newmarket,73,"$82,601,000 ","$1,131,521 ","$1,120,000 ",194,44.00%,264,2.6,99%,23,32
ALL HOME TYPES,7,2024,Oakville,184,"$271,930,480 ","$1,477,883 ","$1,185,000 ",599,38.30%,971,3.4,96%,28,43
ALL HOME TYPES,7,2024,Orangeville,40,"$32,362,377 ","$809,059 ","$802,000 ",82,46.20%,120,2.5,98%,29,46
ALL HOME TYPES,7,2024,Oshawa,205,"$159,129,498 ","$776,241 ","$760,000 ",501,47.60%,569,1.9,102%,19,27
ALL HOME TYPES,7,2024,Peel Region,938,"$999,010,710 ","$1,065,043 ","$959,000 ","3,114",38.30%,"4,371",3.2,96%,24,37
ALL HOME TYPES,7,2024,Pickering,106,"$98,201,027 ","$926,425 ","$890,500 ",300,42.60%,378,2.4,100%,18,31
ALL HOME TYPES,7,2024,Richmond Hill,159,"$216,422,104 ","$1,361,145 ","$1,290,000 ",537,36.80%,838,3.6,100%,28,39
ALL HOME TYPES,7,2024,Scugog,28,"$30,440,515 ","$1,087,161 ","$1,037,500 ",75,45.40%,98,3,100%,24,30
ALL HOME TYPES,7,2024,Simcoe County,168,"$161,691,891 ","$962,452 ","$882,500 ",565,33.40%,984,4.4,96%,30,49
ALL HOME TYPES,7,2024,Stouffville,53,"$69,413,564 ","$1,309,690 ","$1,323,500 ",115,42.20%,231,3.2,97%,26,41
ALL HOME TYPES,7,2024,Toronto C01,273,"$246,550,278 ","$903,115 ","$725,000 ","1,036",30.30%,"1,750",5.1,99%,29,41
ALL HOME TYPES,7,2024,Toronto C02,58,"$92,950,518 ","$1,602,595 ","$1,297,500 ",177,33.10%,332,4.8,97%,31,50
ALL HOME TYPES,7,2024,Toronto C03,35,"$59,704,018 ","$1,705,829 ","$1,135,000 ",119,37.00%,168,3.6,100%,24,37
ALL HOME TYPES,7,2024,Toronto C04,40,"$81,605,036 ","$2,040,126 ","$1,890,000 ",122,41.30%,198,2.9,97%,31,43
ALL HOME TYPES,7,2024,Toronto C06,38,"$39,321,500 ","$1,034,776 ","$955,000 ",94,33.10%,142,4.4,98%,26,40
ALL HOME TYPES,7,2024,Toronto C07,57,"$60,513,687 ","$1,061,644 ","$820,000 ",192,37.10%,325,3.8,97%,26,34
ALL HOME TYPES,7,2024,Toronto C08,133,"$102,959,717 ","$774,133 ","$672,500 ",587,27.10%,"1,044",5.9,98%,25,43
ALL HOME TYPES,7,2024,Toronto C09,17,"$33,916,700 ","$1,995,100 ","$1,145,000 ",33,40.90%,69,3.2,93%,37,56
ALL HOME TYPES,7,2024,Toronto C10,53,"$45,744,900 ","$863,111 ","$724,900 ",179,36.00%,258,3.2,101%,24,33
ALL HOME TYPES,7,2024,Toronto C11,28,"$38,881,000 ","$1,388,607 ","$809,000 ",64,42.30%,113,3.2,98%,20,30
ALL HOME TYPES,7,2024,Toronto C12,23,"$87,536,843 ","$3,805,950 ","$2,578,880 ",64,26.80%,173,7.3,94%,32,46
ALL HOME TYPES,7,2024,Toronto C13,43,"$50,315,177 ","$1,170,120 ","$950,000 ",130,39.10%,202,3.5,100%,27,41
ALL HOME TYPES,7,2024,Toronto C14,60,"$67,529,541 ","$1,125,492 ","$814,000 ",242,36.20%,403,4,99%,25,43
ALL HOME TYPES,7,2024,Toronto C15,91,"$91,191,164 ","$1,002,101 ","$685,000 ",329,39.10%,482,3.5,99%,27,43
ALL HOME TYPES,7,2024,Toronto Central,949,"$1,098,720,079 ","$1,157,766 ","$790,000 ","3,368",33.20%,"5,659",4.5,98%,27,41
ALL HOME TYPES,7,2024,Toronto E01,51,"$59,008,959 ","$1,157,038 ","$1,100,000 ",128,43.90%,127,1.9,106%,15,29
ALL HOME TYPES,7,2024,Toronto E02,43,"$55,058,250 ","$1,280,424 ","$1,246,000 ",95,48.20%,100,1.7,103%,13,22
ALL HOME TYPES,7,2024,Toronto E03,48,"$52,550,899 ","$1,094,810 ","$1,043,750 ",92,50.10%,121,1.7,105%,15,22
ALL HOME TYPES,7,2024,Toronto E04,72,"$64,462,700 ","$895,315 ","$932,500 ",158,48.90%,179,2.1,103%,18,26
ALL HOME TYPES,7,2024,Toronto E05,51,"$49,137,387 ","$963,478 ","$915,000 ",137,49.20%,173,2.4,104%,25,36
ALL HOME TYPES,7,2024,Toronto E06,24,"$31,878,000 ","$1,328,250 ","$1,125,000 ",70,41.80%,83,2.7,101%,14,25
ALL HOME TYPES,7,2024,Toronto E07,44,"$40,581,186 ","$922,300 ","$975,500 ",130,45.30%,175,2.6,100%,21,29
ALL HOME TYPES,7,2024,Toronto E08,41,"$43,554,517 ","$1,062,305 ","$980,000 ",106,41.40%,149,3,98%,30,46
ALL HOME TYPES,7,2024,Toronto E09,59,"$50,107,289 ","$849,276 ","$920,000 ",157,43.80%,191,2.5,102%,19,28
ALL HOME TYPES,7,2024,Toronto E10,40,"$46,502,000 ","$1,162,550 ","$1,080,500 ",107,46.30%,124,2.4,100%,21,30
ALL HOME TYPES,7,2024,Toronto E11,49,"$38,190,600 ","$779,400 ","$720,000 ",130,44.40%,150,2.4,101%,28,38
ALL HOME TYPES,7,2024,Toronto East,522,"$531,031,787 ","$1,017,302 ","$975,000 ","1,310",46.00%,"1,572",2.3,102%,20,30
ALL HOME TYPES,7,2024,Toronto W01,39,"$49,666,511 ","$1,273,500 ","$1,105,000 ",87,39.60%,132,3.2,102%,20,35
ALL HOME TYPES,7,2024,Toronto W02,55,"$66,040,954 ","$1,200,745 ","$1,050,000 ",106,45.20%,146,2.2,102%,16,27
ALL HOME TYPES,7,2024,Toronto W03,36,"$30,918,650 ","$858,851 ","$874,000 ",86,42.60%,131,2.6,101%,25,32
ALL HOME TYPES,7,2024,Toronto W04,53,"$45,349,817 ","$855,657 ","$822,500 ",138,38.90%,243,3.5,101%,23,37
ALL HOME TYPES,7,2024,Toronto W05,60,"$49,930,500 ","$832,175 ","$874,000 ",169,40.90%,333,3.4,98%,27,48
ALL HOME TYPES,7,2024,Toronto W06,78,"$75,123,215 ","$963,118 ","$859,000 ",244,35.20%,406,4,98%,27,45
ALL HOME TYPES,7,2024,Toronto W07,23,"$28,823,700 ","$1,253,204 ","$1,300,000 ",58,38.70%,73,3.2,100%,32,46
ALL HOME TYPES,7,2024,Toronto W08,120,"$135,019,320 ","$1,125,161 ","$912,500 ",320,41.10%,450,3.1,99%,23,33
ALL HOME TYPES,7,2024,Toronto W09,21,"$23,240,100 ","$1,106,671 ","$1,011,100 ",74,46.90%,109,2.7,99%,27,39
ALL HOME TYPES,7,2024,Toronto W10,31,"$26,869,722 ","$866,765 ","$925,000 ",114,44.50%,167,2.8,100%,23,40
ALL HOME TYPES,7,2024,Toronto West,516,"$530,982,489 ","$1,029,036 ","$907,775 ","1,396",40.60%,"2,190",3.2,100%,24,38
ALL HOME TYPES,7,2024,Uxbridge,32,"$46,124,636 ","$1,441,395 ","$1,419,250 ",65,43.80%,97,3.2,95%,37,50
ALL HOME TYPES,7,2024,Vaughan,233,"$301,396,964 ","$1,293,549 ","$1,211,000 ",785,39.00%,"1,171",3.3,100%,22,35
ALL HOME TYPES,7,2024,Whitby,152,"$152,731,786 ","$1,004,814 ","$920,000 ",409,46.50%,405,1.8,101%,18,27
ALL HOME TYPES,7,2024,York Region,936,"$1,221,925,542 ","$1,305,476 ","$1,207,500 ","2,881",40.20%,"4,376",3.2,100%,23,36
ALL HOME TYPES,8,2024,Adjala-Tosorontio,12,"$10,879,500 ","$906,625 ","$875,000 ",34,28.40%,82,6.5,96%,44,49
ALL HOME TYPES,8,2024,Ajax,101,"$94,911,099 ","$939,714 ","$879,999 ",209,46.90%,263,2,100%,22,37
ALL HOME TYPES,8,2024,All TRREB Areas,"4,975","$5,345,263,385 ","$1,074,425 ","$925,000 ","12,547",39.50%,"22,653",3.3,99%,28,44
ALL HOME TYPES,8,2024,Aurora,59,"$80,298,200 ","$1,360,986 ","$1,282,000 ",136,43.20%,238,2.7,98%,26,40
ALL HOME TYPES,8,2024,Bradford,31,"$31,813,500 ","$1,026,242 ","$1,057,500 ",93,36.10%,151,3.6,98%,24,39
ALL HOME TYPES,8,2024,Brampton,410,"$403,663,079 ","$984,544 ","$940,000 ","1,248",37.40%,"1,823",3.2,99%,24,42
ALL HOME TYPES,8,2024,Brock,10,"$7,492,400 ","$749,240 ","$615,000 ",30,40.60%,75,4.2,97%,24,43
ALL HOME TYPES,8,2024,Burlington,156,"$183,834,923 ","$1,178,429 ","$997,500 ",358,48.90%,643,2.5,97%,29,38
ALL HOME TYPES,8,2024,Caledon,58,"$70,865,500 ","$1,221,819 ","$1,107,500 ",177,32.10%,398,4.9,96%,29,51
ALL HOME TYPES,8,2024,City of Toronto,"1,718","$1,767,941,197 ","$1,029,069 ","$814,000 ","4,177",37.60%,"8,625",3.7,99%,30,47
ALL HOME TYPES,8,2024,Clarington,122,"$102,035,189 ","$836,354 ","$804,995 ",302,47.00%,377,1.9,101%,21,33
ALL HOME TYPES,8,2024,Dufferin County,26,"$21,759,300 ","$836,896 ","$756,500 ",76,45.40%,130,2.7,99%,34,46
ALL HOME TYPES,8,2024,Durham Region,709,"$643,770,145 ","$907,997 ","$850,000 ","1,605",45.90%,"2,201",2.1,100%,23,37
ALL HOME TYPES,8,2024,East Gwillimbury,33,"$41,896,300 ","$1,269,585 ","$1,300,000 ",99,37.60%,168,3.4,101%,21,37
ALL HOME TYPES,8,2024,Essa,23,"$17,965,900 ","$781,126 ","$734,000 ",54,37.70%,112,3.5,96%,37,50
ALL HOME TYPES,8,2024,Georgina,52,"$47,860,488 ","$920,394 ","$875,000 ",148,33.50%,322,4.3,98%,30,50
ALL HOME TYPES,8,2024,Halton Hills,52,"$50,918,400 ","$979,200 ","$922,000 ",119,43.30%,210,2.9,97%,23,38
ALL HOME TYPES,8,2024,Halton Region,520,"$633,088,011 ","$1,217,477 ","$1,075,000 ","1,275",43.00%,"2,252",2.9,97%,29,43
ALL HOME TYPES,8,2024,Innisfil,63,"$58,593,500 ","$930,056 ","$830,000 ",176,28.10%,388,5.6,95%,35,58
ALL HOME TYPES,8,2024,King,23,"$50,868,500 ","$2,211,674 ","$1,900,000 ",67,30.70%,165,6.3,97%,34,54
ALL HOME TYPES,8,2024,Markham,228,"$287,460,560 ","$1,260,792 ","$1,217,844 ",553,44.20%,922,2.7,101%,28,42
ALL HOME TYPES,8,2024,Milton,131,"$139,444,204 ","$1,064,460 ","$1,000,100 ",302,43.60%,443,2.5,99%,26,39
ALL HOME TYPES,8,2024,Mississauga,466,"$486,757,052 ","$1,044,543 ","$935,000 ","1,169",39.80%,"2,015",3.3,97%,29,43
ALL HOME TYPES,8,2024,New Tecumseth,44,"$36,574,878 ","$831,247 ","$780,000 ",137,39.70%,244,3.8,97%,43,50
ALL HOME TYPES,8,2024,Newmarket,63,"$66,020,000 ","$1,047,937 ","$999,000 ",161,43.80%,265,2.7,100%,22,34
ALL HOME TYPES,8,2024,Oakville,181,"$258,890,484 ","$1,430,334 ","$1,200,000 ",496,38.10%,956,3.5,97%,33,51
ALL HOME TYPES,8,2024,Orangeville,26,"$21,759,300 ","$836,896 ","$756,500 ",76,45.40%,130,2.7,99%,34,46
ALL HOME TYPES,8,2024,Oshawa,164,"$128,067,674 ","$780,900 ","$751,000 ",448,46.30%,589,2,102%,20,34
ALL HOME TYPES,8,2024,Peel Region,934,"$961,285,631 ","$1,029,214 ","$945,000 ","2,594",38.10%,"4,236",3.3,98%,27,43
ALL HOME TYPES,8,2024,Pickering,117,"$114,801,818 ","$981,212 ","$950,000 ",242,42.90%,356,2.5,100%,28,40
ALL HOME TYPES,8,2024,Richmond Hill,159,"$228,041,714 ","$1,434,225 ","$1,250,000 ",411,36.60%,803,3.7,99%,31,46
ALL HOME TYPES,8,2024,Scugog,23,"$23,687,300 ","$1,029,883 ","$850,000 ",53,43.60%,101,3.2,94%,39,46
ALL HOME TYPES,8,2024,Simcoe County,173,"$155,827,278 ","$900,736 ","$830,000 ",494,33.60%,977,4.4,96%,36,51
ALL HOME TYPES,8,2024,Stouffville,43,"$67,708,988 ","$1,574,628 ","$1,283,000 ",142,40.80%,252,3.4,97%,41,53
ALL HOME TYPES,8,2024,Toronto C01,213,"$168,660,082 ","$791,831 ","$655,000 ",651,29.80%,"1,581",5.4,98%,35,58
ALL HOME TYPES,8,2024,Toronto C02,43,"$68,047,960 ","$1,582,511 ","$1,340,000 ",112,33.00%,293,4.9,97%,32,48
ALL HOME TYPES,8,2024,Toronto C03,28,"$43,264,277 ","$1,545,153 ","$1,050,000 ",62,37.40%,150,3.6,95%,29,41
ALL HOME TYPES,8,2024,Toronto C04,37,"$84,817,280 ","$2,292,359 ","$2,033,000 ",75,42.60%,175,2.9,97%,26,37
ALL HOME TYPES,8,2024,Toronto C06,19,"$24,310,000 ","$1,279,474 ","$1,012,000 ",44,34.30%,120,4.4,101%,24,50
ALL HOME TYPES,8,2024,Toronto C07,49,"$57,520,188 ","$1,173,881 ","$855,000 ",145,35.80%,300,4.1,98%,32,45
ALL HOME TYPES,8,2024,Toronto C08,146,"$102,475,230 ","$701,885 ","$618,715 ",369,27.70%,883,6,97%,34,61
ALL HOME TYPES,8,2024,Toronto C09,11,"$26,648,000 ","$2,422,545 ","$1,455,000 ",19,41.00%,57,3.3,94%,40,54
ALL HOME TYPES,8,2024,Toronto C10,48,"$49,945,322 ","$1,040,528 ","$789,500 ",99,36.00%,225,3.8,100%,35,51
ALL HOME TYPES,8,2024,Toronto C11,19,"$20,759,998 ","$1,092,631 ","$612,000 ",44,42.80%,106,3.3,100%,27,41
ALL HOME TYPES,8,2024,Toronto C12,21,"$69,208,000 ","$3,295,619 ","$2,100,000 ",45,27.60%,159,7.3,92%,40,56
ALL HOME TYPES,8,2024,Toronto C13,38,"$45,878,902 ","$1,207,340 ","$1,015,000 ",102,38.40%,191,3.6,100%,27,39
ALL HOME TYPES,8,2024,Toronto C14,56,"$51,176,500 ","$913,866 ","$705,000 ",203,34.60%,409,4.3,98%,36,49
ALL HOME TYPES,8,2024,Toronto C15,78,"$73,256,476 ","$939,186 ","$752,500 ",250,38.00%,469,3.7,100%,33,52
ALL HOME TYPES,8,2024,Toronto Central,806,"$885,968,215 ","$1,099,216 ","$740,500 ","2,220",33.00%,"5,118",4.7,98%,33,52
ALL HOME TYPES,8,2024,Toronto E01,34,"$39,009,888 ","$1,147,350 ","$1,042,500 ",74,43.70%,109,2,106%,18,34
ALL HOME TYPES,8,2024,Toronto E02,31,"$42,520,499 ","$1,371,629 ","$1,130,000 ",48,48.10%,84,1.8,100%,22,33
ALL HOME TYPES,8,2024,Toronto E03,38,"$47,929,300 ","$1,261,297 ","$1,068,650 ",76,50.60%,126,1.8,102%,20,33
ALL HOME TYPES,8,2024,Toronto E04,60,"$50,979,288 ","$849,655 ","$915,000 ",104,49.40%,167,2.1,102%,24,39
ALL HOME TYPES,8,2024,Toronto E05,50,"$42,900,076 ","$858,002 ","$756,444 ",80,50.10%,154,2.5,102%,29,40
ALL HOME TYPES,8,2024,Toronto E06,18,"$20,081,200 ","$1,115,622 ","$905,500 ",45,41.80%,87,2.7,101%,18,22
ALL HOME TYPES,8,2024,Toronto E07,43,"$37,098,703 ","$862,761 ","$780,000 ",79,43.90%,155,2.9,101%,30,47
ALL HOME TYPES,8,2024,Toronto E08,37,"$34,055,490 ","$920,419 ","$950,000 ",77,40.70%,141,3.2,99%,22,34
ALL HOME TYPES,8,2024,Toronto E09,53,"$42,019,972 ","$792,830 ","$840,000 ",139,42.90%,186,2.6,102%,27,41
ALL HOME TYPES,8,2024,Toronto E10,30,"$31,256,098 ","$1,041,870 ","$1,050,051 ",71,45.50%,120,2.5,98%,29,40
ALL HOME TYPES,8,2024,Toronto E11,38,"$30,519,499 ","$803,145 ","$802,500 ",97,43.30%,148,2.6,99%,27,35
ALL HOME TYPES,8,2024,Toronto East,432,"$418,370,013 ","$968,449 ","$940,000 ",890,45.70%,"1,477",2.4,101%,25,37
ALL HOME TYPES,8,2024,Toronto W01,31,"$33,481,500 ","$1,080,048 ","$855,000 ",65,39.90%,118,3.2,99%,27,43
ALL HOME TYPES,8,2024,Toronto W02,48,"$50,366,550 ","$1,049,303 ","$865,000 ",83,45.90%,121,2.2,105%,22,35
ALL HOME TYPES,8,2024,Toronto W03,29,"$28,532,388 ","$983,875 ","$890,000 ",62,43.50%,124,2.7,99%,25,35
ALL HOME TYPES,8,2024,Toronto W04,43,"$37,491,999 ","$871,907 ","$900,000 ",120,38.20%,246,3.7,99%,39,49
ALL HOME TYPES,8,2024,Toronto W05,67,"$54,538,905 ","$814,014 ","$850,000 ",168,40.60%,320,3.6,99%,32,45
ALL HOME TYPES,8,2024,Toronto W06,80,"$67,434,900 ","$842,936 ","$735,000 ",185,35.20%,382,4.1,98%,33,51
ALL HOME TYPES,8,2024,Toronto W07,18,"$24,317,177 ","$1,350,954 ","$1,047,500 ",30,39.50%,62,3.2,102%,14,35
ALL HOME TYPES,8,2024,Toronto W08,106,"$112,746,550 ","$1,063,647 ","$682,500 ",221,41.00%,404,3.2,98%,32,49
ALL HOME TYPES,8,2024,Toronto W09,31,"$32,238,800 ","$1,039,961 ","$850,000 ",49,47.40%,97,2.8,99%,38,54
ALL HOME TYPES,8,2024,Toronto W10,27,"$22,454,200 ","$831,637 ","$866,000 ",84,44.10%,156,2.9,99%,23,41
ALL HOME TYPES,8,2024,Toronto West,480,"$463,602,969 ","$965,840 ","$840,000 ","1,067",40.60%,"2,030",3.2,99%,30,46
ALL HOME TYPES,8,2024,Uxbridge,20,"$25,823,577 ","$1,291,179 ","$1,130,000 ",35,43.50%,88,3.4,95%,54,71
ALL HOME TYPES,8,2024,Vaughan,235,"$291,437,073 ","$1,240,158 ","$1,189,900 ",609,39.20%,"1,097",3.4,98%,27,43
ALL HOME TYPES,8,2024,Whitby,152,"$146,951,088 ","$966,783 ","$915,000 ",286,47.50%,351,1.8,100%,20,35
ALL HOME TYPES,8,2024,York Region,895,"$1,161,591,823 ","$1,297,868 ","$1,185,000 ","2,326",39.80%,"4,232",3.3,99%,28,43
ALL HOME TYPES,9,2024,Adjala-Tosorontio,9,"$9,142,200 ","$1,015,800 ","$997,200 ",58,26.90%,96,6.8,95%,29,35
ALL HOME TYPES,9,2024,Ajax,90,"$81,812,000 ","$909,022 ","$895,000 ",236,47.10%,263,2,100%,22,40
ALL HOME TYPES,9,2024,All TRREB Areas,"4,996","$5,532,026,247 ","$1,107,291 ","$950,000 ","18,089",39.30%,"25,612",3.4,99%,27,43
ALL HOME TYPES,9,2024,Aurora,55,"$82,797,035 ","$1,505,401 ","$1,370,000 ",206,42.30%,274,2.8,96%,25,55
ALL HOME TYPES,9,2024,Bradford,22,"$22,063,889 ","$1,002,904 ","$941,250 ",117,36.30%,180,3.7,99%,28,43
ALL HOME TYPES,9,2024,Brampton,392,"$405,792,095 ","$1,035,184 ","$989,000 ","1,415",37.00%,"1,947",3.3,99%,24,46
ALL HOME TYPES,9,2024,Brock,8,"$7,187,500 ","$898,438 ","$632,500 ",52,35.50%,90,4.8,97%,37,52
ALL HOME TYPES,9,2024,Burlington,169,"$196,007,959 ","$1,159,810 ","$980,000 ",476,49.00%,718,2.6,97%,34,44
ALL HOME TYPES,9,2024,Caledon,62,"$78,969,900 ","$1,273,708 ","$1,221,500 ",221,33.20%,402,4.8,98%,32,60
ALL HOME TYPES,9,2024,City of Toronto,"1,808","$2,013,517,075 ","$1,113,671 ","$880,500 ","7,074",37.40%,"10,022",3.8,100%,27,42
ALL HOME TYPES,9,2024,Clarington,131,"$112,268,675 ","$857,013 ","$800,000 ",311,47.40%,374,2,101%,20,35
ALL HOME TYPES,9,2024,Dufferin County,30,"$23,053,443 ","$768,448 ","$722,500 ",82,46.00%,130,2.8,98%,32,56
ALL HOME TYPES,9,2024,Durham Region,672,"$601,103,142 ","$894,499 ","$840,000 ","1,964",45.40%,"2,395",2.2,100%,22,37
ALL HOME TYPES,9,2024,East Gwillimbury,26,"$31,444,888 ","$1,209,419 ","$1,197,000 ",145,37.30%,207,3.5,98%,23,37
ALL HOME TYPES,9,2024,Essa,24,"$19,756,700 ","$823,196 ","$719,750 ",71,37.40%,108,3.6,96%,38,60
ALL HOME TYPES,9,2024,Georgina,56,"$46,693,150 ","$833,806 ","$800,000 ",186,34.00%,329,4.4,98%,28,47
ALL HOME TYPES,9,2024,Halton Hills,56,"$54,952,000 ","$981,286 ","$866,500 ",154,44.70%,230,2.9,98%,25,45
ALL HOME TYPES,9,2024,Halton Region,537,"$673,995,331 ","$1,255,112 ","$1,036,000 ","1,758",43.00%,"2,510",3,97%,30,44
ALL HOME TYPES,9,2024,Innisfil,56,"$54,432,288 ","$972,005 ","$875,000 ",262,27.70%,421,5.7,97%,33,51
ALL HOME TYPES,9,2024,King,18,"$32,852,500 ","$1,825,139 ","$1,625,000 ",112,28.40%,198,6.9,96%,46,72
ALL HOME TYPES,9,2024,Markham,239,"$295,500,354 ","$1,236,403 ","$1,195,000 ",797,44.10%,"1,086",2.8,100%,27,41
ALL HOME TYPES,9,2024,Milton,127,"$129,726,799 ","$1,021,471 ","$980,000 ",376,44.10%,486,2.5,99%,28,47
ALL HOME TYPES,9,2024,Mississauga,453,"$475,157,981 ","$1,048,914 ","$970,000 ","1,514",40.10%,"2,199",3.3,98%,27,42
ALL HOME TYPES,9,2024,New Tecumseth,56,"$49,226,250 ","$879,040 ","$805,000 ",158,40.40%,263,3.7,98%,35,55
ALL HOME TYPES,9,2024,Newmarket,79,"$89,173,099 ","$1,128,773 ","$1,039,000 ",227,44.30%,296,2.7,98%,29,46
ALL HOME TYPES,9,2024,Oakville,185,"$293,308,573 ","$1,585,452 ","$1,352,800 ",752,37.50%,"1,076",3.6,96%,29,43
ALL HOME TYPES,9,2024,Orangeville,30,"$23,053,443 ","$768,448 ","$722,500 ",82,46.00%,130,2.8,98%,32,56
ALL HOME TYPES,9,2024,Oshawa,184,"$143,531,210 ","$780,061 ","$752,500 ",542,45.30%,660,2.1,102%,24,36
ALL HOME TYPES,9,2024,Peel Region,907,"$959,919,976 ","$1,058,346 ","$988,000 ","3,150",38.20%,"4,548",3.4,98%,26,45
ALL HOME TYPES,9,2024,Pickering,86,"$85,636,073 ","$995,768 ","$940,500 ",316,42.30%,414,2.6,100%,23,41
ALL HOME TYPES,9,2024,Richmond Hill,151,"$206,206,168 ","$1,365,604 ","$1,250,000 ",657,35.60%,959,3.9,98%,31,45
ALL HOME TYPES,9,2024,Scugog,32,"$30,106,800 ","$940,838 ","$810,000 ",70,44.00%,98,3.2,98%,33,48
ALL HOME TYPES,9,2024,Simcoe County,167,"$154,621,327 ","$925,876 ","$850,000 ",666,33.50%,"1,068",4.5,97%,33,52
ALL HOME TYPES,9,2024,Stouffville,44,"$58,157,689 ","$1,321,766 ","$1,216,500 ",162,40.10%,273,3.5,97%,34,52
ALL HOME TYPES,9,2024,Toronto C01,242,"$216,795,343 ","$895,849 ","$710,500 ","1,037",30.20%,"1,727",5.4,100%,31,46
ALL HOME TYPES,9,2024,Toronto C02,48,"$99,835,850 ","$2,079,914 ","$1,642,500 ",258,32.60%,365,5,98%,40,61
ALL HOME TYPES,9,2024,Toronto C03,44,"$88,489,499 ","$2,011,125 ","$1,310,000 ",175,37.00%,211,3.7,99%,18,28
ALL HOME TYPES,9,2024,Toronto C04,42,"$91,134,418 ","$2,169,867 ","$1,884,000 ",190,41.70%,240,3.1,98%,18,27
ALL HOME TYPES,9,2024,Toronto C06,27,"$31,710,600 ","$1,174,467 ","$1,100,000 ",90,34.00%,134,4.5,99%,40,57
ALL HOME TYPES,9,2024,Toronto C07,47,"$49,440,188 ","$1,051,919 ","$740,000 ",234,35.40%,361,4.3,98%,28,44
ALL HOME TYPES,9,2024,Toronto C08,105,"$81,660,529 ","$777,719 ","$680,000 ",580,27.40%,972,6.2,98%,41,63
ALL HOME TYPES,9,2024,Toronto C09,15,"$34,558,000 ","$2,303,867 ","$2,100,000 ",82,40.60%,94,3.4,98%,27,43
ALL HOME TYPES,9,2024,Toronto C10,44,"$44,238,300 ","$1,005,416 ","$773,750 ",191,35.70%,260,3.9,98%,34,45
ALL HOME TYPES,9,2024,Toronto C11,30,"$35,611,100 ","$1,187,037 ","$777,500 ",106,41.90%,123,3.3,100%,26,35
ALL HOME TYPES,9,2024,Toronto C12,20,"$66,574,300 ","$3,328,715 ","$3,010,000 ",100,27.10%,190,7.6,92%,38,76
ALL HOME TYPES,9,2024,Toronto C13,38,"$43,752,300 ","$1,151,376 ","$877,500 ",164,38.00%,225,3.8,99%,28,44
ALL HOME TYPES,9,2024,Toronto C14,55,"$62,250,488 ","$1,131,827 ","$789,000 ",253,34.10%,433,4.5,98%,31,52
ALL HOME TYPES,9,2024,Toronto C15,81,"$69,987,574 ","$864,044 ","$662,500 ",346,37.10%,513,3.9,99%,23,40
ALL HOME TYPES,9,2024,Toronto Central,838,"$1,016,038,489 ","$1,212,456 ","$812,500 ","3,806",32.90%,"5,848",4.8,98%,31,47
ALL HOME TYPES,9,2024,Toronto E01,50,"$58,509,675 ","$1,170,194 ","$1,090,000 ",157,44.40%,150,2,105%,15,25
ALL HOME TYPES,9,2024,Toronto E02,42,"$64,030,733 ","$1,524,541 ","$1,337,500 ",137,47.20%,123,1.9,104%,20,26
ALL HOME TYPES,9,2024,Toronto E03,58,"$65,173,872 ","$1,123,687 ","$1,020,000 ",186,50.40%,176,1.8,104%,13,18
ALL HOME TYPES,9,2024,Toronto E04,47,"$40,073,886 ","$852,636 ","$885,000 ",154,48.40%,202,2.3,104%,24,35
ALL HOME TYPES,9,2024,Toronto E05,45,"$40,620,890 ","$902,686 ","$826,500 ",138,49.60%,169,2.5,100%,24,37
ALL HOME TYPES,9,2024,Toronto E06,20,"$20,862,900 ","$1,043,145 ","$903,750 ",85,41.00%,106,2.8,104%,21,38
ALL HOME TYPES,9,2024,Toronto E07,50,"$46,515,444 ","$930,309 ","$923,000 ",153,42.30%,191,3,106%,28,40
ALL HOME TYPES,9,2024,Toronto E08,37,"$35,707,886 ","$965,078 ","$1,037,500 ",130,40.30%,163,3.2,103%,21,36
ALL HOME TYPES,9,2024,Toronto E09,52,"$43,713,400 ","$840,642 ","$855,000 ",173,42.60%,210,2.7,101%,21,39
ALL HOME TYPES,9,2024,Toronto E10,26,"$26,784,388 ","$1,030,169 ","$1,032,500 ",99,45.00%,143,2.6,101%,20,34
ALL HOME TYPES,9,2024,Toronto E11,34,"$27,311,879 ","$803,291 ","$821,000 ",123,43.10%,167,2.7,101%,26,39
ALL HOME TYPES,9,2024,Toronto East,461,"$469,304,953 ","$1,018,015 ","$960,000 ","1,535",45.20%,"1,800",2.5,103%,21,33
ALL HOME TYPES,9,2024,Toronto W01,34,"$48,703,338 ","$1,432,451 ","$1,309,000 ",128,39.50%,152,3.2,101%,21,34
ALL HOME TYPES,9,2024,Toronto W02,58,"$79,950,333 ","$1,378,454 ","$1,305,000 ",177,46.00%,174,2.2,104%,18,25
ALL HOME TYPES,9,2024,Toronto W03,29,"$25,402,929 ","$875,963 ","$880,000 ",115,44.00%,156,2.7,103%,33,42
ALL HOME TYPES,9,2024,Toronto W04,45,"$37,110,166 ","$824,670 ","$750,000 ",167,38.50%,269,3.8,99%,36,46
ALL HOME TYPES,9,2024,Toronto W05,65,"$54,189,887 ","$833,691 ","$865,000 ",208,40.00%,345,3.7,98%,28,47
ALL HOME TYPES,9,2024,Toronto W06,76,"$68,978,610 ","$907,613 ","$797,500 ",303,34.50%,432,4.3,99%,31,41
ALL HOME TYPES,9,2024,Toronto W07,21,"$35,344,300 ","$1,683,062 ","$1,530,000 ",65,39.90%,78,3.3,97%,20,34
ALL HOME TYPES,9,2024,Toronto W08,104,"$108,750,983 ","$1,045,683 ","$709,000 ",364,41.40%,494,3.2,100%,30,49
ALL HOME TYPES,9,2024,Toronto W09,30,"$31,672,088 ","$1,055,736 ","$1,102,500 ",88,48.50%,114,2.8,98%,30,53
ALL HOME TYPES,9,2024,Toronto W10,47,"$38,071,000 ","$810,021 ","$815,000 ",118,43.50%,160,3,99%,25,38
ALL HOME TYPES,9,2024,Toronto West,509,"$528,173,634 ","$1,037,669 ","$892,000 ","1,733",40.60%,"2,374",3.3,100%,28,42
ALL HOME TYPES,9,2024,Uxbridge,18,"$19,214,000 ","$1,067,444 ","$932,500 ",70,42.20%,99,3.5,96%,37,64
ALL HOME TYPES,9,2024,Vaughan,207,"$262,991,070 ","$1,270,488 ","$1,175,000 ",903,38.70%,"1,317",3.5,98%,30,43
ALL HOME TYPES,9,2024,Whitby,123,"$121,346,884 ","$986,560 ","$930,000 ",367,47.10%,396,1.9,100%,17,31
ALL HOME TYPES,9,2024,York Region,875,"$1,105,815,953 ","$1,263,790 ","$1,165,000 ","3,395",39.30%,"4,939",3.4,98%,29,45
ALL HOME TYPES,10,2024,Adjala-Tosorontio,13,"$16,517,500 ","$1,270,577 ","$1,290,000 ",36,28.70%,92,6.5,95%,35,51
ALL HOME TYPES,10,2024,Ajax,109,"$102,085,658 ","$936,566 ","$905,000 ",227,48.60%,246,2,101%,20,32
ALL HOME TYPES,10,2024,All TRREB Areas,"6,658","$7,558,262,775 ","$1,135,215 ","$960,000 ","15,328",40.30%,"24,481",3.3,99%,27,43
ALL HOME TYPES,10,2024,Aurora,71,"$98,089,152 ","$1,381,537 ","$1,250,000 ",164,43.80%,257,2.8,99%,24,42
ALL HOME TYPES,10,2024,Bradford,55,"$60,109,149 ","$1,092,894 ","$1,005,000 ",96,39.70%,160,3.4,97%,33,56
ALL HOME TYPES,10,2024,Brampton,498,"$507,783,037 ","$1,019,645 ","$945,000 ","1,196",37.90%,"1,805",3.2,99%,27,48
ALL HOME TYPES,10,2024,Brock,18,"$13,191,500 ","$732,861 ","$655,000 ",44,36.00%,87,4.9,96%,47,64
ALL HOME TYPES,10,2024,Burlington,226,"$245,891,627 ","$1,088,016 ","$972,500 ",475,50.40%,709,2.6,98%,29,40
ALL HOME TYPES,10,2024,Caledon,87,"$119,513,199 ","$1,373,715 ","$1,230,000 ",222,34.60%,384,4.7,96%,28,53
ALL HOME TYPES,10,2024,City of Toronto,"2,509","$2,924,640,673 ","$1,165,660 ","$920,000 ","5,959",38.30%,"9,756",3.8,100%,27,42
ALL HOME TYPES,10,2024,Clarington,156,"$128,336,827 ","$822,672 ","$800,000 ",259,49.50%,316,1.9,100%,22,34
ALL HOME TYPES,10,2024,Dufferin County,33,"$25,939,900 ","$786,058 ","$760,000 ",76,47.10%,128,2.8,98%,27,47
ALL HOME TYPES,10,2024,Durham Region,888,"$789,356,052 ","$888,914 ","$830,250 ","1,766",47.10%,"2,226",2.5,100%,23,36
ALL HOME TYPES,10,2024,East Gwillimbury,48,"$54,268,000 ","$1,130,583 ","$1,054,500 ",110,39.60%,196,3.3,99%,29,51
ALL HOME TYPES,10,2024,Essa,15,"$11,474,600 ","$764,973 ","$750,100 ",52,37.50%,106,3.7,98%,29,43
ALL HOME TYPES,10,2024,Georgina,51,"$42,932,500 ","$841,814 ","$790,000 ",152,34.90%,309,4.4,97%,30,42
ALL HOME TYPES,10,2024,Halton Hills,69,"$71,310,900 ","$1,033,491 ","$980,000 ",131,46.70%,209,2.8,98%,26,48
ALL HOME TYPES,10,2024,Halton Region,700,"$848,665,038 ","$1,212,379 ","$1,065,000 ","1,510",44.20%,"2,398",2.9,98%,29,45
ALL HOME TYPES,10,2024,Innisfil,60,"$51,059,890 ","$850,998 ","$844,500 ",180,28.80%,395,5.6,96%,35,52
ALL HOME TYPES,10,2024,King,32,"$73,730,399 ","$2,304,075 ","$2,155,750 ",101,28.80%,201,6.8,94%,34,58
ALL HOME TYPES,10,2024,Markham,317,"$389,209,217 ","$1,227,789 ","$1,180,000 ",702,44.40%,"1,023",2.8,101%,26,43
ALL HOME TYPES,10,2024,Milton,163,"$169,559,513 ","$1,040,242 ","$990,000 ",338,45.20%,468,2.5,99%,26,41
ALL HOME TYPES,10,2024,Mississauga,577,"$624,285,581 ","$1,081,951 ","$950,000 ","1,294",41.10%,"2,088",3.3,97%,28,43
ALL HOME TYPES,10,2024,New Tecumseth,58,"$51,974,400 ","$896,110 ","$850,500 ",127,41.20%,253,3.7,98%,33,43
ALL HOME TYPES,10,2024,Newmarket,79,"$85,084,124 ","$1,077,014 ","$1,020,000 ",184,45.50%,281,2.7,99%,26,43
ALL HOME TYPES,10,2024,Oakville,242,"$361,902,998 ","$1,495,467 ","$1,295,500 ",566,38.60%,"1,012",3.6,97%,31,52
ALL HOME TYPES,10,2024,Orangeville,33,"$25,939,900 ","$786,058 ","$760,000 ",76,47.10%,128,2.8,98%,27,47
ALL HOME TYPES,10,2024,Oshawa,235,"$182,127,636 ","$775,011 ","$750,000 ",479,46.90%,625,2.1,100%,24,38
ALL HOME TYPES,10,2024,Peel Region,"1,162","$1,251,581,817 ","$1,077,093 ","$963,750 ","2,712",39.10%,"4,277",3.4,98%,27,46
ALL HOME TYPES,10,2024,Pickering,146,"$147,760,750 ","$1,012,060 ","$925,000 ",306,44.00%,389,2.5,100%,26,39
ALL HOME TYPES,10,2024,Richmond Hill,217,"$331,260,299 ","$1,526,545 ","$1,420,000 ",511,36.60%,888,3.9,97%,27,47
ALL HOME TYPES,10,2024,Scugog,38,"$36,091,697 ","$949,782 ","$857,500 ",53,46.70%,79,3,96%,25,36
ALL HOME TYPES,10,2024,Simcoe County,201,"$191,135,539 ","$950,923 ","$880,000 ",491,34.90%,"1,006",4.4,97%,33,50
ALL HOME TYPES,10,2024,Stouffville,48,"$60,587,988 ","$1,262,250 ","$1,200,000 ",110,40.30%,248,3.7,98%,34,47
ALL HOME TYPES,10,2024,Toronto C01,328,"$300,104,604 ","$914,953 ","$727,500 ",902,31.40%,"1,651",5.3,99%,31,49
ALL HOME TYPES,10,2024,Toronto C02,70,"$134,674,942 ","$1,923,928 ","$1,447,500 ",199,33.10%,356,5,98%,29,42
ALL HOME TYPES,10,2024,Toronto C03,70,"$124,622,899 ","$1,780,327 ","$1,507,500 ",137,40.30%,195,3.4,98%,25,35
ALL HOME TYPES,10,2024,Toronto C04,71,"$164,565,154 ","$2,317,819 ","$2,237,000 ",143,42.90%,222,3.1,98%,24,40
ALL HOME TYPES,10,2024,Toronto C06,26,"$26,377,500 ","$1,014,519 ","$713,500 ",63,34.60%,133,4.6,100%,24,35
ALL HOME TYPES,10,2024,Toronto C07,72,"$83,192,204 ","$1,155,447 ","$850,000 ",193,36.10%,358,4.3,99%,33,55
ALL HOME TYPES,10,2024,Toronto C08,156,"$124,898,935 ","$800,634 ","$682,500 ",471,28.40%,935,6.1,98%,32,59
ALL HOME TYPES,10,2024,Toronto C09,33,"$117,060,070 ","$3,547,275 ","$1,600,000 ",56,41.80%,92,3.4,99%,21,30
ALL HOME TYPES,10,2024,Toronto C10,64,"$70,126,575 ","$1,095,728 ","$723,000 ",136,38.00%,229,3.8,98%,31,60
ALL HOME TYPES,10,2024,Toronto C11,34,"$53,243,935 ","$1,565,998 ","$1,402,000 ",79,42.40%,117,3.3,100%,22,41
ALL HOME TYPES,10,2024,Toronto C12,22,"$80,497,799 ","$3,658,991 ","$3,150,000 ",82,28.20%,196,7.3,93%,43,58
ALL HOME TYPES,10,2024,Toronto C13,50,"$62,481,011 ","$1,249,620 ","$880,000 ",151,37.70%,249,3.8,98%,30,45
ALL HOME TYPES,10,2024,Toronto C14,70,"$66,708,056 ","$952,972 ","$726,000 ",217,34.30%,438,4.6,97%,31,59
ALL HOME TYPES,10,2024,Toronto C15,102,"$100,791,786 ","$988,155 ","$799,000 ",275,37.20%,486,3.9,99%,24,43
ALL HOME TYPES,10,2024,Toronto Central,"1,168","$1,509,345,470 ","$1,292,248 ","$828,000 ","3,104",33.80%,"5,657",4.7,98%,29,49
ALL HOME TYPES,10,2024,Toronto E01,65,"$77,650,431 ","$1,194,622 ","$1,135,000 ",115,46.10%,135,2,103%,17,32
ALL HOME TYPES,10,2024,Toronto E02,65,"$92,655,950 ","$1,425,476 ","$1,205,000 ",110,50.60%,118,1.8,101%,16,26
ALL HOME TYPES,10,2024,Toronto E03,86,"$104,943,248 ","$1,220,270 ","$1,156,000 ",143,51.40%,167,1.8,106%,19,30
ALL HOME TYPES,10,2024,Toronto E04,62,"$51,928,899 ","$837,563 ","$902,500 ",143,47.90%,200,2.3,100%,29,40
ALL HOME TYPES,10,2024,Toronto E05,51,"$48,900,238 ","$958,828 ","$987,000 ",139,48.90%,197,2.6,105%,25,32
ALL HOME TYPES,10,2024,Toronto E06,39,"$46,253,575 ","$1,185,989 ","$1,057,000 ",66,43.20%,97,2.8,102%,21,34
ALL HOME TYPES,10,2024,Toronto E07,60,"$51,965,864 ","$866,098 ","$879,444 ",123,43.90%,179,3,103%,29,38
ALL HOME TYPES,10,2024,Toronto E08,50,"$52,690,940 ","$1,053,819 ","$992,500 ",92,42.10%,151,3.2,100%,25,39
ALL HOME TYPES,10,2024,Toronto E09,71,"$58,777,880 ","$827,857 ","$890,000 ",170,42.30%,216,2.8,103%,19,28
ALL HOME TYPES,10,2024,Toronto E10,47,"$48,727,500 ","$1,036,755 ","$1,050,000 ",102,46.00%,133,2.6,100%,17,25
ALL HOME TYPES,10,2024,Toronto E11,47,"$39,569,801 ","$841,911 ","$855,000 ",109,43.30%,171,2.7,99%,32,43
ALL HOME TYPES,10,2024,Toronto East,643,"$674,064,326 ","$1,048,312 ","$990,000 ","1,312",46.10%,"1,764",2.5,102%,22,33
ALL HOME TYPES,10,2024,Toronto W01,47,"$65,570,611 ","$1,395,119 ","$1,225,000 ",105,40.60%,151,3.2,101%,21,32
ALL HOME TYPES,10,2024,Toronto W02,94,"$120,686,127 ","$1,283,895 ","$1,250,000 ",145,48.50%,152,2.1,105%,17,25
ALL HOME TYPES,10,2024,Toronto W03,60,"$55,697,400 ","$928,290 ","$895,000 ",104,46.70%,139,2.6,101%,22,34
ALL HOME TYPES,10,2024,Toronto W04,57,"$51,319,438 ","$900,341 ","$910,000 ",142,38.10%,268,3.9,100%,25,36
ALL HOME TYPES,10,2024,Toronto W05,97,"$81,602,990 ","$841,268 ","$900,000 ",202,41.20%,336,3.6,98%,38,56
ALL HOME TYPES,10,2024,Toronto W06,101,"$97,872,707 ","$969,037 ","$825,000 ",289,34.80%,439,4.3,99%,29,48
ALL HOME TYPES,10,2024,Toronto W07,20,"$28,392,500 ","$1,419,625 ","$1,335,000 ",62,39.90%,95,3.3,98%,30,39
ALL HOME TYPES,10,2024,Toronto W08,149,"$174,218,777 ","$1,169,254 ","$810,000 ",320,42.90%,476,3.2,99%,25,40
ALL HOME TYPES,10,2024,Toronto W09,33,"$32,226,327 ","$976,555 ","$1,025,000 ",70,48.50%,113,2.8,99%,25,39
ALL HOME TYPES,10,2024,Toronto W10,40,"$33,644,000 ","$841,100 ","$895,000 ",104,42.00%,166,3.1,100%,29,50
ALL HOME TYPES,10,2024,Toronto West,698,"$741,230,877 ","$1,061,935 ","$936,500 ","1,543",41.50%,"2,335",3.3,100%,26,41
ALL HOME TYPES,10,2024,Uxbridge,18,"$17,245,000 ","$958,056 ","$802,500 ",44,42.60%,93,3.6,94%,44,71
ALL HOME TYPES,10,2024,Vaughan,302,"$391,782,078 ","$1,297,292 ","$1,215,000 ",780,39.30%,"1,287",3.5,97%,29,48
ALL HOME TYPES,10,2024,Whitby,168,"$162,516,984 ","$967,363 ","$885,000 ",354,48.50%,391,1.9,100%,18,28
ALL HOME TYPES,10,2024,York Region,"1,165","$1,526,943,756 ","$1,310,681 ","$1,200,000 ","2,814",40.10%,"4,690",3.4,98%,28,46
ALL HOME TYPES,11,2024,Adjala-Tosorontio,12,"$12,102,000 ","$1,008,500 ","$870,000 ",23,29.70%,80,6.3,94%,67,77
ALL HOME TYPES,11,2024,Ajax,96,"$92,227,208 ","$960,700 ","$888,000 ",150,50.70%,201,2,101%,25,41
ALL HOME TYPES,11,2024,All TRREB Areas,"5,875","$6,498,045,778 ","$1,106,050 ","$945,000 ","11,592",41.00%,"21,818",3.3,99%,31,49
ALL HOME TYPES,11,2024,Aurora,75,"$110,600,385 ","$1,474,672 ","$1,265,000 ",130,44.10%,210,2.8,97%,37,65
ALL HOME TYPES,11,2024,Bradford,38,"$40,171,110 ","$1,057,134 ","$1,036,000 ",66,41.40%,121,3.3,98%,33,56
ALL HOME TYPES,11,2024,Brampton,442,"$449,186,907 ","$1,016,260 ","$958,000 ","1,003",38.40%,"1,637",3.2,98%,29,51
ALL HOME TYPES,11,2024,Brock,18,"$12,877,000 ","$715,389 ","$667,500 ",22,38.90%,65,4.7,98%,39,58
ALL HOME TYPES,11,2024,Burlington,191,"$215,545,993 ","$1,128,513 ","$990,000 ",352,50.00%,665,2.6,97%,39,56
ALL HOME TYPES,11,2024,Caledon,77,"$113,543,654 ","$1,474,593 ","$1,257,500 ",162,35.50%,347,4.6,96%,38,57
ALL HOME TYPES,11,2024,City of Toronto,"2,236","$2,415,253,368 ","$1,080,167 ","$840,000 ","4,360",39.30%,"8,662",3.7,99%,31,48
ALL HOME TYPES,11,2024,Clarington,120,"$107,700,530 ","$897,504 ","$797,500 ",166,51.40%,257,1.9,101%,20,35
ALL HOME TYPES,11,2024,Dufferin County,39,"$28,742,761 ","$736,994 ","$767,500 ",77,47.00%,112,2.8,99%,36,57
ALL HOME TYPES,11,2024,Durham Region,739,"$668,223,035 ","$904,226 ","$850,000 ","1,198",48.40%,"1,817",2.2,100%,24,41
ALL HOME TYPES,11,2024,East Gwillimbury,43,"$60,243,632 ","$1,401,015 ","$1,285,000 ",70,40.30%,159,3.4,99%,41,61
ALL HOME TYPES,11,2024,Essa,15,"$10,453,900 ","$696,927 ","$685,000 ",33,38.00%,92,3.8,96%,37,56
ALL HOME TYPES,11,2024,Georgina,55,"$45,315,249 ","$823,914 ","$795,000 ",119,36.10%,267,4.3,99%,31,44
ALL HOME TYPES,11,2024,Halton Hills,59,"$58,142,704 ","$985,470 ","$870,000 ",87,48.00%,163,2.6,98%,30,43
ALL HOME TYPES,11,2024,Halton Region,625,"$791,405,715 ","$1,266,249 ","$1,072,000 ","1,290",43.40%,"2,382",3,97%,33,50
ALL HOME TYPES,11,2024,Innisfil,61,"$57,386,800 ","$940,767 ","$949,000 ",173,29.80%,359,5.5,97%,42,75
ALL HOME TYPES,11,2024,King,27,"$67,793,000 ","$2,510,852 ","$2,225,000 ",61,29.30%,185,6.8,94%,40,61
ALL HOME TYPES,11,2024,Markham,251,"$321,759,973 ","$1,281,912 ","$1,210,000 ",469,44.60%,883,2.9,101%,27,45
ALL HOME TYPES,11,2024,Milton,150,"$167,990,799 ","$1,119,939 ","$987,500 ",281,45.20%,424,2.5,99%,28,43
ALL HOME TYPES,11,2024,Mississauga,445,"$442,612,125 ","$994,634 ","$910,000 ","1,061",41.00%,"1,981",3.3,99%,30,48
ALL HOME TYPES,11,2024,New Tecumseth,59,"$47,349,701 ","$802,537 ","$800,000 ",94,43.30%,205,3.6,99%,39,56
ALL HOME TYPES,11,2024,Newmarket,92,"$97,512,250 ","$1,059,916 ","$993,500 ",133,47.60%,218,2.6,99%,33,45
ALL HOME TYPES,11,2024,Oakville,214,"$333,525,219 ","$1,558,529 ","$1,269,000 ",448,38.60%,875,3.6,97%,31,51
ALL HOME TYPES,11,2024,Orangeville,39,"$28,742,761 ","$736,994 ","$767,500 ",77,47.00%,112,2.8,99%,36,57
ALL HOME TYPES,11,2024,Oshawa,198,"$151,603,368 ","$765,674 ","$732,000 ",345,48.10%,511,2.1,101%,24,44
ALL HOME TYPES,11,2024,Peel Region,964,"$1,005,342,686 ","$1,042,887 ","$953,500 ","2,226",39.40%,"3,965",3.4,98%,30,50
ALL HOME TYPES,11,2024,Pickering,140,"$135,193,128 ","$965,665 ","$910,251 ",218,45.20%,313,2.5,100%,24,39
ALL HOME TYPES,11,2024,Richmond Hill,174,"$259,314,377 ","$1,490,313 ","$1,277,500 ",388,37.00%,795,4,99%,26,44
ALL HOME TYPES,11,2024,Scugog,14,"$15,029,900 ","$1,073,564 ","$1,072,500 ",41,46.40%,74,3.1,99%,32,44
ALL HOME TYPES,11,2024,Simcoe County,185,"$167,463,511 ","$905,208 ","$860,000 ",389,36.20%,857,4.3,97%,40,64
ALL HOME TYPES,11,2024,Stouffville,60,"$76,492,090 ","$1,274,868 ","$1,057,500 ",94,41.80%,207,3.6,95%,55,77
ALL HOME TYPES,11,2024,Toronto C01,276,"$224,661,029 ","$813,989 ","$654,500 ",643,32.10%,"1,494",5.3,98%,35,56
ALL HOME TYPES,11,2024,Toronto C02,69,"$107,977,352 ","$1,564,889 ","$1,220,000 ",153,34.10%,324,4.9,97%,30,49
ALL HOME TYPES,11,2024,Toronto C03,48,"$88,921,594 ","$1,852,533 ","$1,426,250 ",85,41.80%,174,3.4,98%,22,31
ALL HOME TYPES,11,2024,Toronto C04,54,"$116,071,424 ","$2,149,471 ","$1,740,000 ",98,43.90%,191,3.1,98%,32,49
ALL HOME TYPES,11,2024,Toronto C06,22,"$25,406,550 ","$1,154,843 ","$1,228,500 ",70,34.30%,124,4.6,100%,27,44
ALL HOME TYPES,11,2024,Toronto C07,85,"$94,992,734 ","$1,117,562 ","$810,000 ",138,37.40%,291,4.2,99%,34,56
ALL HOME TYPES,11,2024,Toronto C08,139,"$95,636,066 ","$688,029 ","$620,000 ",411,28.80%,886,6.1,99%,35,55
ALL HOME TYPES,11,2024,Toronto C09,24,"$76,959,100 ","$3,206,629 ","$2,176,000 ",32,44.20%,78,3.3,96%,38,48
ALL HOME TYPES,11,2024,Toronto C10,54,"$41,035,410 ","$759,915 ","$683,000 ",103,39.00%,200,3.7,99%,33,59
ALL HOME TYPES,11,2024,Toronto C11,30,"$37,310,000 ","$1,243,667 ","$632,500 ",66,42.50%,106,3.3,99%,25,34
ALL HOME TYPES,11,2024,Toronto C12,20,"$62,745,000 ","$3,137,250 ","$3,119,000 ",47,28.90%,170,7.5,94%,41,63
ALL HOME TYPES,11,2024,Toronto C13,57,"$65,401,700 ","$1,147,398 ","$862,000 ",109,38.80%,214,3.8,97%,30,48
ALL HOME TYPES,11,2024,Toronto C14,80,"$80,256,538 ","$1,003,207 ","$684,000 ",167,34.70%,379,4.7,98%,38,58
ALL HOME TYPES,11,2024,Toronto C15,122,"$110,229,055 ","$903,517 ","$710,900 ",188,38.90%,399,3.9,98%,34,55
ALL HOME TYPES,11,2024,Toronto Central,"1,080","$1,227,603,552 ","$1,136,670 ","$735,000 ","2,310",34.70%,"5,031",4.7,98%,33,53
ALL HOME TYPES,11,2024,Toronto E01,64,"$74,682,050 ","$1,166,907 ","$1,082,500 ",90,47.70%,112,2,106%,26,43
ALL HOME TYPES,11,2024,Toronto E02,45,"$60,746,052 ","$1,349,912 ","$1,300,000 ",52,51.50%,90,1.8,103%,24,38
ALL HOME TYPES,11,2024,Toronto E03,76,"$88,706,023 ","$1,167,185 ","$1,142,500 ",116,53.20%,138,1.8,102%,29,43
ALL HOME TYPES,11,2024,Toronto E04,55,"$46,965,349 ","$853,915 ","$877,250 ",123,47.70%,201,2.4,101%,26,42
ALL HOME TYPES,11,2024,Toronto E05,51,"$42,232,614 ","$828,090 ","$710,888 ",87,49.50%,163,2.6,95%,34,50
ALL HOME TYPES,11,2024,Toronto E06,28,"$34,085,550 ","$1,217,341 ","$1,022,000 ",64,44.30%,83,2.7,100%,24,37
ALL HOME TYPES,11,2024,Toronto E07,58,"$53,517,676 ","$922,719 ","$914,500 ",97,45.60%,163,2.9,103%,23,39
ALL HOME TYPES,11,2024,Toronto E08,28,"$26,827,400 ","$958,121 ","$941,250 ",69,42.00%,140,3.2,97%,23,32
ALL HOME TYPES,11,2024,Toronto E09,66,"$52,675,651 ","$798,116 ","$837,500 ",121,42.70%,193,2.8,100%,25,43
ALL HOME TYPES,11,2024,Toronto E10,42,"$42,250,350 ","$1,005,961 ","$1,023,000 ",69,48.00%,116,2.5,100%,24,33
ALL HOME TYPES,11,2024,Toronto E11,38,"$28,054,800 ","$738,284 ","$750,000 ",71,44.10%,153,2.8,102%,32,46
ALL HOME TYPES,11,2024,Toronto East,551,"$550,743,515 ","$999,535 ","$952,000 ",959,47.10%,"1,552",2.5,101%,26,41
ALL HOME TYPES,11,2024,Toronto W01,35,"$41,068,789 ","$1,173,394 ","$885,000 ",72,40.90%,148,3.2,102%,23,49
ALL HOME TYPES,11,2024,Toronto W02,51,"$63,708,521 ","$1,249,187 ","$1,160,000 ",86,49.70%,139,2.1,101%,24,40
ALL HOME TYPES,11,2024,Toronto W03,44,"$38,292,076 ","$870,274 ","$850,000 ",78,47.50%,132,2.6,101%,29,42
ALL HOME TYPES,11,2024,Toronto W04,75,"$68,422,418 ","$912,299 ","$850,000 ",111,40.80%,225,3.7,99%,34,50
ALL HOME TYPES,11,2024,Toronto W05,62,"$50,599,030 ","$816,113 ","$877,500 ",148,41.60%,317,3.7,99%,38,52
ALL HOME TYPES,11,2024,Toronto W06,102,"$101,644,067 ","$996,510 ","$882,500 ",182,36.70%,379,4.1,99%,32,48
ALL HOME TYPES,11,2024,Toronto W07,26,"$31,872,000 ","$1,225,846 ","$1,265,000 ",55,41.60%,85,3.1,99%,21,36
ALL HOME TYPES,11,2024,Toronto W08,124,"$162,702,788 ","$1,312,119 ","$940,000 ",215,43.70%,420,3.1,97%,30,49
ALL HOME TYPES,11,2024,Toronto W09,44,"$46,158,388 ","$1,049,054 ","$972,500 ",68,48.70%,92,2.8,100%,25,36
ALL HOME TYPES,11,2024,Toronto W10,42,"$32,438,224 ","$772,339 ","$820,250 ",76,43.10%,142,3.1,101%,32,50
ALL HOME TYPES,11,2024,Toronto West,605,"$636,906,301 ","$1,052,738 ","$898,125 ","1,091",42.60%,"2,079",3.2,99%,30,46
ALL HOME TYPES,11,2024,Uxbridge,16,"$20,351,500 ","$1,271,969 ","$1,192,500 ",37,42.80%,86,3.7,98%,37,62
ALL HOME TYPES,11,2024,Vaughan,310,"$382,583,748 ","$1,234,141 ","$1,206,500 ",588,40.40%,"1,099",3.5,98%,31,51
ALL HOME TYPES,11,2024,Whitby,137,"$133,240,401 ","$972,558 ","$950,000 ",219,49.30%,310,1.9,100%,22,38
ALL HOME TYPES,11,2024,York Region,"1,087","$1,421,614,704 ","$1,307,833 ","$1,185,000 ","2,052",40.90%,"4,023",3.4,99%,32,51
ALL HOME TYPES,12,2024,Adjala-Tosorontio,9,"$12,530,000 ","$1,392,222 ","$1,340,000 ",13,30.10%,62,6.3,96%,49,83
ALL HOME TYPES,12,2024,Ajax,53,"$48,532,599 ","$915,709 ","$872,000 ",65,50.10%,133,2,100%,31,42
ALL HOME TYPES,12,2024,All TRREB Areas,"3,359","$3,584,676,923 ","$1,067,186 ","$930,000 ","4,681",40.70%,"15,393",3.4,98%,36,56
ALL HOME TYPES,12,2024,Aurora,39,"$58,450,300 ","$1,498,726 ","$1,290,000 ",40,43.40%,133,2.9,97%,33,65
ALL HOME TYPES,12,2024,Bradford,29,"$32,260,000 ","$1,112,414 ","$1,040,000 ",30,40.80%,85,3.3,98%,41,63
ALL HOME TYPES,12,2024,Brampton,268,"$254,109,486 ","$948,170 ","$920,500 ",505,37.70%,"1,250",3.3,99%,29,52
ALL HOME TYPES,12,2024,Brock,6,"$4,997,000 ","$832,833 ","$621,000 ",5,39.40%,44,4.8,96%,43,43
ALL HOME TYPES,12,2024,Burlington,111,"$111,003,502 ","$1,000,032 ","$900,000 ",119,49.70%,428,2.7,96%,40,53
ALL HOME TYPES,12,2024,Caledon,42,"$51,783,490 ","$1,232,940 ","$1,152,495 ",69,35.70%,256,4.6,97%,32,56
ALL HOME TYPES,12,2024,City of Toronto,"1,174","$1,213,612,607 ","$1,033,742 ","$830,000 ","1,783",38.90%,"6,232",3.8,98%,39,58
ALL HOME TYPES,12,2024,Clarington,42,"$37,357,355 ","$889,461 ","$822,500 ",52,51.00%,176,2,100%,29,37
ALL HOME TYPES,12,2024,Dufferin County,14,"$10,621,000 ","$758,643 ","$771,000 ",27,45.70%,87,2.9,98%,30,41
ALL HOME TYPES,12,2024,Durham Region,404,"$375,803,805 ","$930,207 ","$855,000 ",486,48.00%,"1,242",2.2,100%,30,46
ALL HOME TYPES,12,2024,East Gwillimbury,21,"$25,165,388 ","$1,198,352 ","$1,150,000 ",29,39.70%,102,3.5,96%,41,53
ALL HOME TYPES,12,2024,Essa,8,"$6,306,400 ","$788,300 ","$747,750 ",16,37.70%,67,3.9,97%,43,78
ALL HOME TYPES,12,2024,Georgina,41,"$36,244,899 ","$884,022 ","$890,000 ",48,37.00%,189,4.3,98%,43,76
ALL HOME TYPES,12,2024,Halton Hills,28,"$25,192,380 ","$899,728 ","$913,590 ",30,48.10%,113,2.6,99%,27,35
ALL HOME TYPES,12,2024,Halton Region,379,"$431,912,730 ","$1,139,611 ","$985,000 ",449,43.10%,"1,594",3.1,97%,37,52
ALL HOME TYPES,12,2024,Innisfil,46,"$37,405,708 ","$813,168 ","$796,500 ",63,30.10%,270,5.6,97%,47,79
ALL HOME TYPES,12,2024,King,13,"$30,058,354 ","$2,312,181 ","$2,475,000 ",14,29.90%,134,6.9,93%,63,91
ALL HOME TYPES,12,2024,Markham,153,"$181,444,894 ","$1,185,914 ","$1,208,500 ",197,44.50%,586,3,100%,35,53
ALL HOME TYPES,12,2024,Milton,82,"$87,651,400 ","$1,068,920 ","$997,000 ",94,44.90%,263,2.6,99%,33,45
ALL HOME TYPES,12,2024,Mississauga,288,"$281,615,947 ","$977,833 ","$916,250 ",421,40.80%,"1,425",3.4,97%,38,57
ALL HOME TYPES,12,2024,New Tecumseth,33,"$33,417,400 ","$1,012,648 ","$880,000 ",47,44.00%,137,3.6,95%,44,60
ALL HOME TYPES,12,2024,Newmarket,52,"$53,447,000 ","$1,027,827 ","$1,000,000 ",45,47.10%,136,2.7,100%,34,52
ALL HOME TYPES,12,2024,Oakville,117,"$163,203,568 ","$1,394,902 ","$1,175,000 ",115,38.40%,566,3.7,97%,43,69
ALL HOME TYPES,12,2024,Orangeville,14,"$10,621,000 ","$758,643 ","$771,000 ",27,45.70%,87,2.9,98%,30,41
ALL HOME TYPES,12,2024,Oshawa,122,"$93,828,000 ","$769,082 ","$728,750 ",181,47.40%,363,2.2,100%,28,47
ALL HOME TYPES,12,2024,Peel Region,598,"$587,508,923 ","$982,456 ","$930,000 ",995,39.00%,"2,931",3.5,98%,33,55
ALL HOME TYPES,12,2024,Pickering,68,"$66,979,390 ","$984,991 ","$936,750 ",81,44.80%,206,2.6,99%,32,53
ALL HOME TYPES,12,2024,Richmond Hill,140,"$198,926,977 ","$1,420,907 ","$1,300,000 ",148,37.50%,531,4,99%,42,65
ALL HOME TYPES,12,2024,Scugog,14,"$13,253,000 ","$946,643 ","$900,000 ",14,46.80%,49,3,97%,37,53
ALL HOME TYPES,12,2024,Simcoe County,125,"$121,919,508 ","$975,356 ","$890,000 ",169,36.30%,621,4.4,97%,45,71
ALL HOME TYPES,12,2024,Stouffville,36,"$47,111,250 ","$1,308,646 ","$1,239,500 ",41,41.90%,150,3.7,98%,35,38
ALL HOME TYPES,12,2024,Toronto C01,147,"$127,656,718 ","$868,413 ","$659,000 ",277,31.80%,"1,136",5.4,97%,43,69
ALL HOME TYPES,12,2024,Toronto C02,34,"$55,491,499 ","$1,632,103 ","$1,302,000 ",49,33.00%,238,5.2,98%,36,66
ALL HOME TYPES,12,2024,Toronto C03,20,"$54,213,318 ","$2,710,666 ","$1,176,900 ",23,41.10%,106,3.5,93%,66,84
ALL HOME TYPES,12,2024,Toronto C04,19,"$33,848,270 ","$1,781,488 ","$1,595,000 ",23,43.90%,129,3.2,97%,45,67
ALL HOME TYPES,12,2024,Toronto C06,20,"$17,884,500 ","$894,225 ","$620,000 ",30,34.60%,84,4.6,98%,29,49
ALL HOME TYPES,12,2024,Toronto C07,45,"$42,858,807 ","$952,418 ","$788,000 ",58,37.30%,217,4.3,97%,39,64
ALL HOME TYPES,12,2024,Toronto C08,92,"$73,583,944 ","$799,825 ","$643,500 ",176,28.80%,653,6.1,98%,37,66
ALL HOME TYPES,12,2024,Toronto C09,7,"$7,793,000 ","$1,113,286 ","$990,000 ",11,42.20%,44,3.5,96%,34,62
ALL HOME TYPES,12,2024,Toronto C10,29,"$26,553,100 ","$915,624 ","$775,000 ",46,38.50%,139,3.8,100%,34,51
ALL HOME TYPES,12,2024,Toronto C11,12,"$12,456,825 ","$1,038,069 ","$607,500 ",20,42.40%,75,3.3,98%,26,47
ALL HOME TYPES,12,2024,Toronto C12,6,"$17,650,000 ","$2,941,667 ","$2,882,500 ",13,27.90%,124,8,89%,377,450
ALL HOME TYPES,12,2024,Toronto C13,29,"$38,712,000 ","$1,334,897 ","$866,000 ",30,38.90%,154,3.9,96%,34,55
ALL HOME TYPES,12,2024,Toronto C14,59,"$61,341,388 ","$1,039,685 ","$745,000 ",80,34.90%,277,4.7,97%,40,64
ALL HOME TYPES,12,2024,Toronto C15,50,"$49,398,576 ","$987,972 ","$737,500 ",105,38.00%,298,4,98%,37,57
ALL HOME TYPES,12,2024,Toronto Central,569,"$619,441,945 ","$1,088,650 ","$745,000 ",941,34.40%,"3,675",4.8,97%,43,68
ALL HOME TYPES,12,2024,Toronto E01,24,"$26,204,800 ","$1,091,867 ","$1,067,500 ",24,47.60%,63,2,99%,23,33
ALL HOME TYPES,12,2024,Toronto E02,23,"$29,032,240 ","$1,262,271 ","$1,190,000 ",17,51.70%,42,1.8,100%,30,45
ALL HOME TYPES,12,2024,Toronto E03,38,"$43,865,199 ","$1,154,347 ","$1,136,250 ",42,52.90%,79,1.8,105%,22,35
ALL HOME TYPES,12,2024,Toronto E04,38,"$31,801,580 ","$836,884 ","$848,600 ",56,46.80%,138,2.5,99%,37,49
ALL HOME TYPES,12,2024,Toronto E05,26,"$19,371,988 ","$745,076 ","$675,000 ",37,48.90%,127,2.7,101%,35,48
ALL HOME TYPES,12,2024,Toronto E06,16,"$18,066,000 ","$1,129,125 ","$1,182,500 ",26,43.30%,60,2.8,103%,24,51
ALL HOME TYPES,12,2024,Toronto E07,35,"$28,502,688 ","$814,363 ","$630,000 ",35,45.90%,107,2.9,100%,39,63
ALL HOME TYPES,12,2024,Toronto E08,17,"$14,347,000 ","$843,941 ","$880,000 ",38,41.80%,108,3.3,101%,29,45
ALL HOME TYPES,12,2024,Toronto E09,31,"$23,431,200 ","$755,845 ","$660,000 ",50,42.90%,145,2.9,100%,28,43
ALL HOME TYPES,12,2024,Toronto E10,27,"$27,812,489 ","$1,030,092 ","$990,000 ",25,48.50%,74,2.5,99%,33,51
ALL HOME TYPES,12,2024,Toronto E11,23,"$18,301,500 ","$795,717 ","$785,000 ",43,43.60%,118,2.9,101%,43,54
ALL HOME TYPES,12,2024,Toronto East,298,"$280,736,684 ","$942,069 ","$906,750 ",393,46.80%,"1,061",2.5,101%,32,47
ALL HOME TYPES,12,2024,Toronto W01,24,"$29,401,500 ","$1,225,063 ","$802,500 ",39,40.60%,109,3.3,98%,43,57
ALL HOME TYPES,12,2024,Toronto W02,32,"$41,077,740 ","$1,283,679 ","$1,160,000 ",37,49.10%,97,2.2,103%,34,43
ALL HOME TYPES,12,2024,Toronto W03,28,"$26,017,589 ","$929,200 ","$936,500 ",28,47.60%,89,2.6,102%,30,39
ALL HOME TYPES,12,2024,Toronto W04,25,"$19,553,800 ","$782,152 ","$750,000 ",53,39.70%,175,3.9,100%,35,52
ALL HOME TYPES,12,2024,Toronto W05,46,"$42,112,988 ","$915,500 ","$917,500 ",58,40.90%,239,3.8,97%,43,50
ALL HOME TYPES,12,2024,Toronto W06,51,"$49,091,036 ","$962,569 ","$780,000 ",82,36.50%,262,4.1,101%,34,51
ALL HOME TYPES,12,2024,Toronto W07,5,"$8,775,000 ","$1,755,000 ","$1,405,000 ",18,40.10%,63,3.3,100%,16,33
ALL HOME TYPES,12,2024,Toronto W08,54,"$58,841,526 ","$1,089,658 ","$717,500 ",73,43.40%,294,3.2,98%,41,58
ALL HOME TYPES,12,2024,Toronto W09,19,"$20,835,000 ","$1,096,579 ","$1,120,000 ",24,48.90%,67,2.8,99%,33,40
ALL HOME TYPES,12,2024,Toronto W10,23,"$17,727,800 ","$770,774 ","$830,000 ",37,42.80%,101,3.2,100%,42,58
ALL HOME TYPES,12,2024,Toronto West,307,"$313,433,979 ","$1,020,958 ","$891,000 ",449,42.20%,"1,496",3.3,100%,37,50
ALL HOME TYPES,12,2024,Uxbridge,15,"$17,802,500 ","$1,186,833 ","$1,090,000 ",7,44.40%,57,3.7,96%,53,76
ALL HOME TYPES,12,2024,Vaughan,170,"$212,449,288 ","$1,249,702 ","$1,207,500 ",210,40.30%,725,3.5,99%,34,56
ALL HOME TYPES,12,2024,Whitby,84,"$93,053,961 ","$1,107,785 ","$987,500 ",81,49.40%,214,1.9,100%,24,39
ALL HOME TYPES,12,2024,York Region,665,"$843,298,350 ","$1,268,118 ","$1,182,000 ",772,40.90%,"2,686",3.5,99%,37,58
ALL HOME TYPES,4,2026,Adjala-Tosorontio,15,"$15,782,400 ","$1,052,160 ","$915,000 ",46,24.20%,89,9.8,94%,38,92
ALL HOME TYPES,4,2026,Ajax,97,"$85,883,633 ","$885,398 ","$850,000 ",247,43.70%,264,3,99%,22,36
ALL HOME TYPES,4,2026,All TRREB Areas,"5,946","$6,255,009,931 ","$1,051,969 ","$880,000 ","17,097",34.60%,"25,110",4.9,98%,29,43
ALL HOME TYPES,4,2026,Aurora,60,"$69,189,188 ","$1,153,153 ","$1,002,500 ",200,31.40%,296,5.4,97%,26,45
ALL HOME TYPES,4,2026,Bradford,42,"$40,663,999 ","$968,190 ","$897,500 ",132,31.60%,203,5.3,96%,33,51
ALL HOME TYPES,4,2026,Brampton,406,"$359,689,961 ","$885,936 ","$830,500 ","1,401",30.00%,"1,960",5.4,97%,30,47
ALL HOME TYPES,4,2026,Brock,5,"$3,611,000 ","$722,200 ","$654,000 ",41,32.00%,78,6,98%,22,22
ALL HOME TYPES,4,2026,Burlington,250,"$259,786,297 ","$1,039,145 ","$917,500 ",537,43.10%,765,3.9,97%,31,42
ALL HOME TYPES,4,2026,Caledon,74,"$80,906,140 ","$1,093,326 ","$1,052,500 ",240,27.90%,404,7,95%,38,54
ALL HOME TYPES,4,2026,City of Toronto,"2,312","$2,524,151,366 ","$1,091,761 ","$838,750 ","6,136",35.70%,"9,260",4.9,99%,29,44
ALL HOME TYPES,4,2026,Clarington,125,"$98,777,290 ","$790,218 ","$752,500 ",337,41.20%,385,3.1,99%,21,37
ALL HOME TYPES,4,2026,Dufferin County,33,"$23,454,211 ","$710,734 ","$715,000 ",94,37.90%,147,4.7,97%,34,61
ALL HOME TYPES,4,2026,Durham Region,708,"$597,564,846 ","$844,018 ","$800,000 ","1,923",39.60%,"2,331",3.5,99%,23,35
ALL HOME TYPES,4,2026,East Gwillimbury,44,"$45,684,118 ","$1,038,275 ","$1,015,750 ",123,32.00%,179,5.4,98%,31,48
ALL HOME TYPES,4,2026,Essa,41,"$33,549,499 ","$818,280 ","$740,000 ",77,33.80%,119,5.3,97%,33,45
ALL HOME TYPES,4,2026,Georgina,47,"$36,083,406 ","$767,732 ","$777,000 ",230,28.90%,342,6.2,97%,24,41
ALL HOME TYPES,4,2026,Halton Hills,46,"$47,145,790 ","$1,024,908 ","$856,500 ",158,40.10%,211,3.9,96%,29,40
ALL HOME TYPES,4,2026,Halton Region,693,"$861,586,172 ","$1,243,270 ","$1,030,000 ","1,856",37.10%,"2,675",4.5,96%,30,43
ALL HOME TYPES,4,2026,Innisfil,64,"$50,115,451 ","$783,054 ","$792,500 ",241,25.10%,397,7.7,98%,31,56
ALL HOME TYPES,4,2026,King,19,"$29,924,800 ","$1,574,989 ","$1,450,000 ",79,21.10%,203,11.7,96%,35,49
ALL HOME TYPES,4,2026,Markham,250,"$285,166,943 ","$1,140,668 ","$1,084,000 ",773,35.90%,"1,109",4.6,98%,27,38
ALL HOME TYPES,4,2026,Milton,143,"$141,435,990 ","$989,063 ","$900,000 ",405,36.70%,538,4.1,98%,31,44
ALL HOME TYPES,4,2026,Mississauga,516,"$506,017,110 ","$980,653 ","$900,000 ","1,517",33.20%,"2,277",5.1,97%,31,46
ALL HOME TYPES,4,2026,New Tecumseth,48,"$36,883,981 ","$768,416 ","$752,500 ",150,32.80%,255,5.9,98%,33,49
ALL HOME TYPES,4,2026,Newmarket,85,"$84,847,138 ","$998,202 ","$944,000 ",270,34.90%,342,4.4,101%,24,37
ALL HOME TYPES,4,2026,Oakville,254,"$413,218,095 ","$1,626,843 ","$1,338,000 ",756,32.50%,"1,161",5.4,95%,30,42
ALL HOME TYPES,4,2026,Orangeville,33,"$23,454,211 ","$710,734 ","$715,000 ",94,37.90%,147,4.7,97%,34,61
ALL HOME TYPES,4,2026,Oshawa,167,"$120,775,192 ","$723,205 ","$670,000 ",462,38.90%,561,3.5,100%,22,34
ALL HOME TYPES,4,2026,Peel Region,996,"$946,613,211 ","$950,415 ","$872,750 ","3,158",31.40%,"4,641",5.4,97%,31,47
ALL HOME TYPES,4,2026,Pickering,137,"$126,214,529 ","$921,274 ","$858,000 ",348,38.10%,437,3.9,99%,22,32
ALL HOME TYPES,4,2026,Richmond Hill,184,"$216,250,574 ","$1,175,275 ","$1,055,900 ",634,29.70%,"1,009",6.2,97%,34,50
ALL HOME TYPES,4,2026,Scugog,21,"$18,183,790 ","$865,895 ","$812,000 ",94,33.60%,135,5.1,96%,37,63
ALL HOME TYPES,4,2026,Simcoe County,210,"$176,995,330 ","$842,835 ","$800,000 ",646,29.20%,"1,063",6.5,97%,33,54
ALL HOME TYPES,4,2026,Stouffville,48,"$56,967,428 ","$1,186,821 ","$1,026,250 ",157,35.60%,236,5.1,99%,27,47
ALL HOME TYPES,4,2026,Toronto C01,295,"$241,521,120 ","$818,716 ","$638,800 ",784,33.50%,"1,307",5.6,98%,31,44
ALL HOME TYPES,4,2026,Toronto C02,77,"$143,072,694 ","$1,858,087 ","$1,250,000 ",212,31.50%,356,6.2,96%,31,50
ALL HOME TYPES,4,2026,Toronto C03,61,"$125,523,922 ","$2,057,769 ","$1,490,000 ",151,37.00%,181,4.4,96%,20,34
ALL HOME TYPES,4,2026,Toronto C04,84,"$161,795,300 ","$1,926,135 ","$1,925,000 ",205,37.80%,249,4.1,97%,24,38
ALL HOME TYPES,4,2026,Toronto C06,26,"$23,919,200 ","$919,969 ","$570,000 ",71,32.60%,117,5.6,98%,33,46
ALL HOME TYPES,4,2026,Toronto C07,54,"$53,687,681 ","$994,216 ","$826,000 ",216,29.40%,361,6.7,97%,35,56
ALL HOME TYPES,4,2026,Toronto C08,164,"$112,670,633 ","$687,016 ","$579,500 ",486,29.30%,849,6.7,98%,38,59
ALL HOME TYPES,4,2026,Toronto C09,24,"$67,864,500 ","$2,827,688 ","$2,910,000 ",65,35.90%,97,5,96%,38,61
ALL HOME TYPES,4,2026,Toronto C10,64,"$70,153,327 ","$1,096,146 ","$678,500 ",159,37.50%,218,4.1,100%,25,36
ALL HOME TYPES,4,2026,Toronto C11,33,"$56,497,181 ","$1,712,036 ","$1,385,000 ",84,36.80%,109,4.7,99%,24,30
ALL HOME TYPES,4,2026,Toronto C12,24,"$73,334,500 ","$3,055,604 ","$2,650,000 ",89,24.80%,178,10,94%,46,71
ALL HOME TYPES,4,2026,Toronto C13,59,"$69,017,522 ","$1,169,789 ","$898,000 ",155,35.50%,243,5.1,96%,32,62
ALL HOME TYPES,4,2026,Toronto C14,72,"$65,394,428 ","$908,256 ","$631,500 ",285,28.80%,469,6.7,95%,40,57
ALL HOME TYPES,4,2026,Toronto C15,112,"$94,191,188 ","$840,993 ","$701,500 ",256,34.30%,428,5.3,98%,29,47
ALL HOME TYPES,4,2026,Toronto Central,"1,149","$1,358,643,196 ","$1,182,457 ","$750,800 ","3,218",32.70%,"5,162",5.7,97%,31,48
ALL HOME TYPES,4,2026,Toronto E01,72,"$99,844,203 ","$1,386,725 ","$1,350,030 ",140,45.90%,150,2.4,108%,18,24
ALL HOME TYPES,4,2026,Toronto E02,44,"$66,520,388 ","$1,511,827 ","$1,427,500 ",95,47.30%,95,2.3,106%,19,29
ALL HOME TYPES,4,2026,Toronto E03,62,"$73,929,181 ","$1,192,406 ","$1,150,000 ",156,43.50%,171,2.8,104%,16,29
ALL HOME TYPES,4,2026,Toronto E04,70,"$57,448,975 ","$820,700 ","$870,000 ",160,39.30%,215,3.9,100%,23,30
ALL HOME TYPES,4,2026,Toronto E05,49,"$37,699,676 ","$769,381 ","$656,000 ",115,41.10%,165,3.9,100%,37,55
ALL HOME TYPES,4,2026,Toronto E06,28,"$27,053,400 ","$966,193 ","$822,500 ",84,38.50%,108,3.7,99%,24,32
ALL HOME TYPES,4,2026,Toronto E07,43,"$34,472,587 ","$801,688 ","$790,000 ",91,39.50%,148,4.3,98%,42,54
ALL HOME TYPES,4,2026,Toronto E08,48,"$41,696,800 ","$868,683 ","$825,000 ",109,34.30%,156,5,97%,32,51
ALL HOME TYPES,4,2026,Toronto E09,54,"$35,784,301 ","$662,672 ","$675,000 ",173,34.40%,261,4.7,99%,27,35
ALL HOME TYPES,4,2026,Toronto E10,36,"$33,271,500 ","$924,208 ","$977,500 ",101,41.90%,139,3.8,98%,23,32
ALL HOME TYPES,4,2026,Toronto E11,40,"$31,523,888 ","$788,097 ","$791,250 ",122,34.70%,169,4.9,99%,32,51
ALL HOME TYPES,4,2026,Toronto East,546,"$539,244,898 ","$987,628 ","$887,250 ","1,346",40.00%,"1,777",3.7,102%,26,37
ALL HOME TYPES,4,2026,Toronto W01,46,"$54,806,622 ","$1,191,448 ","$1,065,000 ",136,40.10%,171,3.9,105%,23,31
ALL HOME TYPES,4,2026,Toronto W02,74,"$99,766,222 ","$1,348,192 ","$1,327,500 ",160,45.10%,158,2.8,108%,14,21
ALL HOME TYPES,4,2026,Toronto W03,44,"$43,743,980 ","$994,181 ","$887,500 ",104,40.60%,136,3.7,103%,28,36
ALL HOME TYPES,4,2026,Toronto W04,61,"$45,895,200 ","$752,380 ","$720,000 ",178,33.40%,295,5.7,98%,27,39
ALL HOME TYPES,4,2026,Toronto W05,77,"$60,769,199 ","$789,210 ","$833,999 ",217,37.60%,372,5.3,96%,37,54
ALL HOME TYPES,4,2026,Toronto W06,105,"$92,969,610 ","$885,425 ","$758,000 ",233,36.40%,360,4.8,99%,27,42
ALL HOME TYPES,4,2026,Toronto W07,24,"$42,740,000 ","$1,780,833 ","$1,620,000 ",58,40.10%,76,3.9,98%,17,23
ALL HOME TYPES,4,2026,Toronto W08,117,"$124,575,259 ","$1,064,746 ","$675,000 ",307,38.30%,464,4.4,98%,30,47
ALL HOME TYPES,4,2026,Toronto W09,34,"$34,424,030 ","$1,012,471 ","$1,045,000 ",74,40.70%,112,4.1,98%,29,36
ALL HOME TYPES,4,2026,Toronto W10,35,"$26,573,150 ","$759,233 ","$810,000 ",105,32.90%,177,5.7,97%,38,55
ALL HOME TYPES,4,2026,Toronto West,617,"$626,263,272 ","$1,015,013 ","$870,000 ","1,572",38.10%,"2,321",4.5,100%,28,40
ALL HOME TYPES,4,2026,Uxbridge,18,"$18,424,900 ","$1,023,606 ","$979,500 ",71,30.30%,111,6,96%,37,63
ALL HOME TYPES,4,2026,Vaughan,257,"$300,531,200 ","$1,169,382 ","$1,116,000 ",818,33.30%,"1,277",5.3,98%,29,42
ALL HOME TYPES,4,2026,Whitby,138,"$125,694,512 ","$910,830 ","$862,500 ",323,41.80%,360,3,100%,22,31
ALL HOME TYPES,4,2026,York Region,994,"$1,124,644,795 ","$1,131,433 ","$1,050,000 ","3,284",32.60%,"4,993",5.4,98%,29,43
All Home Types,5,2026,All TRREB Areas,"6,583","$7,041,836,263 ","$1,069,700 ","$910,000 ","17,698",35.70%,"26,927",4.8,98%,27,42
All Home Types,5,2026,Halton Region,816,"$1,018,593,994 ","$1,248,277 ","$1,050,000 ","1,969",38.10%,"2,870",4.4,97%,29,44
All Home Types,5,2026,Burlington,278,"$313,069,262 ","$1,126,148 ","$959,950 ",606,44.30%,833,3.8,98%,30,42
All Home Types,5,2026,Halton Hills,69,"$70,247,089 ","$1,018,074 ","$927,500 ",172,41.60%,248,3.9,98%,22,37
All Home Types,5,2026,Milton,165,"$161,325,757 ","$977,732 ","$885,000 ",399,38.10%,549,4,98%,26,38
All Home Types,5,2026,Oakville,304,"$473,951,886 ","$1,559,052 ","$1,380,500 ",792,33.00%,"1,240",5.3,96%,32,51
All Home Types,5,2026,Peel Region,"1,106","$1,057,356,568 ","$956,019 ","$875,000 ","3,267",32.40%,"5,053",5.2,98%,29,44
All Home Types,5,2026,Brampton,456,"$405,569,429 ","$889,407 ","$835,000 ","1,431",30.80%,"2,133",5.3,99%,27,43
All Home Types,5,2026,Caledon,82,"$100,232,439 ","$1,222,347 ","$1,116,000 ",254,28.80%,455,6.8,96%,32,45
All Home Types,5,2026,Mississauga,568,"$551,554,700 ","$971,047 ","$896,500 ","1,582",34.40%,"2,465",5,97%,30,45
All Home Types,5,2026,City of Toronto,"2,377","$2,634,409,008 ","$1,108,292 ","$885,000 ","6,401",36.60%,"9,916",4.8,99%,26,40
All Home Types,5,2026,Toronto West,623,"$680,629,430 ","$1,092,503 ","$960,000 ","1,674",38.90%,"2,536",4.4,100%,26,38
All Home Types,5,2026,Toronto Central,"1,184","$1,363,216,999 ","$1,151,366 ","$792,000 ","3,241",33.80%,"5,417",5.6,97%,29,45
All Home Types,5,2026,Toronto East,570,"$590,562,579 ","$1,036,075 ","$915,500 ","1,486",40.50%,"1,963",3.7,103%,20,33
All Home Types,5,2026,York Region,"1,183","$1,392,781,792 ","$1,177,330 ","$1,090,000 ","3,323",33.90%,"5,252",5.2,98%,28,42
All Home Types,5,2026,Aurora,71,"$83,866,600 ","$1,181,220 ","$1,145,000 ",198,32.50%,301,5.3,100%,31,55
All Home Types,5,2026,East Gwillimbury,32,"$33,644,900 ","$1,051,403 ","$1,010,000 ",130,32.20%,204,5.5,98%,25,43
All Home Types,5,2026,Georgina,57,"$50,585,799 ","$887,470 ","$790,000 ",236,28.40%,389,6.4,97%,40,56
All Home Types,5,2026,King,22,"$39,938,880 ","$1,815,404 ","$1,743,750 ",135,21.30%,233,11.3,94%,31,48
All Home Types,5,2026,Markham,303,"$363,498,992 ","$1,199,667 ","$1,160,000 ",753,37.40%,"1,166",4.5,99%,27,38
All Home Types,5,2026,Newmarket,104,"$111,559,064 ","$1,072,683 ","$973,750 ",235,37.00%,334,4.3,97%,25,36
All Home Types,5,2026,Richmond Hill,224,"$270,873,532 ","$1,209,257 ","$1,165,000 ",646,31.30%,"1,030",5.9,99%,27,43
All Home Types,5,2026,Vaughan,313,"$369,251,869 ","$1,179,718 ","$1,088,000 ",821,34.70%,"1,330",5.1,98%,27,41
All Home Types,5,2026,Stouffville,57,"$69,562,156 ","$1,220,389 ","$1,050,000 ",169,36.70%,265,4.9,97%,35,50
All Home Types,5,2026,Durham Region,804,"$684,255,873 ","$851,065 ","$801,000 ","1,978",40.40%,"2,563",3.5,99%,24,37
All Home Types,5,2026,Ajax,128,"$107,364,821 ","$838,788 ","$807,500 ",237,45.20%,270,2.9,100%,22,29
All Home Types,5,2026,Brock,18,"$12,021,400 ","$667,856 ","$656,250 ",48,32.70%,84,6,97%,30,44
All Home Types,5,2026,Clarington,142,"$117,869,102 ","$830,064 ","$792,500 ",346,42.10%,419,3.1,99%,24,36
All Home Types,5,2026,Oshawa,183,"$129,696,301 ","$708,723 ","$665,000 ",514,39.00%,654,3.6,99%,24,38
All Home Types,5,2026,Pickering,126,"$116,855,187 ","$927,422 ","$855,000 ",329,38.60%,457,3.8,101%,23,41
All Home Types,5,2026,Scugog,32,"$30,239,900 ","$944,997 ","$867,500 ",89,34.60%,141,5.1,97%,32,46
All Home Types,5,2026,Uxbridge,24,"$26,811,000 ","$1,117,125 ","$975,000 ",64,31.10%,117,6,97%,31,61
All Home Types,5,2026,Whitby,151,"$143,398,162 ","$949,657 ","$905,000 ",351,43.10%,421,2.9,99%,22,34
All Home Types,5,2026,Dufferin County,50,"$38,132,900 ","$762,658 ","$733,000 ",103,39.00%,151,4.6,97%,33,41
All Home Types,5,2026,Orangeville,50,"$38,132,900 ","$762,658 ","$733,000 ",103,39.00%,151,4.6,97%,33,41
All Home Types,5,2026,Simcoe County,247,"$216,306,128 ","$875,733 ","$815,000 ",657,30.70%,"1,122",6.2,96%,34,49
All Home Types,5,2026,Adjala-Tosorontio,16,"$15,746,300 ","$984,144 ","$864,400 ",36,26.50%,91,9.3,92%,42,61
All Home Types,5,2026,Bradford,60,"$55,302,800 ","$921,713 ","$891,250 ",127,33.70%,211,5,97%,35,48
All Home Types,5,2026,Essa,37,"$30,338,495 ","$819,959 ","$720,000 ",86,34.90%,121,5.1,97%,31,45
All Home Types,5,2026,Innisfil,69,"$60,605,294 ","$878,338 ","$825,000 ",250,26.10%,422,7.5,97%,31,48
All Home Types,5,2026,New Tecumseth,65,"$54,313,239 ","$835,588 ","$765,000 ",158,34.30%,277,5.7,97%,34,49
All Home Types,5,2026,All TRREB Areas,"6,583","$7,041,836,263 ","$1,069,700 ","$910,000 ","17,698",35.70%,"26,927",4.8,98%,27,42
All Home Types,5,2026,City of Toronto,"2,377","$2,634,409,008 ","$1,108,292 ","$885,000 ","6,401",36.60%,"9,916",4.8,99%,26,40
All Home Types,5,2026,Toronto West,623,"$680,629,430 ","$1,092,503 ","$960,000 ","1,674",38.90%,"2,536",4.4,100%,26,38
All Home Types,5,2026,Toronto W01,58,"$70,919,253 ","$1,222,746 ","$1,225,000 ",124,41.60%,171,3.8,103%,23,36
All Home Types,5,2026,Toronto W02,80,"$102,323,920 ","$1,279,049 ","$1,191,279 ",172,45.90%,179,2.8,105%,20,29
All Home Types,5,2026,Toronto W03,53,"$49,797,205 ","$939,570 ","$910,000 ",132,42.60%,156,3.5,103%,23,33
All Home Types,5,2026,Toronto W04,72,"$63,242,400 ","$878,367 ","$826,250 ",173,35.10%,296,5.5,99%,31,46
All Home Types,5,2026,Toronto W05,59,"$48,387,750 ","$820,131 ","$845,000 ",217,36.40%,415,5.4,98%,27,42
All Home Types,5,2026,Toronto W06,79,"$77,768,200 ","$984,408 ","$935,000 ",256,37.50%,389,4.7,97%,30,40
All Home Types,5,2026,Toronto W07,22,"$36,926,000 ","$1,678,455 ","$1,430,000 ",67,40.30%,92,3.9,98%,28,40
All Home Types,5,2026,Toronto W08,122,"$157,858,572 ","$1,293,923 ","$1,100,000 ",342,38.70%,529,4.4,98%,26,38
All Home Types,5,2026,Toronto W09,33,"$40,162,920 ","$1,217,058 ","$1,110,000 ",82,42.60%,121,4,99%,17,31
All Home Types,5,2026,Toronto W10,45,"$33,243,210 ","$738,738 ","$800,000 ",109,34.50%,188,5.5,99%,38,45
All Home Types,5,2026,Toronto Central,"1,184","$1,363,216,999 ","$1,151,366 ","$792,000 ","3,241",33.80%,"5,417",5.6,97%,29,45
All Home Types,5,2026,Toronto C01,307,"$255,296,836 ","$831,586 ","$680,000 ",830,35.00%,"1,365",5.4,99%,30,46
All Home Types,5,2026,Toronto C02,69,"$106,870,780 ","$1,548,852 ","$1,200,000 ",237,31.60%,397,6.2,97%,27,43
All Home Types,5,2026,Toronto C03,45,"$69,933,918 ","$1,554,087 ","$1,280,000 ",135,37.20%,194,4.4,98%,21,34
All Home Types,5,2026,Toronto C04,77,"$176,372,358 ","$2,290,550 ","$2,278,000 ",184,38.20%,274,4.2,96%,20,29
All Home Types,5,2026,Toronto C06,31,"$31,638,388 ","$1,020,593 ","$865,000 ",70,34.10%,124,5.4,98%,28,35
All Home Types,5,2026,Toronto C07,82,"$91,535,468 ","$1,116,286 ","$965,000 ",212,31.00%,371,6.4,98%,29,39
All Home Types,5,2026,Toronto C08,149,"$104,271,580 ","$699,809 ","$575,000 ",459,30.70%,860,6.5,97%,31,46
All Home Types,5,2026,Toronto C09,23,"$60,837,238 ","$2,645,097 ","$2,725,000 ",71,35.30%,115,5.2,95%,23,32
All Home Types,5,2026,Toronto C10,57,"$65,511,902 ","$1,149,332 ","$900,000 ",156,38.90%,244,4,100%,20,27
All Home Types,5,2026,Toronto C11,39,"$53,969,500 ","$1,383,833 ","$895,000 ",85,37.90%,108,4.5,98%,20,36
All Home Types,5,2026,Toronto C12,30,"$71,100,680 ","$2,370,023 ","$1,810,000 ",97,26.60%,201,9.6,93%,52,73
All Home Types,5,2026,Toronto C13,54,"$54,943,300 ","$1,017,469 ","$871,500 ",151,35.90%,250,5.1,99%,25,43
All Home Types,5,2026,Toronto C14,107,"$110,004,935 ","$1,028,084 ","$660,000 ",250,30.70%,457,6.4,98%,33,61
All Home Types,5,2026,Toronto C15,114,"$110,930,116 ","$973,071 ","$748,000 ",304,34.90%,457,5.2,96%,33,54
All Home Types,5,2026,Toronto East,570,"$590,562,579 ","$1,036,075 ","$915,500 ","1,486",40.50%,"1,963",3.7,103%,20,33
All Home Types,5,2026,Toronto E01,86,"$110,989,554 ","$1,290,576 ","$1,245,000 ",176,47.60%,162,2.4,110%,15,28
All Home Types,5,2026,Toronto E02,55,"$77,750,290 ","$1,413,642 ","$1,275,000 ",135,48.30%,124,2.3,108%,16,24
All Home Types,5,2026,Toronto E03,92,"$115,048,444 ","$1,250,527 ","$1,240,000 ",184,45.30%,172,2.7,106%,16,23
All Home Types,5,2026,Toronto E04,66,"$53,315,986 ","$807,818 ","$816,000 ",157,40.00%,221,3.8,98%,23,38
All Home Types,5,2026,Toronto E05,39,"$31,030,988 ","$795,666 ","$733,000 ",129,40.60%,190,4,99%,27,41
All Home Types,5,2026,Toronto E06,34,"$39,834,050 ","$1,171,590 ","$947,000 ",102,36.90%,123,3.9,100%,16,29
All Home Types,5,2026,Toronto E07,42,"$31,447,000 ","$748,738 ","$750,500 ",108,40.90%,166,4.2,101%,27,36
All Home Types,5,2026,Toronto E08,27,"$25,402,400 ","$940,830 ","$870,000 ",101,32.90%,196,5.3,98%,27,38
All Home Types,5,2026,Toronto E09,62,"$45,454,745 ","$733,141 ","$792,500 ",169,35.60%,258,4.6,98%,27,46
All Home Types,5,2026,Toronto E10,38,"$38,830,322 ","$1,021,851 ","$892,500 ",123,42.20%,169,3.7,98%,20,45
All Home Types,5,2026,Toronto E11,29,"$21,458,800 ","$739,959 ","$630,000 ",102,34.00%,182,5,100%,17,35
All Home Types,6,2026,All TRREB Areas,"6,770","$7,167,112,613 ","$1,058,658 ","$890,000 ","17,282",36.50%,"27,329",4.7,98%,29,42
All Home Types,6,2026,Halton Region,785,"$959,974,786 ","$1,222,898 ","$1,060,000 ","1,846",39.10%,"2,827",4.3,97%,28,41
All Home Types,6,2026,Burlington,279,"$320,836,547 ","$1,149,952 ","$999,000 ",554,45.70%,818,3.6,98%,27,38
All Home Types,6,2026,Halton Hills,62,"$60,452,950 ","$975,048 ","$925,000 ",193,40.20%,281,4,97%,26,37
All Home Types,6,2026,Milton,147,"$146,819,239 ","$998,770 ","$940,000 ",359,38.80%,532,3.9,97%,30,44
All Home Types,6,2026,Oakville,297,"$431,866,050 ","$1,454,094 ","$1,360,000 ",740,34.30%,"1,196",5.1,96%,29,42
All Home Types,6,2026,Peel Region,"1,167","$1,127,350,424 ","$966,024 ","$875,000 ","3,267",33.30%,"5,189",5.1,98%,29,48
All Home Types,6,2026,Brampton,518,"$460,089,056 ","$888,203 ","$845,500 ","1,388",32.00%,"2,122",5.1,98%,29,48
All Home Types,6,2026,Caledon,82,"$92,255,370 ","$1,125,065 ","$1,043,000 ",247,29.60%,478,6.7,97%,33,47
All Home Types,6,2026,Mississauga,567,"$575,005,998 ","$1,014,120 ","$880,000 ","1,632",35.10%,"2,589",4.9,97%,29,47
All Home Types,6,2026,City of Toronto,"2,443","$2,641,799,582 ","$1,081,375 ","$835,000 ","6,096",37.40%,"10,047",4.7,99%,29,38
All Home Types,6,2026,Toronto West,627,"$642,638,175 ","$1,024,941 ","$880,000 ","1,603",39.30%,"2,605",4.3,100%,28,38
All Home Types,6,2026,Toronto Central,"1,224","$1,416,262,261 ","$1,157,077 ","$750,000 ","3,049",35.00%,"5,405",5.4,97%,33,42
All Home Types,6,2026,Toronto East,592,"$582,899,146 ","$984,627 ","$876,000 ","1,444",40.80%,"2,037",3.7,102%,23,31
All Home Types,6,2026,York Region,"1,289","$1,508,075,562 ","$1,169,958 ","$1,050,888 ","3,293",34.80%,"5,302",5.1,98%,29,45
All Home Types,6,2026,Aurora,76,"$94,231,807 ","$1,239,892 ","$1,202,500 ",180,33.80%,290,5.1,97%,24,46
All Home Types,6,2026,East Gwillimbury,39,"$41,449,500 ","$1,062,808 ","$1,105,000 ",129,32.00%,215,5.5,97%,30,57
All Home Types,6,2026,Georgina,85,"$67,524,818 ","$794,410 ","$769,900 ",250,29.10%,398,6.2,98%,30,52
All Home Types,6,2026,King,24,"$54,083,250 ","$2,253,469 ","$1,947,500 ",103,20.50%,236,11.7,95%,38,61
All Home Types,6,2026,Markham,360,"$409,123,534 ","$1,136,454 ","$1,071,000 ",794,38.80%,"1,172",4.3,99%,29,43
All Home Types,6,2026,Newmarket,88,"$89,628,976 ","$1,018,511 ","$941,000 ",246,37.40%,339,4.2,98%,24,38
All Home Types,6,2026,Richmond Hill,230,"$285,648,374 ","$1,241,949 ","$1,104,000 ",567,32.60%,"1,009",5.7,97%,31,49
All Home Types,6,2026,Vaughan,333,"$394,610,924 ","$1,185,018 ","$1,100,000 ",854,35.50%,"1,344",4.9,97%,28,44
All Home Types,6,2026,Stouffville,54,"$71,774,379 ","$1,329,155 ","$1,155,000 ",170,38.00%,299,4.8,97%,24,41
All Home Types,6,2026,Durham Region,849,"$726,888,680 ","$856,170 ","$805,000 ","2,049",41.00%,"2,637",3.4,99%,24,36
All Home Types,6,2026,Ajax,96,"$83,390,468 ","$868,651 ","$848,700 ",262,44.60%,320,2.9,100%,20,31
All Home Types,6,2026,Brock,18,"$12,272,500 ","$681,806 ","$674,000 ",56,33.90%,98,5.9,97%,38,52
All Home Types,6,2026,Clarington,165,"$130,016,553 ","$787,979 ","$731,000 ",355,43.20%,418,3,98%,21,34
All Home Types,6,2026,Oshawa,181,"$131,504,547 ","$726,544 ","$691,000 ",529,39.40%,686,3.5,100%,23,34
All Home Types,6,2026,Pickering,157,"$144,061,906 ","$917,592 ","$835,000 ",334,39.80%,438,3.7,99%,25,37
All Home Types,6,2026,Scugog,31,"$30,705,267 ","$990,492 ","$958,000 ",90,34.80%,153,5.1,99%,36,55
All Home Types,6,2026,Uxbridge,33,"$37,623,649 ","$1,140,111 ","$996,000 ",72,33.60%,107,5.5,97%,34,47
All Home Types,6,2026,Whitby,168,"$157,313,790 ","$936,392 ","$886,000 ",351,43.70%,417,2.9,99%,24,33
All Home Types,6,2026,Dufferin County,33,"$25,715,099 ","$779,245 ","$734,000 ",86,40.80%,161,4.4,97%,47,68
All Home Types,6,2026,Orangeville,33,"$25,715,099 ","$779,245 ","$734,000 ",86,40.80%,161,4.4,97%,47,68
All Home Types,6,2026,Simcoe County,204,"$177,308,480 ","$869,159 ","$816,000 ",645,31.40%,"1,166",6.1,97%,37,55
All Home Types,6,2026,Adjala-Tosorontio,16,"$15,599,000 ","$974,938 ","$1,007,500 ",42,28.70%,90,8.4,94%,62,67
All Home Types,6,2026,Bradford,50,"$50,481,400 ","$1,009,628 ","$895,000 ",125,35.90%,214,4.8,96%,39,57
All Home Types,6,2026,Essa,30,"$24,513,300 ","$817,110 ","$770,000 ",75,35.90%,121,4.9,98%,32,57
All Home Types,6,2026,Innisfil,56,"$45,216,890 ","$807,444 ","$791,000 ",253,26.00%,456,7.5,97%,32,49
All Home Types,6,2026,New Tecumseth,52,"$41,497,890 ","$798,036 ","$783,500 ",150,34.80%,285,5.7,98%,35,56
All Home Types,6,2026,All TRREB Areas,"6,770","$7,167,112,613 ","$1,058,658 ","$890,000 ","17,282",36.50%,"27,329",4.7,98%,29,42
All Home Types,6,2026,City of Toronto,"2,443","$2,641,799,582 ","$1,081,375 ","$835,000 ","6,096",37.40%,"10,047",4.7,99%,29,38
All Home Types,6,2026,Toronto West,627,"$642,638,175 ","$1,024,941 ","$880,000 ","1,603",39.30%,"2,605",4.3,100%,28,38
All Home Types,6,2026,Toronto W01,53,"$70,695,827 ","$1,333,884 ","$1,175,000 ",119,41.80%,167,3.8,105%,16,26
All Home Types,6,2026,Toronto W02,85,"$102,470,086 ","$1,205,530 ","$1,060,000 ",191,45.30%,198,2.7,102%,22,30
All Home Types,6,2026,Toronto W03,54,"$50,394,199 ","$933,226 ","$876,500 ",124,42.80%,163,3.5,102%,23,33
All Home Types,6,2026,Toronto W04,51,"$43,182,800 ","$846,722 ","$860,000 ",177,34.90%,316,5.5,99%,35,39
All Home Types,6,2026,Toronto W05,78,"$64,904,850 ","$832,113 ","$849,900 ",199,37.70%,427,5.3,97%,39,54
All Home Types,6,2026,Toronto W06,78,"$62,136,672 ","$796,624 ","$705,000 ",242,38.20%,407,4.6,98%,33,43
All Home Types,6,2026,Toronto W07,33,"$43,908,702 ","$1,330,567 ","$1,157,500 ",55,41.80%,83,3.8,101%,19,28
All Home Types,6,2026,Toronto W08,139,"$157,730,229 ","$1,134,750 ","$865,000 ",317,39.40%,514,4.2,98%,28,37
All Home Types,6,2026,Toronto W09,24,"$23,954,311 ","$998,096 ","$935,000 ",76,40.30%,134,4.2,98%,27,30
All Home Types,6,2026,Toronto W10,32,"$23,260,499 ","$726,891 ","$752,500 ",103,35.40%,196,5.3,97%,40,48
All Home Types,6,2026,Toronto Central,"1,224","$1,416,262,261 ","$1,157,077 ","$750,000 ","3,049",35.00%,"5,405",5.4,97%,33,42
All Home Types,6,2026,Toronto C01,311,"$265,274,251 ","$852,972 ","$663,000 ",710,36.50%,"1,308",5.1,98%,34,44
All Home Types,6,2026,Toronto C02,87,"$155,195,713 ","$1,783,859 ","$1,325,000 ",199,32.50%,386,6.1,96%,37,50
All Home Types,6,2026,Toronto C03,45,"$70,103,041 ","$1,557,845 ","$1,200,000 ",122,37.70%,193,4.3,97%,25,40
All Home Types,6,2026,Toronto C04,85,"$171,924,780 ","$2,022,644 ","$1,964,000 ",192,38.80%,260,4,96%,25,32
All Home Types,6,2026,Toronto C06,30,"$29,769,000 ","$992,300 ","$637,500 ",81,34.50%,131,5.3,100%,25,41
All Home Types,6,2026,Toronto C07,74,"$76,207,232 ","$1,029,827 ","$753,500 ",189,32.50%,369,6.1,96%,33,44
All Home Types,6,2026,Toronto C08,170,"$115,323,887 ","$678,376 ","$600,000 ",500,31.80%,899,6.2,98%,36,43
All Home Types,6,2026,Toronto C09,26,"$49,520,500 ","$1,904,635 ","$1,600,000 ",45,36.70%,106,5.2,95%,45,62
All Home Types,6,2026,Toronto C10,78,"$82,259,488 ","$1,054,609 ","$715,000 ",162,40.20%,234,3.9,99%,27,32
All Home Types,6,2026,Toronto C11,33,"$48,371,525 ","$1,465,804 ","$711,000 ",65,39.70%,113,4.3,98%,31,39
All Home Types,6,2026,Toronto C12,21,"$79,079,800 ","$3,765,705 ","$3,120,000 ",88,26.80%,204,9.4,92%,38,49
All Home Types,6,2026,Toronto C13,57,"$72,039,093 ","$1,263,844 ","$905,000 ",169,36.10%,272,5,98%,28,43
All Home Types,6,2026,Toronto C14,90,"$94,466,888 ","$1,049,632 ","$679,000 ",243,31.90%,449,6.1,96%,36,44
All Home Types,6,2026,Toronto C15,117,"$106,727,063 ","$912,197 ","$710,000 ",284,36.30%,481,5,97%,33,41
All Home Types,6,2026,Toronto East,592,"$582,899,146 ","$984,627 ","$876,000 ","1,444",40.80%,"2,037",3.7,102%,23,31
All Home Types,6,2026,Toronto E01,70,"$91,835,000 ","$1,311,929 ","$1,298,500 ",153,47.80%,163,2.4,110%,13,19
All Home Types,6,2026,Toronto E02,61,"$88,205,500 ","$1,445,992 ","$1,259,000 ",116,48.70%,126,2.3,105%,15,18
All Home Types,6,2026,Toronto E03,77,"$94,941,812 ","$1,233,011 ","$1,130,000 ",201,44.40%,197,2.7,104%,14,23
All Home Types,6,2026,Toronto E04,65,"$49,535,072 ","$762,078 ","$785,000 ",157,39.90%,225,3.8,100%,27,31
All Home Types,6,2026,Toronto E05,57,"$48,934,700 ","$858,504 ","$813,000 ",132,40.90%,194,4,100%,25,39
All Home Types,6,2026,Toronto E06,32,"$36,113,800 ","$1,128,556 ","$955,000 ",86,38.00%,124,3.8,100%,15,24
All Home Types,6,2026,Toronto E07,45,"$30,245,188 ","$672,115 ","$535,000 ",91,42.40%,164,4,98%,33,35
All Home Types,6,2026,Toronto E08,39,"$30,544,400 ","$783,190 ","$820,000 ",118,34.30%,200,5.1,97%,33,46
All Home Types,6,2026,Toronto E09,55,"$37,036,885 ","$673,398 ","$720,000 ",169,36.00%,281,4.6,99%,34,41
All Home Types,6,2026,Toronto E10,49,"$46,107,639 ","$940,972 ","$899,999 ",118,40.40%,174,4,99%,27,35
All Home Types,6,2026,Toronto E11,42,"$29,399,150 ","$699,980 ","$695,000 ",103,35.60%,189,4.9,98%,29,43
